-- phpMyAdmin SQL Dump
-- version 5.2.3
-- https://www.phpmyadmin.net/
--
-- Host: localhost:8889
-- Generation Time: Mar 27, 2026 at 08:46 AM
-- Server version: 8.0.44
-- PHP Version: 8.3.30

SET SQL_MODE = "NO_AUTO_VALUE_ON_ZERO";
START TRANSACTION;
SET time_zone = "+00:00";


/*!40101 SET @OLD_CHARACTER_SET_CLIENT=@@CHARACTER_SET_CLIENT */;
/*!40101 SET @OLD_CHARACTER_SET_RESULTS=@@CHARACTER_SET_RESULTS */;
/*!40101 SET @OLD_COLLATION_CONNECTION=@@COLLATION_CONNECTION */;
/*!40101 SET NAMES utf8mb4 */;

--
-- Database: `tuqio_hub`
--

-- --------------------------------------------------------

--
-- Table structure for table `activity_log`
--

CREATE TABLE `activity_log` (
  `id` bigint UNSIGNED NOT NULL,
  `log_name` varchar(255) COLLATE utf8mb4_unicode_ci DEFAULT NULL,
  `description` text COLLATE utf8mb4_unicode_ci NOT NULL,
  `subject_type` varchar(255) COLLATE utf8mb4_unicode_ci DEFAULT NULL,
  `event` varchar(255) COLLATE utf8mb4_unicode_ci DEFAULT NULL,
  `subject_id` bigint UNSIGNED DEFAULT NULL,
  `causer_type` varchar(255) COLLATE utf8mb4_unicode_ci DEFAULT NULL,
  `causer_id` bigint UNSIGNED DEFAULT NULL,
  `properties` json DEFAULT NULL,
  `batch_uuid` char(36) COLLATE utf8mb4_unicode_ci DEFAULT NULL,
  `created_at` timestamp NULL DEFAULT NULL,
  `updated_at` timestamp NULL DEFAULT NULL
) ENGINE=InnoDB DEFAULT CHARSET=utf8mb4 COLLATE=utf8mb4_unicode_ci;

--
-- Dumping data for table `activity_log`
--

INSERT INTO `activity_log` (`id`, `log_name`, `description`, `subject_type`, `event`, `subject_id`, `causer_type`, `causer_id`, `properties`, `batch_uuid`, `created_at`, `updated_at`) VALUES
(1, 'default', 'Nominee category created', 'App\\Models\\Event\\NomineeCategory', NULL, 10, 'App\\Models\\User', 1, '[]', NULL, '2026-02-12 11:16:51', '2026-02-12 11:16:51'),
(2, 'default', 'Nominee category updated', 'App\\Models\\Event\\NomineeCategory', NULL, 10, 'App\\Models\\User', 1, '{\"changes\": []}', NULL, '2026-02-12 12:27:26', '2026-02-12 12:27:26'),
(3, 'default', 'Created event: Tuqio Hub Launch', 'App\\Models\\Event\\Event', NULL, 22, 'App\\Models\\User', 1, '[]', NULL, '2026-02-12 16:07:11', '2026-02-12 16:07:11'),
(4, 'default', 'Created event: Early tech summit', 'App\\Models\\Event\\Event', NULL, 23, 'App\\Models\\User', 1, '[]', NULL, '2026-02-12 16:17:11', '2026-02-12 16:17:11'),
(5, 'default', 'Nominee category created', 'App\\Models\\Event\\NomineeCategory', NULL, 11, 'App\\Models\\User', 1, '[]', NULL, '2026-02-25 08:14:35', '2026-02-25 08:14:35'),
(6, 'default', 'Nominee category created', 'App\\Models\\Event\\NomineeCategory', NULL, 12, 'App\\Models\\User', 1, '[]', NULL, '2026-02-25 08:49:27', '2026-02-25 08:49:27'),
(7, 'default', 'Ticket type created', 'App\\Models\\Ticketing\\TicketType', NULL, 72, 'App\\Models\\User', 1, '[]', NULL, '2026-02-26 09:30:01', '2026-02-26 09:30:01'),
(8, 'default', 'Ticket type created', 'App\\Models\\Ticketing\\TicketType', NULL, 73, 'App\\Models\\User', 1, '[]', NULL, '2026-02-26 09:30:01', '2026-02-26 09:30:01'),
(9, 'default', 'Ticket type created', 'App\\Models\\Ticketing\\TicketType', NULL, 74, 'App\\Models\\User', 1, '[]', NULL, '2026-02-26 09:30:01', '2026-02-26 09:30:01'),
(10, 'default', 'Speaker added to event', 'App\\Models\\Event\\EventSpeaker', NULL, 1, 'App\\Models\\User', 1, '[]', NULL, '2026-02-26 13:25:55', '2026-02-26 13:25:55'),
(11, 'default', 'Sponsor added', 'App\\Models\\Event\\EventSponsor', NULL, 1, 'App\\Models\\User', 1, '[]', NULL, '2026-02-26 13:47:21', '2026-02-26 13:47:21'),
(12, 'default', 'Published event: ', 'App\\Models\\Event\\Event', NULL, 23, 'App\\Models\\User', 1, '[]', NULL, '2026-02-26 13:47:46', '2026-02-26 13:47:46'),
(13, 'default', 'Event category created', 'App\\Models\\Event\\EventCategory', NULL, 6, 'App\\Models\\User', 1, '[]', NULL, '2026-02-26 13:57:57', '2026-02-26 13:57:57'),
(14, 'default', 'Event category updated', 'App\\Models\\Event\\EventCategory', NULL, 6, 'App\\Models\\User', 1, '[]', NULL, '2026-02-26 13:58:07', '2026-02-26 13:58:07'),
(15, 'default', 'Ticket type activated', 'App\\Models\\Ticketing\\TicketType', NULL, 6, 'App\\Models\\User', 1, '[]', NULL, '2026-02-27 06:20:05', '2026-02-27 06:20:05'),
(16, 'default', 'Ticket type activated', 'App\\Models\\Ticketing\\TicketType', NULL, 7, 'App\\Models\\User', 1, '[]', NULL, '2026-02-27 06:20:09', '2026-02-27 06:20:09'),
(17, 'default', 'Ticket type deactivated', 'App\\Models\\Ticketing\\TicketType', NULL, 6, 'App\\Models\\User', 1, '[]', NULL, '2026-02-27 06:20:13', '2026-02-27 06:20:13'),
(18, 'default', 'Ticket type deactivated', 'App\\Models\\Ticketing\\TicketType', NULL, 7, 'App\\Models\\User', 1, '[]', NULL, '2026-02-27 06:20:15', '2026-02-27 06:20:15'),
(19, 'default', 'Created event: Tech Awards Kenya 2026', 'App\\Models\\Event\\Event', NULL, 24, 'App\\Models\\User', 1, '[]', NULL, '2026-02-27 07:56:45', '2026-02-27 07:56:45'),
(20, 'default', 'Bulk approved 2 nominees', 'App\\Models\\Event\\NomineeCategory', NULL, 20, 'App\\Models\\User', 1, '{\"count\": 2}', NULL, '2026-02-27 09:18:30', '2026-02-27 09:18:30'),
(21, 'default', 'Bulk approved 2 nominees', 'App\\Models\\Event\\NomineeCategory', NULL, 20, 'App\\Models\\User', 1, '{\"count\": 2}', NULL, '2026-02-27 09:18:45', '2026-02-27 09:18:45'),
(22, 'default', 'Closed nominations for category: Best Startup', 'App\\Models\\Event\\NomineeCategory', NULL, 19, 'App\\Models\\User', 1, '[]', NULL, '2026-02-27 09:24:13', '2026-02-27 09:24:13'),
(23, 'default', 'Promoted 4 nominees to voting', 'App\\Models\\Event\\NomineeCategory', NULL, 19, 'App\\Models\\User', 1, '[]', NULL, '2026-02-27 09:24:17', '2026-02-27 09:24:17'),
(24, 'default', 'Promoted 4 nominees to voting category: Best Startup', 'App\\Models\\Event\\NomineeCategory', NULL, 19, 'App\\Models\\User', 1, '[]', NULL, '2026-02-27 09:24:17', '2026-02-27 09:24:17'),
(25, 'default', 'Closed nominations for category: Best Developer', 'App\\Models\\Event\\NomineeCategory', NULL, 20, 'App\\Models\\User', 1, '[]', NULL, '2026-02-27 09:35:23', '2026-02-27 09:35:23'),
(26, 'default', 'Promoted 4 nominees to voting', 'App\\Models\\Event\\NomineeCategory', NULL, 20, 'App\\Models\\User', 1, '[]', NULL, '2026-02-27 09:35:26', '2026-02-27 09:35:26'),
(27, 'default', 'Promoted 4 nominees to voting category: Best Developer', 'App\\Models\\Event\\NomineeCategory', NULL, 20, 'App\\Models\\User', 1, '[]', NULL, '2026-02-27 09:35:26', '2026-02-27 09:35:26'),
(28, 'default', 'Closed nominations for category: Best Tech Product', 'App\\Models\\Event\\NomineeCategory', NULL, 21, 'App\\Models\\User', 1, '[]', NULL, '2026-02-27 09:35:33', '2026-02-27 09:35:33'),
(29, 'default', 'Promoted 4 nominees to voting', 'App\\Models\\Event\\NomineeCategory', NULL, 21, 'App\\Models\\User', 1, '[]', NULL, '2026-02-27 09:35:38', '2026-02-27 09:35:38'),
(30, 'default', 'Promoted 4 nominees to voting category: Best Tech Product', 'App\\Models\\Event\\NomineeCategory', NULL, 21, 'App\\Models\\User', 1, '[]', NULL, '2026-02-27 09:35:38', '2026-02-27 09:35:38'),
(31, 'default', 'Voting results calculated', 'App\\Models\\Voting\\VotingCategory', NULL, 62, 'App\\Models\\User', 1, '[]', NULL, '2026-02-27 09:50:07', '2026-02-27 09:50:07'),
(32, 'default', 'Voting results calculated', 'App\\Models\\Voting\\VotingCategory', NULL, 62, 'App\\Models\\User', 1, '[]', NULL, '2026-02-27 09:53:35', '2026-02-27 09:53:35'),
(33, 'default', 'Voting results calculated', 'App\\Models\\Voting\\VotingCategory', NULL, 62, 'App\\Models\\User', 1, '[]', NULL, '2026-02-27 10:00:49', '2026-02-27 10:00:49'),
(34, 'default', 'Ticket type deactivated', 'App\\Models\\Ticketing\\TicketType', NULL, 87, 'App\\Models\\User', 1, '[]', NULL, '2026-02-27 10:06:52', '2026-02-27 10:06:52'),
(35, 'default', 'Ticket type activated', 'App\\Models\\Ticketing\\TicketType', NULL, 87, 'App\\Models\\User', 1, '[]', NULL, '2026-02-27 10:06:54', '2026-02-27 10:06:54'),
(36, 'default', 'Ticket type deactivated', 'App\\Models\\Ticketing\\TicketType', NULL, 87, 'App\\Models\\User', 1, '[]', NULL, '2026-02-27 10:06:55', '2026-02-27 10:06:55'),
(37, 'default', 'Ticket type deactivated', 'App\\Models\\Ticketing\\TicketType', NULL, 88, 'App\\Models\\User', 1, '[]', NULL, '2026-02-27 10:06:56', '2026-02-27 10:06:56'),
(38, 'default', 'Ticket type deactivated', 'App\\Models\\Ticketing\\TicketType', NULL, 89, 'App\\Models\\User', 1, '[]', NULL, '2026-02-27 10:06:57', '2026-02-27 10:06:57'),
(39, 'default', 'Ticket checked in', 'App\\Models\\Ticketing\\Ticket', NULL, 18770, 'App\\Models\\User', 1, '{\"check_in_id\": 1}', NULL, '2026-02-27 10:18:04', '2026-02-27 10:18:04'),
(40, 'default', 'Ticket checked in', 'App\\Models\\Ticketing\\Ticket', NULL, 18800, 'App\\Models\\User', 1, '{\"check_in_id\": 2}', NULL, '2026-02-27 10:19:31', '2026-02-27 10:19:31'),
(41, 'default', 'Ticket type activated', 'App\\Models\\Ticketing\\TicketType', NULL, 87, 'App\\Models\\User', 1, '[]', NULL, '2026-02-27 14:09:11', '2026-02-27 14:09:11'),
(42, 'default', 'Ticket type deactivated', 'App\\Models\\Ticketing\\TicketType', NULL, 87, 'App\\Models\\User', 1, '[]', NULL, '2026-02-27 14:09:15', '2026-02-27 14:09:15'),
(43, 'default', 'Speaker added to event', 'App\\Models\\Event\\EventSpeaker', NULL, 2, 'App\\Models\\User', 1, '[]', NULL, '2026-03-02 04:42:20', '2026-03-02 04:42:20'),
(44, 'default', 'Sponsor added', 'App\\Models\\Event\\EventSponsor', NULL, 2, 'App\\Models\\User', 1, '[]', NULL, '2026-03-02 04:45:56', '2026-03-02 04:45:56'),
(45, 'default', 'Speaker removed', 'App\\Models\\Event\\EventSpeaker', NULL, 2, 'App\\Models\\User', 1, '[]', NULL, '2026-03-02 04:53:43', '2026-03-02 04:53:43'),
(46, 'default', 'Venue created: KICC Nairobi', 'App\\Models\\Event\\EventVenue', NULL, 1, 'App\\Models\\User', 1, '[]', NULL, '2026-03-02 05:28:48', '2026-03-02 05:28:48'),
(47, 'default', 'End-to-end seeder: Tech Awards Kenya 2026 fully seeded', 'App\\Models\\Event\\Event', NULL, 33, 'App\\Models\\User', 1, '[]', NULL, '2026-03-02 05:28:49', '2026-03-02 05:28:49'),
(48, 'default', 'End-to-end seeder: DevFest Nairobi 2026 fully seeded', 'App\\Models\\Event\\Event', NULL, 34, 'App\\Models\\User', 1, '[]', NULL, '2026-03-02 05:28:50', '2026-03-02 05:28:50'),
(49, 'default', 'Venue created: KICC Nairobi', 'App\\Models\\Event\\EventVenue', NULL, 2, 'App\\Models\\User', 1, '[]', NULL, '2026-03-02 05:29:04', '2026-03-02 05:29:04'),
(50, 'default', 'End-to-end seeder: Tech Awards Kenya 2026 fully seeded', 'App\\Models\\Event\\Event', NULL, 36, 'App\\Models\\User', 1, '[]', NULL, '2026-03-02 05:29:05', '2026-03-02 05:29:05'),
(51, 'default', 'End-to-end seeder: DevFest Nairobi 2026 fully seeded', 'App\\Models\\Event\\Event', NULL, 37, 'App\\Models\\User', 1, '[]', NULL, '2026-03-02 05:29:06', '2026-03-02 05:29:06'),
(52, 'default', 'End-to-end seeder: Community Meetup March 2026 fully seeded', 'App\\Models\\Event\\Event', NULL, 38, 'App\\Models\\User', 1, '[]', NULL, '2026-03-02 05:29:06', '2026-03-02 05:29:06'),
(53, 'default', 'Venue created: KICC Nairobi', 'App\\Models\\Event\\EventVenue', NULL, 3, 'App\\Models\\User', 1, '[]', NULL, '2026-03-02 05:30:13', '2026-03-02 05:30:13'),
(54, 'default', 'End-to-end seeder: Tech Awards Kenya 2026 fully seeded', 'App\\Models\\Event\\Event', NULL, 39, 'App\\Models\\User', 1, '[]', NULL, '2026-03-02 05:30:14', '2026-03-02 05:30:14'),
(55, 'default', 'End-to-end seeder: DevFest Nairobi 2026 fully seeded', 'App\\Models\\Event\\Event', NULL, 40, 'App\\Models\\User', 1, '[]', NULL, '2026-03-02 05:30:14', '2026-03-02 05:30:14'),
(56, 'default', 'End-to-end seeder: Community Meetup March 2026 fully seeded', 'App\\Models\\Event\\Event', NULL, 41, 'App\\Models\\User', 1, '[]', NULL, '2026-03-02 05:30:14', '2026-03-02 05:30:14'),
(57, 'default', 'Venue created: KICC Nairobi', 'App\\Models\\Event\\EventVenue', NULL, 4, 'App\\Models\\User', 1, '[]', NULL, '2026-03-02 07:15:54', '2026-03-02 07:15:54'),
(58, 'default', 'End-to-end seeder: Tech Awards Kenya 2026 fully seeded', 'App\\Models\\Event\\Event', NULL, 42, 'App\\Models\\User', 1, '[]', NULL, '2026-03-02 07:15:55', '2026-03-02 07:15:55'),
(59, 'default', 'End-to-end seeder: DevFest Nairobi 2026 fully seeded', 'App\\Models\\Event\\Event', NULL, 43, 'App\\Models\\User', 1, '[]', NULL, '2026-03-02 07:15:55', '2026-03-02 07:15:55'),
(60, 'default', 'End-to-end seeder: Community Meetup March 2026 fully seeded', 'App\\Models\\Event\\Event', NULL, 44, 'App\\Models\\User', 1, '[]', NULL, '2026-03-02 07:15:55', '2026-03-02 07:15:55'),
(61, 'default', 'Event FAQ added', 'App\\Models\\EventFaq', NULL, 41, 'App\\Models\\User', 1, '[]', NULL, '2026-03-02 07:52:28', '2026-03-02 07:52:28'),
(62, 'default', 'Event FAQ added', 'App\\Models\\EventFaq', NULL, 42, 'App\\Models\\User', 1, '[]', NULL, '2026-03-02 07:52:28', '2026-03-02 07:52:28'),
(63, 'default', 'Event FAQ added', 'App\\Models\\EventFaq', NULL, 43, 'App\\Models\\User', 1, '[]', NULL, '2026-03-02 07:52:28', '2026-03-02 07:52:28'),
(64, 'default', 'Event FAQ added', 'App\\Models\\EventFaq', NULL, 44, 'App\\Models\\User', 1, '[]', NULL, '2026-03-02 07:52:28', '2026-03-02 07:52:28'),
(65, 'default', 'Event FAQ added', 'App\\Models\\EventFaq', NULL, 45, 'App\\Models\\User', 1, '[]', NULL, '2026-03-02 07:52:28', '2026-03-02 07:52:28'),
(66, 'default', 'Venue created: KICC Nairobi', 'App\\Models\\Event\\EventVenue', NULL, 5, 'App\\Models\\User', 1, '[]', NULL, '2026-03-02 07:52:59', '2026-03-02 07:52:59'),
(67, 'default', 'End-to-end seeder: Tech Awards Kenya 2026 fully seeded', 'App\\Models\\Event\\Event', NULL, 45, 'App\\Models\\User', 1, '[]', NULL, '2026-03-02 07:52:59', '2026-03-02 07:52:59'),
(68, 'default', 'End-to-end seeder: DevFest Nairobi 2026 fully seeded', 'App\\Models\\Event\\Event', NULL, 46, 'App\\Models\\User', 1, '[]', NULL, '2026-03-02 07:53:00', '2026-03-02 07:53:00'),
(69, 'default', 'End-to-end seeder: Community Meetup March 2026 fully seeded', 'App\\Models\\Event\\Event', NULL, 47, 'App\\Models\\User', 1, '[]', NULL, '2026-03-02 07:53:00', '2026-03-02 07:53:00'),
(70, 'default', 'Venue created: KICC Nairobi', 'App\\Models\\Event\\EventVenue', NULL, 6, 'App\\Models\\User', 1, '[]', NULL, '2026-03-02 07:54:52', '2026-03-02 07:54:52'),
(71, 'default', 'End-to-end seeder: Tech Awards Kenya 2026 fully seeded', 'App\\Models\\Event\\Event', NULL, 48, 'App\\Models\\User', 1, '[]', NULL, '2026-03-02 07:54:53', '2026-03-02 07:54:53'),
(72, 'default', 'End-to-end seeder: DevFest Nairobi 2026 fully seeded', 'App\\Models\\Event\\Event', NULL, 49, 'App\\Models\\User', 1, '[]', NULL, '2026-03-02 07:54:53', '2026-03-02 07:54:53'),
(73, 'default', 'End-to-end seeder: Community Meetup March 2026 fully seeded', 'App\\Models\\Event\\Event', NULL, 50, 'App\\Models\\User', 1, '[]', NULL, '2026-03-02 07:54:53', '2026-03-02 07:54:53'),
(74, 'default', 'Poll created', 'App\\Models\\Poll\\Poll', NULL, 17, 'App\\Models\\User', 1, '[]', NULL, '2026-03-02 09:57:07', '2026-03-02 09:57:07'),
(75, 'default', 'Poll updated', 'App\\Models\\Poll\\Poll', NULL, 17, 'App\\Models\\User', 1, '{\"changes\": {\"updated_at\": \"2026-03-02 12:57:21\", \"allow_multiple_votes\": false}}', NULL, '2026-03-02 09:57:21', '2026-03-02 09:57:21'),
(76, 'default', 'Poll updated', 'App\\Models\\Poll\\Poll', NULL, 17, 'App\\Models\\User', 1, '{\"changes\": {\"status\": \"draft\", \"updated_at\": \"2026-03-02 13:18:20\"}}', NULL, '2026-03-02 10:18:20', '2026-03-02 10:18:20'),
(77, 'default', 'Poll created', 'App\\Models\\Poll\\Poll', NULL, 18, 'App\\Models\\User', 1, '[]', NULL, '2026-03-02 10:32:34', '2026-03-02 10:32:34'),
(78, 'default', 'Poll updated', 'App\\Models\\Poll\\Poll', NULL, 18, 'App\\Models\\User', 1, '{\"changes\": {\"status\": \"draft\", \"updated_at\": \"2026-03-02 13:32:53\"}}', NULL, '2026-03-02 10:32:53', '2026-03-02 10:32:53'),
(79, 'default', 'Poll published', 'App\\Models\\Poll\\Poll', NULL, 18, 'App\\Models\\User', 1, '[]', NULL, '2026-03-02 10:43:28', '2026-03-02 10:43:28'),
(80, 'default', 'Poll #17 deleted', NULL, NULL, NULL, 'App\\Models\\User', 1, '[]', NULL, '2026-03-02 10:44:31', '2026-03-02 10:44:31'),
(81, 'default', 'Poll created', 'App\\Models\\Poll\\Poll', NULL, 19, 'App\\Models\\User', 1, '[]', NULL, '2026-03-02 10:45:43', '2026-03-02 10:45:43'),
(82, 'default', 'Poll updated', 'App\\Models\\Poll\\Poll', NULL, 19, 'App\\Models\\User', 1, '{\"changes\": {\"status\": \"draft\", \"updated_at\": \"2026-03-02 13:50:40\"}}', NULL, '2026-03-02 10:50:40', '2026-03-02 10:50:40'),
(83, 'default', 'Payout approved', 'App\\Models\\Financial\\Payout', NULL, 1, 'App\\Models\\User', 1, '[]', NULL, '2026-03-03 05:58:27', '2026-03-03 05:58:27'),
(84, 'default', 'Payout processing started', 'App\\Models\\Financial\\Payout', NULL, 1, 'App\\Models\\User', 1, '[]', NULL, '2026-03-03 05:58:43', '2026-03-03 05:58:43'),
(85, 'default', 'Payout completed', 'App\\Models\\Financial\\Payout', NULL, 1, 'App\\Models\\User', 1, '[]', NULL, '2026-03-03 05:58:45', '2026-03-03 05:58:45'),
(86, 'default', 'Payout processing started', 'App\\Models\\Financial\\Payout', NULL, 2, 'App\\Models\\User', 1, '[]', NULL, '2026-03-03 05:58:58', '2026-03-03 05:58:58'),
(87, 'default', 'Payout completed', 'App\\Models\\Financial\\Payout', NULL, 2, 'App\\Models\\User', 1, '[]', NULL, '2026-03-03 05:58:59', '2026-03-03 05:58:59'),
(88, 'default', 'Invoice updated', 'App\\Models\\Financial\\Invoice', NULL, 4, 'App\\Models\\User', 1, '[]', NULL, '2026-03-03 05:59:48', '2026-03-03 05:59:48'),
(89, 'default', 'Invoice updated', 'App\\Models\\Financial\\Invoice', NULL, 4, 'App\\Models\\User', 1, '[]', NULL, '2026-03-03 06:00:02', '2026-03-03 06:00:02'),
(90, 'default', 'Invoice marked as paid', 'App\\Models\\Financial\\Invoice', NULL, 5, 'App\\Models\\User', 1, '[]', NULL, '2026-03-03 06:02:36', '2026-03-03 06:02:36'),
(91, 'default', 'Refund completed', 'App\\Models\\Financial\\Refund', NULL, 3, 'App\\Models\\User', 1, '[]', NULL, '2026-03-03 06:30:59', '2026-03-03 06:30:59'),
(92, 'default', 'Invoice PDF generated', 'App\\Models\\Financial\\Invoice', NULL, 4, 'App\\Models\\User', 1, '[]', NULL, '2026-03-03 06:33:22', '2026-03-03 06:33:22'),
(93, 'default', 'Invoice updated', 'App\\Models\\Financial\\Invoice', NULL, 4, 'App\\Models\\User', 1, '[]', NULL, '2026-03-03 06:35:54', '2026-03-03 06:35:54'),
(94, 'default', 'Invoice PDF generated', 'App\\Models\\Financial\\Invoice', NULL, 4, 'App\\Models\\User', 1, '[]', NULL, '2026-03-03 15:09:51', '2026-03-03 15:09:51'),
(95, 'default', 'Invoice updated', 'App\\Models\\Financial\\Invoice', NULL, 4, 'App\\Models\\User', 1, '[]', NULL, '2026-03-03 15:11:29', '2026-03-03 15:11:29'),
(96, 'default', 'Invoice updated', 'App\\Models\\Financial\\Invoice', NULL, 4, 'App\\Models\\User', 1, '[]', NULL, '2026-03-03 15:12:50', '2026-03-03 15:12:50'),
(97, 'default', 'Invoice PDF generated', 'App\\Models\\Financial\\Invoice', NULL, 5, 'App\\Models\\User', 1, '[]', NULL, '2026-03-03 15:13:47', '2026-03-03 15:13:47'),
(98, 'default', 'Invoice PDF generated', 'App\\Models\\Financial\\Invoice', NULL, 4, 'App\\Models\\User', 1, '[]', NULL, '2026-03-03 15:19:45', '2026-03-03 15:19:45'),
(99, 'default', 'Invoice PDF generated', 'App\\Models\\Financial\\Invoice', NULL, 4, 'App\\Models\\User', 1, '[]', NULL, '2026-03-03 15:41:33', '2026-03-03 15:41:33'),
(100, 'default', 'Invoice PDF generated', 'App\\Models\\Financial\\Invoice', NULL, 4, 'App\\Models\\User', 1, '[]', NULL, '2026-03-03 15:59:49', '2026-03-03 15:59:49'),
(101, 'default', 'Invoice PDF generated', 'App\\Models\\Financial\\Invoice', NULL, 4, 'App\\Models\\User', 1, '[]', NULL, '2026-03-03 16:05:30', '2026-03-03 16:05:30'),
(102, 'default', 'Invoice PDF generated', 'App\\Models\\Financial\\Invoice', NULL, 4, 'App\\Models\\User', 1, '[]', NULL, '2026-03-03 16:19:41', '2026-03-03 16:19:41'),
(103, 'default', 'Invoice PDF generated', 'App\\Models\\Financial\\Invoice', NULL, 4, 'App\\Models\\User', 1, '[]', NULL, '2026-03-03 16:26:31', '2026-03-03 16:26:31'),
(104, 'default', 'Invoice PDF generated', 'App\\Models\\Financial\\Invoice', NULL, 4, 'App\\Models\\User', 1, '[]', NULL, '2026-03-03 16:26:45', '2026-03-03 16:26:45'),
(105, 'default', 'Payment account deactivated', 'App\\Models\\Financial\\PaymentAccount', NULL, 9, 'App\\Models\\User', 1, '[]', NULL, '2026-03-03 16:33:07', '2026-03-03 16:33:07'),
(106, 'default', 'Payment account set as primary', 'App\\Models\\Financial\\PaymentAccount', NULL, 9, 'App\\Models\\User', 1, '[]', NULL, '2026-03-03 16:33:10', '2026-03-03 16:33:10'),
(107, 'default', 'Invoice PDF generated', 'App\\Models\\Financial\\Invoice', NULL, 4, 'App\\Models\\User', 1, '[]', NULL, '2026-03-03 16:33:55', '2026-03-03 16:33:55'),
(108, 'default', 'Invoice PDF generated', 'App\\Models\\Financial\\Invoice', NULL, 4, 'App\\Models\\User', 1, '[]', NULL, '2026-03-03 16:39:55', '2026-03-03 16:39:55'),
(109, 'default', 'Invoice PDF generated', 'App\\Models\\Financial\\Invoice', NULL, 4, 'App\\Models\\User', 1, '[]', NULL, '2026-03-03 16:42:58', '2026-03-03 16:42:58'),
(110, 'default', 'Comment approved', 'App\\Models\\CMS\\Comment', NULL, 2, 'App\\Models\\User', 1, '[]', NULL, '2026-03-03 17:53:53', '2026-03-03 17:53:53'),
(111, 'default', 'Comment rejected', 'App\\Models\\CMS\\Comment', NULL, 2, 'App\\Models\\User', 1, '[]', NULL, '2026-03-03 17:53:55', '2026-03-03 17:53:55'),
(112, 'default', 'Comment approved', 'App\\Models\\CMS\\Comment', NULL, 2, 'App\\Models\\User', 1, '[]', NULL, '2026-03-03 17:53:57', '2026-03-03 17:53:57'),
(113, 'default', 'Comment marked as spam', 'App\\Models\\CMS\\Comment', NULL, 1, 'App\\Models\\User', 1, '[]', NULL, '2026-03-03 17:53:59', '2026-03-03 17:53:59'),
(114, 'default', 'Post updated', 'App\\Models\\CMS\\Post', NULL, 3, 'App\\Models\\User', 1, '{\"changes\": {\"reading_time\": 1}}', NULL, '2026-03-03 17:58:17', '2026-03-03 17:58:17'),
(115, 'default', 'Media deleted', 'App\\Models\\CMS\\Media', NULL, 8, 'App\\Models\\User', 1, '[]', NULL, '2026-03-03 18:05:45', '2026-03-03 18:05:45'),
(116, 'default', 'Media deleted', 'App\\Models\\CMS\\Media', NULL, 10, 'App\\Models\\User', 1, '[]', NULL, '2026-03-03 18:10:35', '2026-03-03 18:10:35'),
(117, 'default', 'Post updated', 'App\\Models\\CMS\\Post', NULL, 4, 'App\\Models\\User', 1, '{\"changes\": {\"reading_time\": 1}}', NULL, '2026-03-03 18:11:10', '2026-03-03 18:11:10'),
(118, 'default', 'Comment rejected', 'App\\Models\\CMS\\Comment', NULL, 2, 'App\\Models\\User', 1, '[]', NULL, '2026-03-03 18:43:57', '2026-03-03 18:43:57'),
(119, 'default', 'Comment approved', 'App\\Models\\CMS\\Comment', NULL, 2, 'App\\Models\\User', 1, '[]', NULL, '2026-03-03 18:44:12', '2026-03-03 18:44:12'),
(120, 'default', 'Comment rejected', 'App\\Models\\CMS\\Comment', NULL, 1, 'App\\Models\\User', 1, '[]', NULL, '2026-03-03 18:45:39', '2026-03-03 18:45:39'),
(121, 'default', 'Comment approved', 'App\\Models\\CMS\\Comment', NULL, 5, 'App\\Models\\User', 1, '[]', NULL, '2026-03-03 18:46:37', '2026-03-03 18:46:37'),
(122, 'default', 'Comment approved', 'App\\Models\\CMS\\Comment', NULL, 1, 'App\\Models\\User', 1, '[]', NULL, '2026-03-04 04:41:31', '2026-03-04 04:41:31'),
(123, 'default', 'Revenue report regenerated', 'App\\Models\\Financial\\RevenueReport', NULL, 2, 'App\\Models\\User', 1, '[]', NULL, '2026-03-04 09:22:13', '2026-03-04 09:22:13'),
(124, 'default', 'Revenue report exported', 'App\\Models\\Financial\\RevenueReport', NULL, 2, 'App\\Models\\User', 1, '[]', NULL, '2026-03-04 09:22:15', '2026-03-04 09:22:15'),
(125, 'default', 'Created user: Joshua Ngumbau John', 'App\\Models\\User', NULL, 7, 'App\\Models\\User', 1, '[]', NULL, '2026-03-04 10:44:18', '2026-03-04 10:44:18'),
(126, 'default', 'Created user: Ngumbau John', 'App\\Models\\User', NULL, 8, 'App\\Models\\User', 1, '[]', NULL, '2026-03-04 10:56:06', '2026-03-04 10:56:06'),
(127, 'default', 'Tested payment gateway connection: paystack - success', 'App\\Models\\PaymentGatewaySetting', NULL, 1, 'App\\Models\\User', 1, '[]', NULL, '2026-03-05 03:12:55', '2026-03-05 03:12:55'),
(128, 'default', 'Tested payment gateway connection: paystack - success', 'App\\Models\\PaymentGatewaySetting', NULL, 1, 'App\\Models\\User', 1, '[]', NULL, '2026-03-05 03:13:20', '2026-03-05 03:13:20'),
(129, 'default', 'Switched to paystack production environment', 'App\\Models\\PaymentGatewaySetting', NULL, 2, 'App\\Models\\User', 1, '[]', NULL, '2026-03-05 03:19:10', '2026-03-05 03:19:10'),
(130, 'default', 'Tested payment gateway connection: paystack - success', 'App\\Models\\PaymentGatewaySetting', NULL, 2, 'App\\Models\\User', 1, '[]', NULL, '2026-03-05 03:19:13', '2026-03-05 03:19:13'),
(131, 'default', 'Switched to paystack sandbox environment', 'App\\Models\\PaymentGatewaySetting', NULL, 1, 'App\\Models\\User', 1, '[]', NULL, '2026-03-05 03:19:17', '2026-03-05 03:19:17'),
(132, 'default', 'Post updated', 'App\\Models\\CMS\\Post', NULL, 5, 'App\\Models\\User', 1, '{\"changes\": {\"reading_time\": 1}}', NULL, '2026-03-09 15:43:52', '2026-03-09 15:43:52'),
(133, 'default', 'Post updated', 'App\\Models\\CMS\\Post', NULL, 6, 'App\\Models\\User', 1, '{\"changes\": {\"reading_time\": 1}}', NULL, '2026-03-09 15:44:28', '2026-03-09 15:44:28'),
(134, 'default', 'Post updated', 'App\\Models\\CMS\\Post', NULL, 12, 'App\\Models\\User', 1, '{\"changes\": {\"reading_time\": 1}}', NULL, '2026-03-09 15:48:06', '2026-03-09 15:48:06'),
(135, 'default', 'Post updated', 'App\\Models\\CMS\\Post', NULL, 13, 'App\\Models\\User', 1, '{\"changes\": {\"reading_time\": 1}}', NULL, '2026-03-09 15:48:38', '2026-03-09 15:48:38'),
(136, 'default', 'Post updated', 'App\\Models\\CMS\\Post', NULL, 15, 'App\\Models\\User', 1, '{\"changes\": {\"reading_time\": 1}}', NULL, '2026-03-09 15:49:12', '2026-03-09 15:49:12'),
(137, 'default', 'Ticket type deactivated', 'App\\Models\\Ticketing\\TicketType', NULL, 134, 'App\\Models\\User', 1, '[]', NULL, '2026-03-09 17:44:32', '2026-03-09 17:44:32'),
(138, 'default', 'Ticket type activated', 'App\\Models\\Ticketing\\TicketType', NULL, 134, 'App\\Models\\User', 1, '[]', NULL, '2026-03-09 17:44:35', '2026-03-09 17:44:35'),
(139, 'default', 'Nominee approved', 'App\\Models\\Event\\Nominee', NULL, 176, 'App\\Models\\User', 1, '[]', NULL, '2026-03-10 05:16:27', '2026-03-10 05:16:27'),
(140, 'default', 'Nominee approved', 'App\\Models\\Event\\Nominee', NULL, 178, 'App\\Models\\User', 1, '[]', NULL, '2026-03-10 05:16:31', '2026-03-10 05:16:31'),
(141, 'default', 'Nominee approved', 'App\\Models\\Event\\Nominee', NULL, 175, 'App\\Models\\User', 1, '[]', NULL, '2026-03-10 05:24:43', '2026-03-10 05:24:43'),
(142, 'default', 'Nominee approved', 'App\\Models\\Event\\Nominee', NULL, 177, 'App\\Models\\User', 1, '[]', NULL, '2026-03-10 05:24:48', '2026-03-10 05:24:48'),
(143, 'default', 'Nominee approved', 'App\\Models\\Event\\Nominee', NULL, 179, 'App\\Models\\User', 1, '[]', NULL, '2026-03-10 05:50:10', '2026-03-10 05:50:10'),
(144, 'default', 'Voting enabled for nominee category', 'App\\Models\\Event\\NomineeCategory', NULL, 55, 'App\\Models\\User', 1, '[]', NULL, '2026-03-10 05:50:24', '2026-03-10 05:50:24'),
(145, 'default', 'Created user: cythia cherono', 'App\\Models\\User', NULL, 12, 'App\\Models\\User', 11, '[]', NULL, '2026-03-13 06:00:31', '2026-03-13 06:00:31'),
(146, 'default', 'Nominee approved', 'App\\Models\\Event\\Nominee', NULL, 212, 'App\\Models\\User', 1, '[]', NULL, '2026-03-14 12:03:39', '2026-03-14 12:03:39'),
(147, 'default', 'Nominee approved', 'App\\Models\\Event\\Nominee', NULL, 209, 'App\\Models\\User', 1, '[]', NULL, '2026-03-14 12:04:01', '2026-03-14 12:04:01'),
(148, 'default', 'Ticket type deactivated', 'App\\Models\\Ticketing\\TicketType', NULL, 134, 'App\\Models\\User', 1, '[]', NULL, '2026-03-15 06:45:25', '2026-03-15 06:45:25'),
(149, 'default', 'Ticket type activated', 'App\\Models\\Ticketing\\TicketType', NULL, 134, 'App\\Models\\User', 1, '[]', NULL, '2026-03-15 06:45:28', '2026-03-15 06:45:28'),
(150, 'default', 'Updated user: cythia cherono', 'App\\Models\\User', NULL, 12, 'App\\Models\\User', 1, '[]', NULL, '2026-03-15 07:01:30', '2026-03-15 07:01:30'),
(151, 'default', 'Updated user: cythia cherono', 'App\\Models\\User', NULL, 12, 'App\\Models\\User', 1, '[]', NULL, '2026-03-15 07:54:17', '2026-03-15 07:54:17'),
(152, 'default', 'Updated user: cythia cherono', 'App\\Models\\User', NULL, 12, 'App\\Models\\User', 1, '[]', NULL, '2026-03-15 07:58:26', '2026-03-15 07:58:26'),
(153, 'default', 'Client updated', 'App\\Models\\Client', NULL, 4, 'App\\Models\\User', 1, '{\"ip\": \"127.0.0.1\", \"changes\": {\"settings\": \"{\\\"primary_color\\\":\\\"#ed1c24\\\",\\\"secondary_color\\\":\\\"#1e1548\\\"}\", \"updated_at\": \"2026-03-15 11:09:02\", \"voting_commission_rate\": \"18\", \"ticketing_commission_rate\": \"5\"}}', NULL, '2026-03-15 08:09:02', '2026-03-15 08:09:02'),
(154, 'default', 'Updated user: cythia cherono', 'App\\Models\\User', NULL, 12, 'App\\Models\\User', 1, '[]', NULL, '2026-03-15 08:34:02', '2026-03-15 08:34:02'),
(155, 'default', 'Updated user: cythia cherono', 'App\\Models\\User', NULL, 12, 'App\\Models\\User', 1, '[]', NULL, '2026-03-15 08:56:26', '2026-03-15 08:56:26'),
(156, 'default', 'Updated user: cythia cherono', 'App\\Models\\User', NULL, 12, 'App\\Models\\User', 1, '[]', NULL, '2026-03-15 09:52:49', '2026-03-15 09:52:49'),
(157, 'default', 'Updated user: Ngumbau John', 'App\\Models\\User', NULL, 8, 'App\\Models\\User', 1, '[]', NULL, '2026-03-26 09:32:47', '2026-03-26 09:32:47'),
(158, 'default', 'Nominee approved', 'App\\Models\\Event\\Nominee', NULL, 635, 'App\\Models\\User', 8, '[]', NULL, '2026-03-26 09:33:26', '2026-03-26 09:33:26'),
(159, 'default', 'Nominee approved', 'App\\Models\\Event\\Nominee', NULL, 638, 'App\\Models\\User', 8, '[]', NULL, '2026-03-26 09:33:27', '2026-03-26 09:33:27'),
(160, 'default', 'Nominee approved', 'App\\Models\\Event\\Nominee', NULL, 637, 'App\\Models\\User', 8, '[]', NULL, '2026-03-26 09:33:34', '2026-03-26 09:33:34'),
(161, 'default', 'Nominee approved', 'App\\Models\\Event\\Nominee', NULL, 636, 'App\\Models\\User', 8, '[]', NULL, '2026-03-26 09:33:46', '2026-03-26 09:33:46'),
(162, 'default', 'Nominee approved', 'App\\Models\\Event\\Nominee', NULL, 639, 'App\\Models\\User', 8, '[]', NULL, '2026-03-26 09:33:47', '2026-03-26 09:33:47'),
(163, 'default', 'Nominee approved', 'App\\Models\\Event\\Nominee', NULL, 641, 'App\\Models\\User', 8, '[]', NULL, '2026-03-26 09:33:48', '2026-03-26 09:33:48'),
(164, 'default', 'Nominee approved', 'App\\Models\\Event\\Nominee', NULL, 640, 'App\\Models\\User', 8, '[]', NULL, '2026-03-26 09:33:50', '2026-03-26 09:33:50'),
(165, 'default', 'Nominee approved', 'App\\Models\\Event\\Nominee', NULL, 642, 'App\\Models\\User', 8, '[]', NULL, '2026-03-26 09:33:51', '2026-03-26 09:33:51'),
(166, 'default', 'Nominee approved', 'App\\Models\\Event\\Nominee', NULL, 642, 'App\\Models\\User', 8, '[]', NULL, '2026-03-26 09:33:51', '2026-03-26 09:33:51'),
(167, 'default', 'Nominee approved', 'App\\Models\\Event\\Nominee', NULL, 644, 'App\\Models\\User', 8, '[]', NULL, '2026-03-26 09:33:51', '2026-03-26 09:33:51'),
(168, 'default', 'Nominee approved', 'App\\Models\\Event\\Nominee', NULL, 646, 'App\\Models\\User', 8, '[]', NULL, '2026-03-26 09:33:52', '2026-03-26 09:33:52'),
(169, 'default', 'Nominee approved', 'App\\Models\\Event\\Nominee', NULL, 646, 'App\\Models\\User', 8, '[]', NULL, '2026-03-26 09:33:52', '2026-03-26 09:33:52'),
(170, 'default', 'Nominee approved', 'App\\Models\\Event\\Nominee', NULL, 646, 'App\\Models\\User', 8, '[]', NULL, '2026-03-26 09:33:52', '2026-03-26 09:33:52'),
(171, 'default', 'Nominee approved', 'App\\Models\\Event\\Nominee', NULL, 646, 'App\\Models\\User', 8, '[]', NULL, '2026-03-26 09:33:53', '2026-03-26 09:33:53'),
(172, 'default', 'Nominee approved', 'App\\Models\\Event\\Nominee', NULL, 646, 'App\\Models\\User', 8, '[]', NULL, '2026-03-26 09:33:53', '2026-03-26 09:33:53'),
(173, 'default', 'Nominee approved', 'App\\Models\\Event\\Nominee', NULL, 646, 'App\\Models\\User', 8, '[]', NULL, '2026-03-26 09:33:53', '2026-03-26 09:33:53'),
(174, 'default', 'Nominee approved', 'App\\Models\\Event\\Nominee', NULL, 646, 'App\\Models\\User', 8, '[]', NULL, '2026-03-26 09:33:53', '2026-03-26 09:33:53'),
(175, 'default', 'Nominee approved', 'App\\Models\\Event\\Nominee', NULL, 643, 'App\\Models\\User', 8, '[]', NULL, '2026-03-26 09:33:54', '2026-03-26 09:33:54'),
(176, 'default', 'Nominee approved', 'App\\Models\\Event\\Nominee', NULL, 643, 'App\\Models\\User', 8, '[]', NULL, '2026-03-26 09:33:54', '2026-03-26 09:33:54'),
(177, 'default', 'Nominee approved', 'App\\Models\\Event\\Nominee', NULL, 643, 'App\\Models\\User', 8, '[]', NULL, '2026-03-26 09:33:54', '2026-03-26 09:33:54'),
(178, 'default', 'Nominee approved', 'App\\Models\\Event\\Nominee', NULL, 643, 'App\\Models\\User', 8, '[]', NULL, '2026-03-26 09:33:54', '2026-03-26 09:33:54'),
(179, 'default', 'Nominee approved', 'App\\Models\\Event\\Nominee', NULL, 643, 'App\\Models\\User', 8, '[]', NULL, '2026-03-26 09:33:54', '2026-03-26 09:33:54'),
(180, 'default', 'Nominee approved', 'App\\Models\\Event\\Nominee', NULL, 643, 'App\\Models\\User', 8, '[]', NULL, '2026-03-26 09:33:55', '2026-03-26 09:33:55'),
(181, 'default', 'Nominee approved', 'App\\Models\\Event\\Nominee', NULL, 669, 'App\\Models\\User', 8, '[]', NULL, '2026-03-26 09:33:58', '2026-03-26 09:33:58'),
(182, 'default', 'Nominee approved', 'App\\Models\\Event\\Nominee', NULL, 645, 'App\\Models\\User', 8, '[]', NULL, '2026-03-26 09:34:01', '2026-03-26 09:34:01'),
(183, 'default', 'Nominee approved', 'App\\Models\\Event\\Nominee', NULL, 645, 'App\\Models\\User', 8, '[]', NULL, '2026-03-26 09:34:01', '2026-03-26 09:34:01'),
(184, 'default', 'Nominee approved', 'App\\Models\\Event\\Nominee', NULL, 645, 'App\\Models\\User', 8, '[]', NULL, '2026-03-26 09:34:01', '2026-03-26 09:34:01'),
(185, 'default', 'Nominee approved', 'App\\Models\\Event\\Nominee', NULL, 645, 'App\\Models\\User', 8, '[]', NULL, '2026-03-26 09:34:01', '2026-03-26 09:34:01'),
(186, 'default', 'Nominee approved', 'App\\Models\\Event\\Nominee', NULL, 645, 'App\\Models\\User', 8, '[]', NULL, '2026-03-26 09:34:01', '2026-03-26 09:34:01'),
(187, 'default', 'Nominee approved', 'App\\Models\\Event\\Nominee', NULL, 645, 'App\\Models\\User', 8, '[]', NULL, '2026-03-26 09:34:01', '2026-03-26 09:34:01'),
(188, 'default', 'Nominee approved', 'App\\Models\\Event\\Nominee', NULL, 645, 'App\\Models\\User', 8, '[]', NULL, '2026-03-26 09:34:02', '2026-03-26 09:34:02'),
(189, 'default', 'Nominee approved', 'App\\Models\\Event\\Nominee', NULL, 647, 'App\\Models\\User', 8, '[]', NULL, '2026-03-26 09:34:02', '2026-03-26 09:34:02'),
(190, 'default', 'Nominee approved', 'App\\Models\\Event\\Nominee', NULL, 648, 'App\\Models\\User', 8, '[]', NULL, '2026-03-26 09:34:02', '2026-03-26 09:34:02'),
(191, 'default', 'Nominee approved', 'App\\Models\\Event\\Nominee', NULL, 650, 'App\\Models\\User', 8, '[]', NULL, '2026-03-26 09:34:03', '2026-03-26 09:34:03'),
(192, 'default', 'Nominee approved', 'App\\Models\\Event\\Nominee', NULL, 650, 'App\\Models\\User', 8, '[]', NULL, '2026-03-26 09:34:03', '2026-03-26 09:34:03'),
(193, 'default', 'Nominee approved', 'App\\Models\\Event\\Nominee', NULL, 650, 'App\\Models\\User', 8, '[]', NULL, '2026-03-26 09:34:03', '2026-03-26 09:34:03'),
(194, 'default', 'Nominee approved', 'App\\Models\\Event\\Nominee', NULL, 650, 'App\\Models\\User', 8, '[]', NULL, '2026-03-26 09:34:04', '2026-03-26 09:34:04'),
(195, 'default', 'Nominee approved', 'App\\Models\\Event\\Nominee', NULL, 650, 'App\\Models\\User', 8, '[]', NULL, '2026-03-26 09:34:04', '2026-03-26 09:34:04'),
(196, 'default', 'Nominee approved', 'App\\Models\\Event\\Nominee', NULL, 650, 'App\\Models\\User', 8, '[]', NULL, '2026-03-26 09:34:04', '2026-03-26 09:34:04'),
(197, 'default', 'Nominee approved', 'App\\Models\\Event\\Nominee', NULL, 650, 'App\\Models\\User', 8, '[]', NULL, '2026-03-26 09:34:04', '2026-03-26 09:34:04'),
(198, 'default', 'Nominee approved', 'App\\Models\\Event\\Nominee', NULL, 650, 'App\\Models\\User', 8, '[]', NULL, '2026-03-26 09:34:04', '2026-03-26 09:34:04'),
(199, 'default', 'Nominee approved', 'App\\Models\\Event\\Nominee', NULL, 650, 'App\\Models\\User', 8, '[]', NULL, '2026-03-26 09:34:05', '2026-03-26 09:34:05'),
(200, 'default', 'Nominee approved', 'App\\Models\\Event\\Nominee', NULL, 649, 'App\\Models\\User', 8, '[]', NULL, '2026-03-26 09:34:05', '2026-03-26 09:34:05'),
(201, 'default', 'Nominee approved', 'App\\Models\\Event\\Nominee', NULL, 649, 'App\\Models\\User', 8, '[]', NULL, '2026-03-26 09:34:06', '2026-03-26 09:34:06'),
(202, 'default', 'Nominee approved', 'App\\Models\\Event\\Nominee', NULL, 649, 'App\\Models\\User', 8, '[]', NULL, '2026-03-26 09:34:06', '2026-03-26 09:34:06'),
(203, 'default', 'Nominee approved', 'App\\Models\\Event\\Nominee', NULL, 654, 'App\\Models\\User', 8, '[]', NULL, '2026-03-26 09:34:06', '2026-03-26 09:34:06'),
(204, 'default', 'Nominee approved', 'App\\Models\\Event\\Nominee', NULL, 654, 'App\\Models\\User', 8, '[]', NULL, '2026-03-26 09:34:06', '2026-03-26 09:34:06'),
(205, 'default', 'Nominee approved', 'App\\Models\\Event\\Nominee', NULL, 654, 'App\\Models\\User', 8, '[]', NULL, '2026-03-26 09:34:06', '2026-03-26 09:34:06'),
(206, 'default', 'Nominee approved', 'App\\Models\\Event\\Nominee', NULL, 654, 'App\\Models\\User', 8, '[]', NULL, '2026-03-26 09:34:07', '2026-03-26 09:34:07'),
(207, 'default', 'Nominee approved', 'App\\Models\\Event\\Nominee', NULL, 654, 'App\\Models\\User', 8, '[]', NULL, '2026-03-26 09:34:07', '2026-03-26 09:34:07'),
(208, 'default', 'Nominee approved', 'App\\Models\\Event\\Nominee', NULL, 654, 'App\\Models\\User', 8, '[]', NULL, '2026-03-26 09:34:07', '2026-03-26 09:34:07'),
(209, 'default', 'Nominee approved', 'App\\Models\\Event\\Nominee', NULL, 654, 'App\\Models\\User', 8, '[]', NULL, '2026-03-26 09:34:07', '2026-03-26 09:34:07'),
(210, 'default', 'Nominee approved', 'App\\Models\\Event\\Nominee', NULL, 654, 'App\\Models\\User', 8, '[]', NULL, '2026-03-26 09:34:07', '2026-03-26 09:34:07'),
(211, 'default', 'Nominee approved', 'App\\Models\\Event\\Nominee', NULL, 654, 'App\\Models\\User', 8, '[]', NULL, '2026-03-26 09:34:08', '2026-03-26 09:34:08'),
(212, 'default', 'Nominee approved', 'App\\Models\\Event\\Nominee', NULL, 654, 'App\\Models\\User', 8, '[]', NULL, '2026-03-26 09:34:08', '2026-03-26 09:34:08'),
(213, 'default', 'Nominee approved', 'App\\Models\\Event\\Nominee', NULL, 652, 'App\\Models\\User', 8, '[]', NULL, '2026-03-26 09:34:09', '2026-03-26 09:34:09'),
(214, 'default', 'Nominee approved', 'App\\Models\\Event\\Nominee', NULL, 652, 'App\\Models\\User', 8, '[]', NULL, '2026-03-26 09:34:09', '2026-03-26 09:34:09'),
(215, 'default', 'Nominee approved', 'App\\Models\\Event\\Nominee', NULL, 652, 'App\\Models\\User', 8, '[]', NULL, '2026-03-26 09:34:09', '2026-03-26 09:34:09'),
(216, 'default', 'Nominee approved', 'App\\Models\\Event\\Nominee', NULL, 652, 'App\\Models\\User', 8, '[]', NULL, '2026-03-26 09:34:09', '2026-03-26 09:34:09'),
(217, 'default', 'Nominee approved', 'App\\Models\\Event\\Nominee', NULL, 652, 'App\\Models\\User', 8, '[]', NULL, '2026-03-26 09:34:10', '2026-03-26 09:34:10'),
(218, 'default', 'Nominee approved', 'App\\Models\\Event\\Nominee', NULL, 652, 'App\\Models\\User', 8, '[]', NULL, '2026-03-26 09:34:10', '2026-03-26 09:34:10'),
(219, 'default', 'Nominee approved', 'App\\Models\\Event\\Nominee', NULL, 651, 'App\\Models\\User', 8, '[]', NULL, '2026-03-26 09:34:11', '2026-03-26 09:34:11'),
(220, 'default', 'Nominee approved', 'App\\Models\\Event\\Nominee', NULL, 651, 'App\\Models\\User', 8, '[]', NULL, '2026-03-26 09:34:11', '2026-03-26 09:34:11'),
(221, 'default', 'Nominee approved', 'App\\Models\\Event\\Nominee', NULL, 651, 'App\\Models\\User', 8, '[]', NULL, '2026-03-26 09:34:11', '2026-03-26 09:34:11'),
(222, 'default', 'Nominee approved', 'App\\Models\\Event\\Nominee', NULL, 651, 'App\\Models\\User', 8, '[]', NULL, '2026-03-26 09:34:11', '2026-03-26 09:34:11'),
(223, 'default', 'Nominee approved', 'App\\Models\\Event\\Nominee', NULL, 651, 'App\\Models\\User', 8, '[]', NULL, '2026-03-26 09:34:11', '2026-03-26 09:34:11'),
(224, 'default', 'Nominee approved', 'App\\Models\\Event\\Nominee', NULL, 651, 'App\\Models\\User', 8, '[]', NULL, '2026-03-26 09:34:12', '2026-03-26 09:34:12'),
(225, 'default', 'Nominee approved', 'App\\Models\\Event\\Nominee', NULL, 651, 'App\\Models\\User', 8, '[]', NULL, '2026-03-26 09:34:12', '2026-03-26 09:34:12'),
(226, 'default', 'Nominee approved', 'App\\Models\\Event\\Nominee', NULL, 651, 'App\\Models\\User', 8, '[]', NULL, '2026-03-26 09:34:12', '2026-03-26 09:34:12'),
(227, 'default', 'Nominee approved', 'App\\Models\\Event\\Nominee', NULL, 651, 'App\\Models\\User', 8, '[]', NULL, '2026-03-26 09:34:12', '2026-03-26 09:34:12'),
(228, 'default', 'Nominee approved', 'App\\Models\\Event\\Nominee', NULL, 653, 'App\\Models\\User', 8, '[]', NULL, '2026-03-26 09:34:13', '2026-03-26 09:34:13'),
(229, 'default', 'Nominee approved', 'App\\Models\\Event\\Nominee', NULL, 653, 'App\\Models\\User', 8, '[]', NULL, '2026-03-26 09:34:13', '2026-03-26 09:34:13'),
(230, 'default', 'Nominee approved', 'App\\Models\\Event\\Nominee', NULL, 653, 'App\\Models\\User', 8, '[]', NULL, '2026-03-26 09:34:13', '2026-03-26 09:34:13'),
(231, 'default', 'Nominee approved', 'App\\Models\\Event\\Nominee', NULL, 653, 'App\\Models\\User', 8, '[]', NULL, '2026-03-26 09:34:13', '2026-03-26 09:34:13'),
(232, 'default', 'Nominee approved', 'App\\Models\\Event\\Nominee', NULL, 653, 'App\\Models\\User', 8, '[]', NULL, '2026-03-26 09:34:13', '2026-03-26 09:34:13'),
(233, 'default', 'Nominee approved', 'App\\Models\\Event\\Nominee', NULL, 653, 'App\\Models\\User', 8, '[]', NULL, '2026-03-26 09:34:14', '2026-03-26 09:34:14'),
(234, 'default', 'Nominee approved', 'App\\Models\\Event\\Nominee', NULL, 653, 'App\\Models\\User', 8, '[]', NULL, '2026-03-26 09:34:14', '2026-03-26 09:34:14'),
(235, 'default', 'Nominee approved', 'App\\Models\\Event\\Nominee', NULL, 653, 'App\\Models\\User', 8, '[]', NULL, '2026-03-26 09:34:14', '2026-03-26 09:34:14'),
(236, 'default', 'Nominee approved', 'App\\Models\\Event\\Nominee', NULL, 653, 'App\\Models\\User', 8, '[]', NULL, '2026-03-26 09:34:14', '2026-03-26 09:34:14'),
(237, 'default', 'Nominee approved', 'App\\Models\\Event\\Nominee', NULL, 653, 'App\\Models\\User', 8, '[]', NULL, '2026-03-26 09:34:14', '2026-03-26 09:34:14'),
(238, 'default', 'Nominee approved', 'App\\Models\\Event\\Nominee', NULL, 659, 'App\\Models\\User', 8, '[]', NULL, '2026-03-26 09:34:15', '2026-03-26 09:34:15'),
(239, 'default', 'Nominee approved', 'App\\Models\\Event\\Nominee', NULL, 660, 'App\\Models\\User', 8, '[]', NULL, '2026-03-26 09:34:16', '2026-03-26 09:34:16'),
(240, 'default', 'Nominee approved', 'App\\Models\\Event\\Nominee', NULL, 662, 'App\\Models\\User', 8, '[]', NULL, '2026-03-26 09:34:16', '2026-03-26 09:34:16'),
(241, 'default', 'Nominee approved', 'App\\Models\\Event\\Nominee', NULL, 661, 'App\\Models\\User', 8, '[]', NULL, '2026-03-26 09:34:16', '2026-03-26 09:34:16'),
(242, 'default', 'Nominee approved', 'App\\Models\\Event\\Nominee', NULL, 665, 'App\\Models\\User', 8, '[]', NULL, '2026-03-26 09:34:17', '2026-03-26 09:34:17'),
(243, 'default', 'Nominee approved', 'App\\Models\\Event\\Nominee', NULL, 665, 'App\\Models\\User', 8, '[]', NULL, '2026-03-26 09:34:17', '2026-03-26 09:34:17'),
(244, 'default', 'Nominee approved', 'App\\Models\\Event\\Nominee', NULL, 665, 'App\\Models\\User', 8, '[]', NULL, '2026-03-26 09:34:18', '2026-03-26 09:34:18'),
(245, 'default', 'Nominee approved', 'App\\Models\\Event\\Nominee', NULL, 665, 'App\\Models\\User', 8, '[]', NULL, '2026-03-26 09:34:18', '2026-03-26 09:34:18'),
(246, 'default', 'Nominee approved', 'App\\Models\\Event\\Nominee', NULL, 663, 'App\\Models\\User', 8, '[]', NULL, '2026-03-26 09:34:18', '2026-03-26 09:34:18'),
(247, 'default', 'Post updated', 'App\\Models\\CMS\\Post', NULL, 21, 'App\\Models\\User', 1, '{\"changes\": {\"title\": \"MEMA 2026 — The Gospel Music Awards Gala is Coming to Nairobi!\", \"content\": \"<p>We are excited to announce the upcoming <strong>Myogenic Excellence Music Awards (MEMA) 2026 Gala</strong> — a landmark celebration of gospel music talent across Kenya and Africa.</p><p>MEMA 2026 is set to take place on <strong>September 16, 2026 in Kisumu, Kenya</strong>, bringing together the finest gospel artists, producers, videographers, and photographers for a night of recognition, music, and excellence.</p><h2>What is MEMA?</h2><p>The Myogenic Excellence Music Awards (MEMA) is a premier platform dedicated to honouring Africa\'s gospel music voices and sounds. From the emerging artist finding their footing to the seasoned producer shaping the industry — MEMA celebrates it all.</p><h2>Award Categories</h2><ul><li>Female Artist of the Year</li><li>Male Artist of the Year</li><li>Emerging Gospel Artist of the Year</li><li>Gospel Song of the Year</li><li>Gospel Video of the Year</li><li>Gospel Collaboration of the Year</li><li>Audio Producer of the Year</li><li>Video Director of the Year</li><li>Photography of the Year</li></ul><h2>Key Dates</h2><ul><li><strong>Nominations Open:</strong> April 16, 2026</li><li><strong>Nominations Close:</strong> July 15, 2026</li><li><strong>Voting Opens:</strong> August 1, 2026</li><li><strong>Voting Closes:</strong> September 14, 2026</li><li><strong>MEMA Gala Night:</strong> September 16, 2026 — Kisumu, Kenya</li></ul><h2>How to Get Involved</h2><p>You can be part of this historic event in three ways:</p><ol><li><strong>Nominate</strong> — Do you know a deserving gospel artist or creative? Nominate them starting April 16 at <a href=\\\"https://tuqiohub.africa/nominate\\\" rel=\\\"noopener noreferrer\\\" target=\\\"_blank\\\">tuqiohub.africa/nominate</a>.</li><li><strong>Vote</strong> — Cast your votes for your favourite nominees from August 1. Each vote costs KES 100, with bundle discounts available.</li><li><strong>Attend</strong> — Get your tickets and join us for the gala night. Early Bird tickets go on sale April 16!</li></ol><p>Stay tuned for more updates. Follow us on social media and visit <a href=\\\"https://tuqiohub.africa\\\" rel=\\\"noopener noreferrer\\\" target=\\\"_blank\\\">tuqiohub.africa</a> for the latest news on MEMA 2026.</p><p><em>Honouring Africa\'s Voices and Sounds.</em></p>\", \"updated_at\": \"2026-03-26 12:42:44\", \"published_at\": \"2026-03-16 09:57:00\"}}', NULL, '2026-03-26 09:42:44', '2026-03-26 09:42:44'),
(248, 'default', 'Post updated', 'App\\Models\\CMS\\Post', NULL, 23, 'App\\Models\\User', 1, '{\"changes\": {\"content\": \"<p>MEMA 2026 recognises excellence across <strong>9 award categories</strong> covering every dimension of gospel music creation. Here is what each category celebrates:</p><h3>1. Female Artist of the Year</h3><p>Recognising the most impactful female gospel artist of 2026 — an artist whose music, ministry, and influence have resonated with audiences across Kenya and Africa.</p><h3>2. Male Artist of the Year</h3><p>Celebrating outstanding male gospel artistry, ministry impact, and chart performance throughout the year.</p><h3>3. Emerging Gospel Artist of the Year</h3><p>Honouring the brightest new gospel talent on the rise — an artist who broke through in 2025–2026 with fresh sound and genuine ministry.</p><h3>4. Gospel Song of the Year</h3><p>The single gospel track that moved hearts, topped church playlists, and defined the sound of the year.</p><h3>5. Gospel Video of the Year</h3><p>Outstanding visual storytelling in gospel music video production — judged on creativity, production quality, and ministry message.</p><h3>6. Gospel Collaboration of the Year</h3><p>The most memorable gospel partnership — two or more artists coming together for a release that was greater than the sum of its parts.</p><h3>7. Audio Producer of the Year</h3><p>Excellence in gospel music production and sound engineering — the producer behind the hits.</p><h3>8. Video Director of the Year</h3><p>Creative direction and visual mastery in gospel videography — directors who bring gospel songs to stunning visual life.</p><h3>9. Photography of the Year</h3><p>Capturing the soul of gospel music through powerful imagery — event photography, artist portraits, and worship moments.</p><p>Nominations for all 8 public categories are open until July 15, 2026. <a href=\\\"/nominate?event=mema-gala-2026\\\" rel=\\\"noopener noreferrer\\\" target=\\\"_blank\\\">Submit your nomination now →</a></p>\", \"updated_at\": \"2026-03-26 13:03:38\", \"published_at\": \"2026-03-26 12:20:00\", \"reading_time\": 2, \"featured_image\": \"posts/featured-images/AbgODRnpS9uRbXPuqbdSmJNo825sAlL4POf7lStp.webp\"}}', NULL, '2026-03-26 10:03:38', '2026-03-26 10:03:38'),
(249, 'default', 'Post updated', 'App\\Models\\CMS\\Post', NULL, 23, 'App\\Models\\User', 1, '{\"changes\": {\"updated_at\": \"2026-03-26 13:04:00\", \"category_id\": \"5\"}}', NULL, '2026-03-26 10:04:00', '2026-03-26 10:04:00'),
(250, 'default', 'Post updated', 'App\\Models\\CMS\\Post', NULL, 24, 'App\\Models\\User', 1, '{\"changes\": {\"content\": \"<p>The countdown to the most anticipated gospel music event in Kenya has begun. <strong>MEMA Gala 2026</strong> takes place on <strong>September 16, 2026 in Nairobi</strong> — and you can secure your seat today at a special early bird rate.</p><h3>Early Bird Pricing</h3><ul><li><strong>Early Bird Regular Seat</strong> — KES 1,000 (save KES 500 off standard price)</li><li><strong>Early Bird VIP Seat</strong> — KES 2,500 (save KES 1,000 off standard price)</li></ul><p>Early bird tickets are available from April 16 to June 30, 2026. After that, prices revert to standard rates.</p><h3>Standard Pricing (from July 1)</h3><ul><li>Regular Single Seat — KES 1,500</li><li>VIP Single Seat — KES 3,500</li><li>VVIP Single Seat — KES 6,000</li><li>VIP Table (10 seats) — KES 30,000</li><li>VVIP Table (10 seats) — KES 50,000</li></ul><h3>What\'s Included</h3><p>All tickets include a gala dinner and event programme. VIP and VVIP tickets include priority seating. VVIP tickets include VIP lounge access and meet &amp; greet opportunities with award winners.</p><p><a href=\\\"/event-detail?slug=mema-gala-2026\\\" rel=\\\"noopener noreferrer\\\" target=\\\"_blank\\\">Get your tickets now →</a></p>\", \"updated_at\": \"2026-03-26 13:04:45\", \"category_id\": \"1\", \"published_at\": \"2026-03-26 12:20:00\", \"reading_time\": 1, \"featured_image\": \"posts/featured-images/mK4IG7kdfXvuDnbHvsVkmpcYiIB4tdp2pt8cusQX.webp\"}}', NULL, '2026-03-26 10:04:45', '2026-03-26 10:04:45');
INSERT INTO `activity_log` (`id`, `log_name`, `description`, `subject_type`, `event`, `subject_id`, `causer_type`, `causer_id`, `properties`, `batch_uuid`, `created_at`, `updated_at`) VALUES
(251, 'default', 'Post updated', 'App\\Models\\CMS\\Post', NULL, 25, 'App\\Models\\User', 1, '{\"changes\": {\"content\": \"<p>Kenya has a rich, vibrant gospel music scene. From worship anthems that fill stadiums to intimate songs that carry people through personal crises — gospel music is woven into the fabric of Kenyan life.</p><p>Yet for too long, the artists, producers, directors, and photographers behind this music have had no dedicated national awards platform to call their own. MEMA is here to change that.</p><h3>What MEMA Stands For</h3><p><strong>Myogenic Excellence Music Awards</strong> — MEMA is built to recognise and celebrate creative excellence in gospel music. Not popularity alone. Not social media follower counts. True artistry, ministry impact, and craft.</p><h3>9 Categories, 36+ Nominees</h3><p>MEMA 2026 spans 9 award categories covering every dimension of gospel music creation — from performing artists to audio producers, video directors, and photographers. Every voice in the gospel music ecosystem deserves recognition.</p><h3>Powered by the Community</h3><p>Unlike industry-only awards, MEMA is driven by public nominations and voting. The Kenyan gospel music community — fans, church communities, music lovers — decides who wins. Eight out of nine categories are open for public nomination and public voting.</p><h3>The MEMA Gala 2026</h3><p>On <strong>September 16, 2026</strong>, Nairobi will host an unforgettable evening of awards, live performances, and celebration. The MEMA Gala is not just an awards night — it is a declaration that African gospel music excellence deserves its own stage.</p><p>Nominate your favourite artists today. Be part of the story. <a href=\\\"/nominate?event=mema-gala-2026\\\" rel=\\\"noopener noreferrer\\\" target=\\\"_blank\\\">Nominate now →</a></p>\", \"updated_at\": \"2026-03-26 13:07:10\", \"category_id\": \"5\", \"is_featured\": \"1\", \"published_at\": \"2026-03-26 12:20:00\", \"reading_time\": 2, \"featured_image\": \"posts/featured-images/tM3J9fKgek2Jh36hWQAIZMUvLthwyk8NiOoS21qK.webp\"}}', NULL, '2026-03-26 10:07:10', '2026-03-26 10:07:10'),
(252, 'default', 'Post updated', 'App\\Models\\CMS\\Post', NULL, 26, 'App\\Models\\User', 1, '{\"changes\": {\"content\": \"<p>Voting at MEMA 2026 is open to everyone — no registration required. Here\'s how it works:</p><h3>Step 1: Browse the Nominees</h3><p>Visit the <a href=\\\"/nominees\\\" rel=\\\"noopener noreferrer\\\" target=\\\"_blank\\\">Nominees page</a> and browse all shortlisted artists across 9 award categories. Take your time — get to know who has been nominated and what they\'ve achieved.</p><h3>Step 2: Choose Your Vote Bundle</h3><p>MEMA uses a vote bundle system. One vote costs KES 100. You can buy bundles for better value:</p><ul><li>Single Vote — KES 100</li><li>Starter Pack (10 votes) — KES 900</li><li>Fan Pack (50 votes) — KES 4,000 — <strong>Best value!</strong></li><li>Super Fan (100 votes) — KES 7,000</li><li>Champion (500 votes) — KES 30,000</li></ul><h3>Step 3: Pay Securely</h3><p>Complete your payment via M-Pesa or card through our secure payment gateway. Your votes are credited instantly.</p><h3>Step 4: Allocate Your Votes</h3><p>You can spread your votes across multiple nominees and categories. Support the Female Artist AND the Emerging Artist — it\'s your call.</p><h3>When Does Voting Open?</h3><p>Public voting opens on <strong>August 1, 2026</strong> and closes on <strong>September 14, 2026</strong> at 11:59 PM (EAT).</p><p>Mark your calendar — and in the meantime, nominate your favourites so they make it to the voting stage! <a href=\\\"/nominate?event=mema-gala-2026\\\" rel=\\\"noopener noreferrer\\\" target=\\\"_blank\\\">Nominate now →</a></p>\", \"updated_at\": \"2026-03-26 13:08:18\", \"category_id\": \"5\", \"published_at\": \"2026-03-26 12:20:00\", \"reading_time\": 1, \"featured_image\": \"posts/featured-images/W0PFc4KhDlkC4SWDg9HkKK49mfhXiuxdSK6FvXFx.webp\"}}', NULL, '2026-03-26 10:08:18', '2026-03-26 10:08:18'),
(253, 'default', 'Post updated', 'App\\Models\\CMS\\Post', NULL, 22, 'App\\Models\\User', 1, '{\"changes\": {\"content\": \"<p>We are thrilled to announce that <strong>MEMA 2026 — the Myogenic Excellence Music Awards</strong> is officially open for nominations!</p><p>This is Kenya\'s first dedicated gospel music awards platform, celebrating outstanding talent across performance, production, videography, and photography.</p><h3>Who Can Be Nominated?</h3><p>Any Kenyan or African gospel artist, producer, director, or photographer who has made a significant impact in 2025–2026 is eligible for nomination. Eight categories are open for public nomination.</p><h3>How to Nominate</h3><p>Visit our <a href=\\\"/nominate?event=mema-gala-2026\\\" rel=\\\"noopener noreferrer\\\" target=\\\"_blank\\\">Nominate page</a>, select the MEMA Gala 2026 event, choose your category, and fill in the nomination form. Nominations are free and open until July 15, 2026.</p><h3>The Gala</h3><p>The MEMA Gala will be held on <strong>September 16, 2026 in Nairobi, Kenya</strong> — an unforgettable evening of music, awards, and celebration.</p><p>Get your tickets early and join us as we celebrate Africa\'s gospel excellence!</p>\", \"updated_at\": \"2026-03-26 13:08:56\", \"category_id\": \"7\", \"published_at\": \"2026-03-26 12:18:00\", \"reading_time\": 1, \"featured_image\": \"posts/featured-images/kGDAV9WPCRN9DnasyERx4Zlvss9DGHwyyyANsaav.webp\"}}', NULL, '2026-03-26 10:08:56', '2026-03-26 10:08:56'),
(254, 'default', 'Speaker updated', 'App\\Models\\Event\\EventSpeaker', NULL, 59, 'App\\Models\\User', 1, '[]', NULL, '2026-03-26 11:14:33', '2026-03-26 11:14:33'),
(255, 'default', 'Speaker updated', 'App\\Models\\Event\\EventSpeaker', NULL, 60, 'App\\Models\\User', 1, '[]', NULL, '2026-03-26 11:14:48', '2026-03-26 11:14:48'),
(256, 'default', 'Speaker updated', 'App\\Models\\Event\\EventSpeaker', NULL, 58, 'App\\Models\\User', 1, '[]', NULL, '2026-03-26 11:15:00', '2026-03-26 11:15:00'),
(257, 'default', 'Speaker updated', 'App\\Models\\Event\\EventSpeaker', NULL, 57, 'App\\Models\\User', 1, '[]', NULL, '2026-03-26 11:15:10', '2026-03-26 11:15:10'),
(258, 'default', 'Speaker updated', 'App\\Models\\Event\\EventSpeaker', NULL, 56, 'App\\Models\\User', 1, '[]', NULL, '2026-03-26 11:15:23', '2026-03-26 11:15:23'),
(259, 'default', 'Sponsor updated', 'App\\Models\\Event\\EventSponsor', NULL, 33, 'App\\Models\\User', 1, '[]', NULL, '2026-03-26 11:37:33', '2026-03-26 11:37:33'),
(260, 'default', 'Sponsor updated', 'App\\Models\\Event\\EventSponsor', NULL, 34, 'App\\Models\\User', 1, '[]', NULL, '2026-03-26 11:39:51', '2026-03-26 11:39:51'),
(261, 'default', 'Sponsor updated', 'App\\Models\\Event\\EventSponsor', NULL, 35, 'App\\Models\\User', 1, '[]', NULL, '2026-03-26 11:41:14', '2026-03-26 11:41:14'),
(262, 'default', 'Sponsor updated', 'App\\Models\\Event\\EventSponsor', NULL, 36, 'App\\Models\\User', 1, '[]', NULL, '2026-03-26 11:42:14', '2026-03-26 11:42:14'),
(263, 'default', 'Sponsor updated', 'App\\Models\\Event\\EventSponsor', NULL, 37, 'App\\Models\\User', 1, '[]', NULL, '2026-03-26 11:43:24', '2026-03-26 11:43:24'),
(264, 'default', 'Sponsor updated', 'App\\Models\\Event\\EventSponsor', NULL, 38, 'App\\Models\\User', 1, '[]', NULL, '2026-03-26 11:44:31', '2026-03-26 11:44:31'),
(265, 'default', 'Sponsor updated', 'App\\Models\\Event\\EventSponsor', NULL, 39, 'App\\Models\\User', 1, '[]', NULL, '2026-03-26 11:45:06', '2026-03-26 11:45:06'),
(266, 'default', 'Category created', 'App\\Models\\CMS\\Category', NULL, 11, 'App\\Models\\User', 1, '[]', NULL, '2026-03-26 12:07:24', '2026-03-26 12:07:24'),
(267, 'default', 'Updated event: MEMA 2026 — Myogenic Excellence Music Awards Gala', 'App\\Models\\Event\\Event', NULL, 66, 'App\\Models\\User', 1, '{\"changes\": {\"updated_at\": \"2026-03-26 15:09:04\", \"description\": \"The Vision\\r\\n\\r\\nThe Myogenic Excellence Music Awards — MEMA — was born from a simple but powerful conviction: African gospel music is world-class, and its creators deserve a world-class platform to be recognised. Kenya\'s gospel music scene has produced artists, producers, directors, and photographers whose work has touched millions of lives across the continent and beyond. MEMA 2026 is the inaugural celebration of that excellence.\\r\\n\\r\\nWhat to Expect on the Night\\r\\n\\r\\nThe MEMA Gala 2026 is a full black-tie gala evening held at the Radisson Blu Hotel & Convention Centre, Nairobi, on September 16, 2026. Doors open at 4:30 PM with a red carpet reception and networking cocktails. The main ceremony begins at 7:00 PM and features live gospel performances by nominated artists, a sit-down gala dinner, and the presentation of all MEMA awards across three awards blocks. The evening concludes with an after-gala celebration and group photography with award winners.\\r\\n\\r\\nHow Nominations and Voting Work\\r\\n\\r\\nAnyone can nominate a gospel artist, producer, director, or photographer they believe deserves recognition. Nominations are submitted online, reviewed by the MEMA team, and shortlisted nominees are published for public voting. The nomination window runs from April 16 to July 15, 2026. Public voting opens August 1 and closes September 14, 2026 — giving the gospel music community the power to crown their champions before the big night.\\r\\n\\r\\nTickets\\r\\n\\r\\nTickets are available in multiple tiers to suit individual guests, couples, organisations, and corporate tables — from Early Bird Regular Seats (KES 1,000) to VVIP Tables for 10 (KES 50,000). All tickets include a gala dinner and event programme. VIP and VVIP tickets include priority seating, VIP lounge access, and meet & greet opportunities with award winners.\\r\\n\\r\\nBe Part of the Story\\r\\n\\r\\nMEMA 2026 is more than an event — it is a movement. Whether you are nominating an artist you believe in, casting your vote, attending the gala, or sponsoring a category, you are part of something historic. This is the beginning of a new chapter for gospel music recognition in Africa.\", \"event_category_id\": \"1\"}}', NULL, '2026-03-26 12:09:04', '2026-03-26 12:09:04'),
(268, 'default', 'Updated event: MEMA 2026 — Myogenic Excellence Music Awards Gala', 'App\\Models\\Event\\Event', NULL, 66, 'App\\Models\\User', 1, '{\"changes\": {\"updated_at\": \"2026-03-26 15:09:51\", \"venue_name\": \"Radisson Blu Hotel & Convention Centre, Nairobi\", \"venue_address\": \"Upper Hill Road, Upper Hill\"}}', NULL, '2026-03-26 12:09:51', '2026-03-26 12:09:51'),
(269, 'default', 'Event gallery photo added', 'App\\Models\\EventGallery', NULL, 49, 'App\\Models\\User', 8, '[]', NULL, '2026-03-26 13:10:05', '2026-03-26 13:10:05'),
(270, 'default', 'Event gallery photo added', 'App\\Models\\EventGallery', NULL, 50, 'App\\Models\\User', 8, '[]', NULL, '2026-03-26 13:10:13', '2026-03-26 13:10:13'),
(271, 'default', 'Event gallery photo added', 'App\\Models\\EventGallery', NULL, 51, 'App\\Models\\User', 8, '[]', NULL, '2026-03-26 13:10:23', '2026-03-26 13:10:23'),
(272, 'default', 'Event gallery photo added', 'App\\Models\\EventGallery', NULL, 52, 'App\\Models\\User', 8, '[]', NULL, '2026-03-26 13:10:32', '2026-03-26 13:10:32'),
(273, 'default', 'Event gallery photo added', 'App\\Models\\EventGallery', NULL, 53, 'App\\Models\\User', 8, '[]', NULL, '2026-03-26 13:10:50', '2026-03-26 13:10:50'),
(274, 'default', 'Event gallery photo added', 'App\\Models\\EventGallery', NULL, 54, 'App\\Models\\User', 8, '[]', NULL, '2026-03-26 13:11:29', '2026-03-26 13:11:29'),
(275, 'default', 'Payment account activated', 'App\\Models\\Financial\\PaymentAccount', NULL, 9, 'App\\Models\\User', 1, '[]', NULL, '2026-03-27 03:54:34', '2026-03-27 03:54:34'),
(276, 'default', 'Payment account created', 'App\\Models\\Financial\\PaymentAccount', NULL, 10, 'App\\Models\\User', 1, '[]', NULL, '2026-03-27 04:04:51', '2026-03-27 04:04:51'),
(277, 'default', 'Payment account verified', 'App\\Models\\Financial\\PaymentAccount', NULL, 10, 'App\\Models\\User', 1, '[]', NULL, '2026-03-27 04:04:54', '2026-03-27 04:04:54'),
(278, 'default', 'Payment account set as primary', 'App\\Models\\Financial\\PaymentAccount', NULL, 10, 'App\\Models\\User', 1, '[]', NULL, '2026-03-27 04:05:13', '2026-03-27 04:05:13'),
(279, 'default', 'Client updated', 'App\\Models\\Client', NULL, 6, 'App\\Models\\User', 1, '{\"ip\": \"127.0.0.1\", \"changes\": {\"settings\": \"{\\\"primary_color\\\":\\\"#ed1c24\\\",\\\"secondary_color\\\":\\\"#1e1548\\\"}\", \"updated_at\": \"2026-03-27 07:28:15\", \"voting_commission_rate\": \"4\"}}', NULL, '2026-03-27 04:28:15', '2026-03-27 04:28:15');

-- --------------------------------------------------------

--
-- Table structure for table `activity_logs`
--

CREATE TABLE `activity_logs` (
  `id` bigint UNSIGNED NOT NULL,
  `client_id` bigint UNSIGNED DEFAULT NULL,
  `user_id` bigint UNSIGNED DEFAULT NULL,
  `log_name` varchar(255) COLLATE utf8mb4_unicode_ci DEFAULT NULL,
  `description` text COLLATE utf8mb4_unicode_ci NOT NULL,
  `subject_type` varchar(255) COLLATE utf8mb4_unicode_ci DEFAULT NULL,
  `subject_id` bigint UNSIGNED DEFAULT NULL,
  `event` varchar(255) COLLATE utf8mb4_unicode_ci DEFAULT NULL,
  `causer_type` varchar(255) COLLATE utf8mb4_unicode_ci DEFAULT NULL,
  `causer_id` bigint UNSIGNED DEFAULT NULL,
  `properties` json DEFAULT NULL,
  `ip_address` varchar(45) COLLATE utf8mb4_unicode_ci DEFAULT NULL,
  `user_agent` text COLLATE utf8mb4_unicode_ci,
  `created_at` timestamp NULL DEFAULT NULL,
  `updated_at` timestamp NULL DEFAULT NULL
) ENGINE=InnoDB DEFAULT CHARSET=utf8mb4 COLLATE=utf8mb4_unicode_ci;

--
-- Dumping data for table `activity_logs`
--

INSERT INTO `activity_logs` (`id`, `client_id`, `user_id`, `log_name`, `description`, `subject_type`, `subject_id`, `event`, `causer_type`, `causer_id`, `properties`, `ip_address`, `user_agent`, `created_at`, `updated_at`) VALUES
(1, NULL, NULL, 'contact_form', 'Contact form submission from joshujohn03@gmail.com', 'contact_form', 0, 'contact_submitted', 'public', 0, '{\"name\": \"Joshua john\", \"email\": \"joshujohn03@gmail.com\", \"phone\": \"0757140682\", \"message\": \"hello\", \"subject\": \"Event Partnership\"}', '127.0.0.1', NULL, '2026-03-09 17:39:14', '2026-03-09 17:39:14'),
(2, NULL, NULL, 'contact_form', 'Contact form submission from joshujohn03@gmail.com', 'contact_form', 0, 'contact_submitted', 'public', 0, '{\"name\": \"Joshua john\", \"email\": \"joshujohn03@gmail.com\", \"phone\": \"0757140682\", \"message\": \"hhh\", \"subject\": \"General Enquiry\"}', '127.0.0.1', 'Mozilla/5.0 (X11; Linux aarch64) AppleWebKit/537.36 (KHTML, like Gecko) Chrome/144.0.0.0 Safari/537.36 CrKey/1.54.250320', '2026-03-09 18:11:50', '2026-03-09 18:11:50'),
(3, NULL, NULL, 'contact_form', 'Contact form submission from ngumbaujoshua04@gmail.com', 'contact_form', 0, 'contact_submitted', 'public', 0, '{\"name\": \"Joshua Ngumbau John\", \"email\": \"ngumbaujoshua04@gmail.com\", \"phone\": \"0757140682\", \"message\": \"hello\", \"subject\": \"Event Partnership\"}', '127.0.0.1', 'Mozilla/5.0 (Macintosh; Intel Mac OS X 10_15_7) AppleWebKit/537.36 (KHTML, like Gecko) Chrome/144.0.0.0 Safari/537.36', '2026-03-26 12:26:04', '2026-03-26 12:26:04'),
(4, NULL, NULL, 'contact_form', 'Contact form submission from joshujohn03@gmail.com', 'contact_form', 0, 'contact_submitted', 'public', 0, '{\"name\": \"joshua\", \"email\": \"joshujohn03@gmail.com\", \"phone\": \"0757140682\", \"message\": \"hello hoelo\", \"subject\": \"Nominations & Voting\"}', '127.0.0.1', 'Mozilla/5.0 (Macintosh; Intel Mac OS X 10_15_7) AppleWebKit/537.36 (KHTML, like Gecko) Chrome/144.0.0.0 Safari/537.36', '2026-03-27 05:17:13', '2026-03-27 05:17:13'),
(5, NULL, NULL, 'contact_form', 'Contact form submission from joshujohn03@gmail.com', 'contact_form', 0, 'contact_submitted', 'public', 0, '{\"name\": \"joshua\", \"email\": \"joshujohn03@gmail.com\", \"phone\": \"0757140682\", \"message\": \"hello\", \"subject\": \"Event Partnership\"}', '127.0.0.1', 'Mozilla/5.0 (Macintosh; Intel Mac OS X 10_15_7) AppleWebKit/537.36 (KHTML, like Gecko) Chrome/144.0.0.0 Safari/537.36', '2026-03-27 05:32:18', '2026-03-27 05:32:18');

-- --------------------------------------------------------

--
-- Table structure for table `audit_trails`
--

CREATE TABLE `audit_trails` (
  `id` bigint UNSIGNED NOT NULL,
  `client_id` bigint UNSIGNED DEFAULT NULL,
  `user_id` bigint UNSIGNED DEFAULT NULL,
  `event` varchar(255) COLLATE utf8mb4_unicode_ci NOT NULL,
  `auditable_type` varchar(255) COLLATE utf8mb4_unicode_ci NOT NULL,
  `auditable_id` bigint UNSIGNED NOT NULL,
  `old_values` json DEFAULT NULL,
  `new_values` json DEFAULT NULL,
  `url` varchar(255) COLLATE utf8mb4_unicode_ci DEFAULT NULL,
  `ip_address` varchar(45) COLLATE utf8mb4_unicode_ci DEFAULT NULL,
  `user_agent` text COLLATE utf8mb4_unicode_ci,
  `tags` varchar(255) COLLATE utf8mb4_unicode_ci DEFAULT NULL,
  `created_at` timestamp NULL DEFAULT NULL,
  `updated_at` timestamp NULL DEFAULT NULL
) ENGINE=InnoDB DEFAULT CHARSET=utf8mb4 COLLATE=utf8mb4_unicode_ci;

-- --------------------------------------------------------

--
-- Table structure for table `cache`
--

CREATE TABLE `cache` (
  `key` varchar(255) COLLATE utf8mb4_unicode_ci NOT NULL,
  `value` mediumtext COLLATE utf8mb4_unicode_ci NOT NULL,
  `expiration` int NOT NULL
) ENGINE=InnoDB DEFAULT CHARSET=utf8mb4 COLLATE=utf8mb4_unicode_ci;

--
-- Dumping data for table `cache`
--

INSERT INTO `cache` (`key`, `value`, `expiration`) VALUES
('tuqio-hub-cache-spatie.permission.cache', 'a:3:{s:5:\"alias\";a:4:{s:1:\"a\";s:2:\"id\";s:1:\"b\";s:4:\"name\";s:1:\"c\";s:10:\"guard_name\";s:1:\"r\";s:5:\"roles\";}s:11:\"permissions\";a:48:{i:0;a:4:{s:1:\"a\";i:1;s:1:\"b\";s:12:\"view-clients\";s:1:\"c\";s:3:\"web\";s:1:\"r\";a:1:{i:0;i:7;}}i:1;a:4:{s:1:\"a\";i:2;s:1:\"b\";s:14:\"create-clients\";s:1:\"c\";s:3:\"web\";s:1:\"r\";a:1:{i:0;i:7;}}i:2;a:4:{s:1:\"a\";i:3;s:1:\"b\";s:12:\"edit-clients\";s:1:\"c\";s:3:\"web\";s:1:\"r\";a:1:{i:0;i:7;}}i:3;a:4:{s:1:\"a\";i:4;s:1:\"b\";s:14:\"delete-clients\";s:1:\"c\";s:3:\"web\";s:1:\"r\";a:1:{i:0;i:7;}}i:4;a:4:{s:1:\"a\";i:5;s:1:\"b\";s:10:\"view-users\";s:1:\"c\";s:3:\"web\";s:1:\"r\";a:2:{i:0;i:2;i:1;i:7;}}i:5;a:4:{s:1:\"a\";i:6;s:1:\"b\";s:12:\"create-users\";s:1:\"c\";s:3:\"web\";s:1:\"r\";a:2:{i:0;i:2;i:1;i:7;}}i:6;a:4:{s:1:\"a\";i:7;s:1:\"b\";s:10:\"edit-users\";s:1:\"c\";s:3:\"web\";s:1:\"r\";a:2:{i:0;i:2;i:1;i:7;}}i:7;a:4:{s:1:\"a\";i:8;s:1:\"b\";s:12:\"delete-users\";s:1:\"c\";s:3:\"web\";s:1:\"r\";a:2:{i:0;i:2;i:1;i:7;}}i:8;a:4:{s:1:\"a\";i:9;s:1:\"b\";s:11:\"view-events\";s:1:\"c\";s:3:\"web\";s:1:\"r\";a:4:{i:0;i:2;i:1;i:3;i:2;i:6;i:3;i:7;}}i:9;a:4:{s:1:\"a\";i:10;s:1:\"b\";s:13:\"create-events\";s:1:\"c\";s:3:\"web\";s:1:\"r\";a:3:{i:0;i:2;i:1;i:3;i:2;i:7;}}i:10;a:4:{s:1:\"a\";i:11;s:1:\"b\";s:11:\"edit-events\";s:1:\"c\";s:3:\"web\";s:1:\"r\";a:3:{i:0;i:2;i:1;i:3;i:2;i:7;}}i:11;a:4:{s:1:\"a\";i:12;s:1:\"b\";s:13:\"delete-events\";s:1:\"c\";s:3:\"web\";s:1:\"r\";a:2:{i:0;i:2;i:1;i:7;}}i:12;a:4:{s:1:\"a\";i:13;s:1:\"b\";s:26:\"manage-event-registrations\";s:1:\"c\";s:3:\"web\";s:1:\"r\";a:3:{i:0;i:2;i:1;i:3;i:2;i:7;}}i:13;a:4:{s:1:\"a\";i:14;s:1:\"b\";s:20:\"view-voting-sessions\";s:1:\"c\";s:3:\"web\";s:1:\"r\";a:3:{i:0;i:2;i:1;i:4;i:2;i:7;}}i:14;a:4:{s:1:\"a\";i:15;s:1:\"b\";s:22:\"create-voting-sessions\";s:1:\"c\";s:3:\"web\";s:1:\"r\";a:3:{i:0;i:2;i:1;i:4;i:2;i:7;}}i:15;a:4:{s:1:\"a\";i:16;s:1:\"b\";s:20:\"edit-voting-sessions\";s:1:\"c\";s:3:\"web\";s:1:\"r\";a:3:{i:0;i:2;i:1;i:4;i:2;i:7;}}i:16;a:4:{s:1:\"a\";i:17;s:1:\"b\";s:22:\"delete-voting-sessions\";s:1:\"c\";s:3:\"web\";s:1:\"r\";a:2:{i:0;i:2;i:1;i:7;}}i:17;a:4:{s:1:\"a\";i:18;s:1:\"b\";s:17:\"manage-candidates\";s:1:\"c\";s:3:\"web\";s:1:\"r\";a:3:{i:0;i:2;i:1;i:4;i:2;i:7;}}i:18;a:4:{s:1:\"a\";i:19;s:1:\"b\";s:19:\"view-voting-results\";s:1:\"c\";s:3:\"web\";s:1:\"r\";a:3:{i:0;i:2;i:1;i:4;i:2;i:7;}}i:19;a:4:{s:1:\"a\";i:20;s:1:\"b\";s:10:\"view-polls\";s:1:\"c\";s:3:\"web\";s:1:\"r\";a:3:{i:0;i:2;i:1;i:4;i:2;i:7;}}i:20;a:4:{s:1:\"a\";i:21;s:1:\"b\";s:12:\"create-polls\";s:1:\"c\";s:3:\"web\";s:1:\"r\";a:3:{i:0;i:2;i:1;i:4;i:2;i:7;}}i:21;a:4:{s:1:\"a\";i:22;s:1:\"b\";s:10:\"edit-polls\";s:1:\"c\";s:3:\"web\";s:1:\"r\";a:3:{i:0;i:2;i:1;i:4;i:2;i:7;}}i:22;a:4:{s:1:\"a\";i:23;s:1:\"b\";s:12:\"delete-polls\";s:1:\"c\";s:3:\"web\";s:1:\"r\";a:2:{i:0;i:2;i:1;i:7;}}i:23;a:4:{s:1:\"a\";i:24;s:1:\"b\";s:17:\"view-poll-results\";s:1:\"c\";s:3:\"web\";s:1:\"r\";a:3:{i:0;i:2;i:1;i:4;i:2;i:7;}}i:24;a:4:{s:1:\"a\";i:25;s:1:\"b\";s:12:\"view-tickets\";s:1:\"c\";s:3:\"web\";s:1:\"r\";a:3:{i:0;i:2;i:1;i:3;i:2;i:7;}}i:25;a:4:{s:1:\"a\";i:26;s:1:\"b\";s:14:\"create-tickets\";s:1:\"c\";s:3:\"web\";s:1:\"r\";a:3:{i:0;i:2;i:1;i:3;i:2;i:7;}}i:26;a:4:{s:1:\"a\";i:27;s:1:\"b\";s:12:\"edit-tickets\";s:1:\"c\";s:3:\"web\";s:1:\"r\";a:3:{i:0;i:2;i:1;i:3;i:2;i:7;}}i:27;a:4:{s:1:\"a\";i:28;s:1:\"b\";s:14:\"delete-tickets\";s:1:\"c\";s:3:\"web\";s:1:\"r\";a:2:{i:0;i:2;i:1;i:7;}}i:28;a:4:{s:1:\"a\";i:29;s:1:\"b\";s:16:\"check-in-tickets\";s:1:\"c\";s:3:\"web\";s:1:\"r\";a:3:{i:0;i:2;i:1;i:3;i:2;i:7;}}i:29;a:4:{s:1:\"a\";i:30;s:1:\"b\";s:17:\"view-transactions\";s:1:\"c\";s:3:\"web\";s:1:\"r\";a:2:{i:0;i:2;i:1;i:7;}}i:30;a:4:{s:1:\"a\";i:31;s:1:\"b\";s:19:\"create-transactions\";s:1:\"c\";s:3:\"web\";s:1:\"r\";a:2:{i:0;i:2;i:1;i:7;}}i:31;a:4:{s:1:\"a\";i:32;s:1:\"b\";s:15:\"process-refunds\";s:1:\"c\";s:3:\"web\";s:1:\"r\";a:2:{i:0;i:2;i:1;i:7;}}i:32;a:4:{s:1:\"a\";i:33;s:1:\"b\";s:13:\"view-invoices\";s:1:\"c\";s:3:\"web\";s:1:\"r\";a:2:{i:0;i:2;i:1;i:7;}}i:33;a:4:{s:1:\"a\";i:34;s:1:\"b\";s:15:\"create-invoices\";s:1:\"c\";s:3:\"web\";s:1:\"r\";a:2:{i:0;i:2;i:1;i:7;}}i:34;a:4:{s:1:\"a\";i:35;s:1:\"b\";s:10:\"view-posts\";s:1:\"c\";s:3:\"web\";s:1:\"r\";a:4:{i:0;i:2;i:1;i:5;i:2;i:6;i:3;i:7;}}i:35;a:4:{s:1:\"a\";i:36;s:1:\"b\";s:12:\"create-posts\";s:1:\"c\";s:3:\"web\";s:1:\"r\";a:3:{i:0;i:2;i:1;i:5;i:2;i:7;}}i:36;a:4:{s:1:\"a\";i:37;s:1:\"b\";s:10:\"edit-posts\";s:1:\"c\";s:3:\"web\";s:1:\"r\";a:3:{i:0;i:2;i:1;i:5;i:2;i:7;}}i:37;a:4:{s:1:\"a\";i:38;s:1:\"b\";s:12:\"delete-posts\";s:1:\"c\";s:3:\"web\";s:1:\"r\";a:3:{i:0;i:2;i:1;i:5;i:2;i:7;}}i:38;a:4:{s:1:\"a\";i:39;s:1:\"b\";s:13:\"publish-posts\";s:1:\"c\";s:3:\"web\";s:1:\"r\";a:3:{i:0;i:2;i:1;i:5;i:2;i:7;}}i:39;a:4:{s:1:\"a\";i:40;s:1:\"b\";s:13:\"view-settings\";s:1:\"c\";s:3:\"web\";s:1:\"r\";a:2:{i:0;i:2;i:1;i:7;}}i:40;a:4:{s:1:\"a\";i:41;s:1:\"b\";s:13:\"edit-settings\";s:1:\"c\";s:3:\"web\";s:1:\"r\";a:2:{i:0;i:2;i:1;i:7;}}i:41;a:4:{s:1:\"a\";i:42;s:1:\"b\";s:12:\"view-reports\";s:1:\"c\";s:3:\"web\";s:1:\"r\";a:4:{i:0;i:2;i:1;i:3;i:2;i:4;i:3;i:7;}}i:42;a:4:{s:1:\"a\";i:43;s:1:\"b\";s:14:\"export-reports\";s:1:\"c\";s:3:\"web\";s:1:\"r\";a:2:{i:0;i:2;i:1;i:7;}}i:43;a:4:{s:1:\"a\";i:44;s:1:\"b\";s:13:\"update-events\";s:1:\"c\";s:3:\"web\";s:1:\"r\";a:1:{i:0;i:7;}}i:44;a:4:{s:1:\"a\";i:45;s:1:\"b\";s:14:\"publish-events\";s:1:\"c\";s:3:\"web\";s:1:\"r\";a:1:{i:0;i:7;}}i:45;a:4:{s:1:\"a\";i:46;s:1:\"b\";s:13:\"cancel-events\";s:1:\"c\";s:3:\"web\";s:1:\"r\";a:1:{i:0;i:7;}}i:46;a:4:{s:1:\"a\";i:47;s:1:\"b\";s:14:\"approve-events\";s:1:\"c\";s:3:\"web\";s:1:\"r\";a:1:{i:0;i:7;}}i:47;a:4:{s:1:\"a\";i:48;s:1:\"b\";s:13:\"reject-events\";s:1:\"c\";s:3:\"web\";s:1:\"r\";a:1:{i:0;i:7;}}}s:5:\"roles\";a:6:{i:0;a:3:{s:1:\"a\";i:7;s:1:\"b\";s:11:\"super_admin\";s:1:\"c\";s:3:\"web\";}i:1;a:3:{s:1:\"a\";i:2;s:1:\"b\";s:12:\"client_admin\";s:1:\"c\";s:3:\"web\";}i:2;a:3:{s:1:\"a\";i:3;s:1:\"b\";s:13:\"event_manager\";s:1:\"c\";s:3:\"web\";}i:3;a:3:{s:1:\"a\";i:6;s:1:\"b\";s:8:\"attendee\";s:1:\"c\";s:3:\"web\";}i:4;a:3:{s:1:\"a\";i:4;s:1:\"b\";s:14:\"voting_manager\";s:1:\"c\";s:3:\"web\";}i:5;a:3:{s:1:\"a\";i:5;s:1:\"b\";s:15:\"content_manager\";s:1:\"c\";s:3:\"web\";}}}', 1773658402);

-- --------------------------------------------------------

--
-- Table structure for table `cache_locks`
--

CREATE TABLE `cache_locks` (
  `key` varchar(255) COLLATE utf8mb4_unicode_ci NOT NULL,
  `owner` varchar(255) COLLATE utf8mb4_unicode_ci NOT NULL,
  `expiration` int NOT NULL
) ENGINE=InnoDB DEFAULT CHARSET=utf8mb4 COLLATE=utf8mb4_unicode_ci;

-- --------------------------------------------------------

--
-- Table structure for table `clients`
--

CREATE TABLE `clients` (
  `id` bigint UNSIGNED NOT NULL,
  `name` varchar(255) COLLATE utf8mb4_unicode_ci NOT NULL,
  `slug` varchar(255) COLLATE utf8mb4_unicode_ci NOT NULL,
  `email` varchar(255) COLLATE utf8mb4_unicode_ci NOT NULL,
  `phone` varchar(255) COLLATE utf8mb4_unicode_ci DEFAULT NULL,
  `type` enum('organization','individual') COLLATE utf8mb4_unicode_ci NOT NULL DEFAULT 'organization',
  `logo` varchar(255) COLLATE utf8mb4_unicode_ci DEFAULT NULL,
  `description` text COLLATE utf8mb4_unicode_ci,
  `subscription_plan` enum('free','basic','premium','enterprise') COLLATE utf8mb4_unicode_ci NOT NULL DEFAULT 'free',
  `subscription_start` timestamp NULL DEFAULT NULL,
  `subscription_end` timestamp NULL DEFAULT NULL,
  `subscription_status` enum('active','inactive','suspended','cancelled') COLLATE utf8mb4_unicode_ci NOT NULL DEFAULT 'active',
  `max_events` int NOT NULL DEFAULT '5',
  `max_users` int NOT NULL DEFAULT '10',
  `max_storage_mb` int NOT NULL DEFAULT '1000',
  `settings` json DEFAULT NULL,
  `timezone` varchar(255) COLLATE utf8mb4_unicode_ci NOT NULL DEFAULT 'Africa/Nairobi',
  `currency` varchar(255) COLLATE utf8mb4_unicode_ci NOT NULL DEFAULT 'KES',
  `voting_commission_rate` decimal(5,2) DEFAULT NULL,
  `ticketing_commission_rate` decimal(5,2) DEFAULT NULL,
  `paystack_subaccount_id` varchar(255) COLLATE utf8mb4_unicode_ci DEFAULT NULL,
  `paystack_subaccount_code` varchar(255) COLLATE utf8mb4_unicode_ci DEFAULT NULL,
  `bank_name` varchar(255) COLLATE utf8mb4_unicode_ci DEFAULT NULL,
  `bank_code` varchar(255) COLLATE utf8mb4_unicode_ci DEFAULT NULL,
  `bank_account_number` varchar(255) COLLATE utf8mb4_unicode_ci DEFAULT NULL,
  `bank_account_name` varchar(255) COLLATE utf8mb4_unicode_ci DEFAULT NULL,
  `paystack_subaccount_active` tinyint(1) NOT NULL DEFAULT '0',
  `mpesa_payout_phone` varchar(255) COLLATE utf8mb4_unicode_ci DEFAULT NULL,
  `mpesa_payout_till` varchar(255) COLLATE utf8mb4_unicode_ci DEFAULT NULL,
  `daraja_consumer_key` varchar(255) COLLATE utf8mb4_unicode_ci DEFAULT NULL,
  `daraja_consumer_secret` varchar(255) COLLATE utf8mb4_unicode_ci DEFAULT NULL,
  `daraja_shortcode` varchar(255) COLLATE utf8mb4_unicode_ci DEFAULT NULL,
  `daraja_passkey` varchar(255) COLLATE utf8mb4_unicode_ci DEFAULT NULL,
  `daraja_env` enum('sandbox','production') COLLATE utf8mb4_unicode_ci NOT NULL DEFAULT 'sandbox',
  `daraja_active` tinyint(1) NOT NULL DEFAULT '0',
  `commission_rate` decimal(5,2) DEFAULT NULL COMMENT 'Custom commission rate for this client (percentage)',
  `language` varchar(255) COLLATE utf8mb4_unicode_ci NOT NULL DEFAULT 'en',
  `is_active` tinyint(1) NOT NULL DEFAULT '1',
  `last_active_at` timestamp NULL DEFAULT NULL,
  `created_at` timestamp NULL DEFAULT NULL,
  `updated_at` timestamp NULL DEFAULT NULL,
  `deleted_at` timestamp NULL DEFAULT NULL
) ENGINE=InnoDB DEFAULT CHARSET=utf8mb4 COLLATE=utf8mb4_unicode_ci;

--
-- Dumping data for table `clients`
--

INSERT INTO `clients` (`id`, `name`, `slug`, `email`, `phone`, `type`, `logo`, `description`, `subscription_plan`, `subscription_start`, `subscription_end`, `subscription_status`, `max_events`, `max_users`, `max_storage_mb`, `settings`, `timezone`, `currency`, `voting_commission_rate`, `ticketing_commission_rate`, `paystack_subaccount_id`, `paystack_subaccount_code`, `bank_name`, `bank_code`, `bank_account_number`, `bank_account_name`, `paystack_subaccount_active`, `mpesa_payout_phone`, `mpesa_payout_till`, `daraja_consumer_key`, `daraja_consumer_secret`, `daraja_shortcode`, `daraja_passkey`, `daraja_env`, `daraja_active`, `commission_rate`, `language`, `is_active`, `last_active_at`, `created_at`, `updated_at`, `deleted_at`) VALUES
(1, 'Tuqio Hub Demo', 'tuqio-hub-demo', 'demo@tuqiohub.com', '+254700000001', 'organization', NULL, 'Demo client for testing purposes', 'enterprise', '2026-02-12 09:06:46', '2027-02-12 09:06:46', 'active', 100, 50, 10000, NULL, 'Africa/Nairobi', 'KES', NULL, NULL, NULL, NULL, NULL, NULL, NULL, NULL, 0, NULL, NULL, NULL, NULL, NULL, NULL, 'sandbox', 0, 15.00, 'en', 1, NULL, '2026-02-12 09:06:46', '2026-03-03 05:41:16', NULL),
(2, 'Tech Events Kenya', 'tech-events-kenya', 'info@techeventskenya.com', '+254700000002', 'organization', NULL, 'Technology events and conferences in Kenya', 'premium', '2026-02-12 09:06:46', '2026-08-12 09:06:46', 'active', 50, 25, 5000, NULL, 'Africa/Nairobi', 'KES', NULL, NULL, NULL, NULL, NULL, NULL, NULL, NULL, 0, NULL, NULL, NULL, NULL, NULL, NULL, 'sandbox', 0, NULL, 'en', 1, NULL, '2026-02-12 09:06:46', '2026-02-12 09:06:46', NULL),
(3, 'Community Voting Platform', 'community-voting', 'admin@communityvoting.org', '+254700000003', 'organization', NULL, 'Democratic voting for community organizations', 'basic', '2026-02-12 09:06:46', '2026-05-12 09:06:46', 'active', 20, 10, 2000, NULL, 'Africa/Nairobi', 'KES', NULL, NULL, NULL, NULL, NULL, NULL, NULL, NULL, 0, NULL, NULL, NULL, NULL, NULL, NULL, 'sandbox', 0, NULL, 'en', 1, NULL, '2026-02-12 09:06:46', '2026-02-12 09:06:46', NULL),
(4, 'Independent Kenya Woman Awards', 'ikwa', 'info@independentkenyawomenawards.com', '+254700795879', 'organization', NULL, 'Independent Kenya Woman Awards — celebrating outstanding Kenyan women in leadership, business, and community impact.', 'free', NULL, NULL, 'active', 5, 10, 1000, '{\"primary_color\": \"#ed1c24\", \"secondary_color\": \"#1e1548\"}', 'Africa/Nairobi', 'KES', 18.00, 5.00, '1728258', 'ACCT_54l9l5vpp0zuzqi', 'I & M Bank Kenya Ltd', '57', '00404525273050', 'Independent Kenya Woman Awards', 1, NULL, NULL, NULL, NULL, NULL, NULL, 'sandbox', 0, NULL, 'en', 1, NULL, '2026-03-06 07:11:12', '2026-03-15 09:33:17', NULL),
(5, 'joshua events', 'joshua-events', 'makuenidfcs@gmail.com', NULL, 'organization', NULL, NULL, 'basic', '2026-03-13 05:42:11', '2027-03-13 05:42:11', 'active', 10, 1, 1000, NULL, 'Africa/Nairobi', 'KES', NULL, NULL, NULL, NULL, NULL, NULL, NULL, NULL, 0, NULL, NULL, NULL, NULL, NULL, NULL, 'sandbox', 0, NULL, 'en', 1, NULL, '2026-03-13 05:42:11', '2026-03-13 05:42:11', NULL),
(6, 'Myogenic Excellence Music Awards', 'mema', 'ngumbaujoshua4@gmail.com', '+254757140682', 'organization', NULL, 'Myogenic Excellence Music Awards — Honouring Africa\'s Voices and Sounds.', 'free', NULL, NULL, 'active', 5, 10, 1000, '{\"primary_color\": \"#ed1c24\", \"secondary_color\": \"#1e1548\"}', 'Africa/Nairobi', 'KES', 4.00, 5.00, '1755029', 'ACCT_r58no3vdgnstnzu', 'I & M Bank Kenya Ltd', '57', '00404525273050', 'Independent Kenya Woman Awards', 1, NULL, NULL, NULL, NULL, NULL, NULL, 'sandbox', 0, NULL, 'en', 1, NULL, '2026-03-16 06:37:31', '2026-03-27 04:28:15', NULL);

-- --------------------------------------------------------

--
-- Table structure for table `client_balances`
--

CREATE TABLE `client_balances` (
  `id` bigint UNSIGNED NOT NULL,
  `client_id` bigint UNSIGNED NOT NULL,
  `available_balance` decimal(15,2) NOT NULL DEFAULT '0.00',
  `pending_balance` decimal(15,2) NOT NULL DEFAULT '0.00',
  `reserved_balance` decimal(15,2) NOT NULL DEFAULT '0.00',
  `lifetime_earnings` decimal(15,2) NOT NULL DEFAULT '0.00',
  `lifetime_payouts` decimal(15,2) NOT NULL DEFAULT '0.00',
  `currency` varchar(3) COLLATE utf8mb4_unicode_ci NOT NULL DEFAULT 'KES',
  `last_transaction_at` timestamp NULL DEFAULT NULL,
  `last_payout_at` timestamp NULL DEFAULT NULL,
  `created_at` timestamp NULL DEFAULT NULL,
  `updated_at` timestamp NULL DEFAULT NULL
) ENGINE=InnoDB DEFAULT CHARSET=utf8mb4 COLLATE=utf8mb4_unicode_ci;

--
-- Dumping data for table `client_balances`
--

INSERT INTO `client_balances` (`id`, `client_id`, `available_balance`, `pending_balance`, `reserved_balance`, `lifetime_earnings`, `lifetime_payouts`, `currency`, `last_transaction_at`, `last_payout_at`, `created_at`, `updated_at`) VALUES
(1, 1, 0.00, 0.00, 0.00, 0.00, 0.00, 'KES', NULL, NULL, '2026-02-12 09:07:18', '2026-03-03 05:40:38');

-- --------------------------------------------------------

--
-- Table structure for table `comments`
--

CREATE TABLE `comments` (
  `id` bigint UNSIGNED NOT NULL,
  `uuid` char(36) COLLATE utf8mb4_unicode_ci NOT NULL,
  `client_id` bigint UNSIGNED NOT NULL,
  `post_id` bigint UNSIGNED NOT NULL,
  `parent_id` bigint UNSIGNED DEFAULT NULL,
  `user_id` bigint UNSIGNED DEFAULT NULL,
  `author_name` varchar(255) COLLATE utf8mb4_unicode_ci DEFAULT NULL,
  `author_email` varchar(255) COLLATE utf8mb4_unicode_ci DEFAULT NULL,
  `author_ip` varchar(45) COLLATE utf8mb4_unicode_ci DEFAULT NULL,
  `content` text COLLATE utf8mb4_unicode_ci NOT NULL,
  `status` enum('pending','approved','spam','rejected') COLLATE utf8mb4_unicode_ci NOT NULL DEFAULT 'pending',
  `is_pinned` tinyint(1) NOT NULL DEFAULT '0',
  `is_edited` tinyint(1) NOT NULL DEFAULT '0',
  `likes_count` int UNSIGNED NOT NULL DEFAULT '0',
  `replies_count` int UNSIGNED NOT NULL DEFAULT '0',
  `approved_by` bigint UNSIGNED DEFAULT NULL,
  `approved_at` timestamp NULL DEFAULT NULL,
  `created_at` timestamp NULL DEFAULT NULL,
  `updated_at` timestamp NULL DEFAULT NULL,
  `deleted_at` timestamp NULL DEFAULT NULL
) ENGINE=InnoDB DEFAULT CHARSET=utf8mb4 COLLATE=utf8mb4_unicode_ci;

--
-- Dumping data for table `comments`
--

INSERT INTO `comments` (`id`, `uuid`, `client_id`, `post_id`, `parent_id`, `user_id`, `author_name`, `author_email`, `author_ip`, `content`, `status`, `is_pinned`, `is_edited`, `likes_count`, `replies_count`, `approved_by`, `approved_at`, `created_at`, `updated_at`, `deleted_at`) VALUES
(1, '67da9b25-df15-4a80-bca8-63b286336d75', 1, 1, NULL, NULL, 'Guest User 90', 'guest75@example.com', '169.224.5.87', 'Thank you for sharing these insights. Very valuable information.', 'approved', 0, 0, 0, 0, 1, '2026-03-04 04:41:31', '2026-03-03 17:44:05', '2026-03-04 04:41:31', NULL),
(2, '5f4831a7-cab6-421d-b33a-22cdbdac0e86', 1, 1, NULL, NULL, 'Guest User 80', 'guest12@example.com', '11.16.198.236', 'Thank you for sharing these insights. Very valuable information.', 'approved', 0, 0, 0, 0, 1, '2026-03-03 18:44:12', '2026-03-03 17:44:05', '2026-03-03 18:44:12', NULL),
(3, 'e8815f22-9260-4463-9c15-9df45df33e9d', 1, 1, 2, 3, 'Demo Event Manager', 'events@tuqiohub.com', '192.34.219.25', 'Appreciate your input on this topic.', 'approved', 0, 0, 0, 0, 2, '2026-02-28 17:44:05', '2026-03-03 17:44:05', '2026-03-03 17:44:05', NULL),
(4, 'eec084c9-eb05-4bdd-9628-cb8cf4e7fcf4', 1, 1, 2, 2, 'Demo Admin', 'demo.admin@tuqiohub.com', '203.150.11.44', 'Exactly! That\'s what we\'re trying to achieve.', 'approved', 0, 0, 0, 0, 2, '2026-02-28 17:44:05', '2026-03-03 17:44:05', '2026-03-03 17:44:05', NULL),
(5, '2d5087b2-7657-4476-8da0-373e8145afd7', 1, 1, NULL, NULL, 'Guest User 59', 'guest71@example.com', '174.150.7.181', 'Great article! This really helped me understand the process better.', 'approved', 0, 0, 0, 0, 1, '2026-03-03 18:46:37', '2026-03-03 17:44:05', '2026-03-03 18:46:37', NULL),
(6, 'f660a2f1-0ed4-40ec-b61f-3f255a4994a5', 1, 2, NULL, NULL, 'Guest User 2', 'guest20@example.com', '217.177.211.51', 'Great article! This really helped me understand the process better.', 'pending', 0, 0, 0, 0, NULL, NULL, '2026-03-03 17:44:05', '2026-03-03 17:44:05', NULL),
(7, '3b8e3eca-7b8a-46ef-b280-170d1cfebdc7', 1, 2, 6, NULL, 'Guest Replier 53', 'replier22@example.com', '49.177.139.109', 'That\'s a great addition to the discussion.', 'approved', 0, 0, 0, 0, 2, '2026-02-28 17:44:05', '2026-03-03 17:44:05', '2026-03-03 17:44:05', NULL),
(8, '5f833d57-d679-49c7-8cf6-cc1491ee7c39', 1, 2, NULL, NULL, 'Guest User 81', 'guest45@example.com', '165.57.69.106', 'Interesting perspective on event management. Looking forward to more content like this.', 'approved', 0, 0, 0, 0, 2, '2026-03-01 17:44:05', '2026-03-03 17:44:05', '2026-03-03 17:44:05', NULL),
(9, 'ce247308-e021-45ae-b053-128c73a2246d', 1, 2, 8, NULL, 'Guest Replier 34', 'replier59@example.com', '42.79.168.86', 'Appreciate your input on this topic.', 'pending', 0, 0, 0, 0, NULL, NULL, '2026-03-03 17:44:05', '2026-03-03 17:44:05', NULL),
(10, 'e1ab6e11-35fb-4cbb-b9bf-9fc58a37a004', 1, 3, NULL, NULL, 'Guest User 10', 'guest95@example.com', '103.143.234.128', 'I\'ve been following your platform for a while now, and the improvements are impressive.', 'approved', 0, 0, 0, 0, 2, '2026-02-28 17:44:05', '2026-03-03 17:44:05', '2026-03-03 17:44:05', NULL),
(11, '26b5a1ce-f631-4056-be7c-a355b1b48dc3', 1, 3, NULL, 2, 'Demo Admin', 'demo.admin@tuqiohub.com', '120.159.247.246', 'Great article! This really helped me understand the process better.', 'spam', 0, 0, 0, 0, NULL, NULL, '2026-03-03 17:44:05', '2026-03-03 17:44:05', NULL),
(12, '9d177d92-889e-4b14-bf7b-b72d95f45018', 1, 4, NULL, 2, 'Demo Admin', 'demo.admin@tuqiohub.com', '113.27.90.21', 'Thank you for sharing these insights. Very valuable information.', 'approved', 0, 0, 0, 0, 2, '2026-02-26 17:44:05', '2026-03-03 17:44:05', '2026-03-03 17:44:05', NULL),
(13, '5de34704-883e-438a-9de8-453090230a4d', 1, 4, NULL, 2, 'Demo Admin', 'demo.admin@tuqiohub.com', '64.190.206.54', 'Great article! This really helped me understand the process better.', 'spam', 0, 0, 0, 0, NULL, NULL, '2026-03-03 17:44:05', '2026-03-03 17:44:05', NULL),
(14, '9d734bf6-5dde-495d-b256-f6a29dd5faf3', 1, 4, NULL, 3, 'Demo Event Manager', 'events@tuqiohub.com', '10.21.73.43', 'Interesting perspective on event management. Looking forward to more content like this.', 'approved', 0, 0, 0, 0, 2, '2026-02-27 17:44:05', '2026-03-03 17:44:05', '2026-03-03 17:44:05', NULL),
(15, 'ffbe210b-9494-4179-a42e-55afdfb523b1', 1, 5, NULL, 3, 'Demo Event Manager', 'events@tuqiohub.com', '10.218.176.172', 'Great article! This really helped me understand the process better.', 'spam', 0, 0, 0, 0, NULL, NULL, '2026-03-03 17:44:05', '2026-03-03 17:44:05', NULL),
(16, '3ad3fff0-312d-4361-89f9-484d1872300c', 1, 5, NULL, NULL, 'Guest User 94', 'guest52@example.com', '47.207.233.184', 'I\'ve been following your platform for a while now, and the improvements are impressive.', 'approved', 0, 0, 0, 0, 2, '2026-02-27 17:44:05', '2026-03-03 17:44:05', '2026-03-03 17:44:05', NULL),
(17, 'a45632a7-ac88-46ca-bc71-ef1d3726f97f', 1, 6, NULL, NULL, 'Guest User 44', 'guest80@example.com', '222.196.34.62', 'As an event organizer, I find these tips extremely practical and actionable.', 'approved', 0, 0, 0, 0, 2, '2026-03-01 17:44:05', '2026-03-03 17:44:05', '2026-03-03 17:44:05', NULL),
(18, '0d02081e-8cbd-4223-91ba-476b47ed5103', 1, 6, NULL, NULL, 'Guest User 83', 'guest69@example.com', '230.103.177.34', 'As an event organizer, I find these tips extremely practical and actionable.', 'spam', 0, 0, 0, 0, NULL, NULL, '2026-03-03 17:44:05', '2026-03-03 17:44:05', NULL),
(19, '0939057b-9a53-4983-86fb-b7b8f6eb77c2', 1, 6, 18, NULL, 'Guest Replier 31', 'replier67@example.com', '101.82.157.68', 'Appreciate your input on this topic.', 'approved', 0, 0, 0, 0, 2, '2026-03-01 17:44:05', '2026-03-03 17:44:05', '2026-03-03 17:44:05', NULL),
(20, '8b47a492-1f48-492f-81d9-ca87c0d8bb7e', 1, 6, 18, NULL, 'Guest Replier 90', 'replier62@example.com', '177.6.140.241', 'Thanks for your feedback. Glad you found it helpful!', 'approved', 0, 0, 0, 0, 2, '2026-02-28 17:44:05', '2026-03-03 17:44:05', '2026-03-03 17:44:05', NULL),
(21, 'cc5dcfe8-38e8-451b-a990-9b76d723e844', 1, 6, NULL, NULL, 'Guest User 85', 'guest28@example.com', '218.250.81.186', 'This is exactly what I was looking for. Thanks for the detailed explanation.', 'approved', 0, 0, 0, 0, 2, '2026-02-28 17:44:05', '2026-03-03 17:44:05', '2026-03-03 17:44:05', NULL),
(22, '5d7a57b7-e3de-4c90-aa8e-d1ec5179aef9', 1, 6, 21, 2, 'Demo Admin', 'demo.admin@tuqiohub.com', '20.8.133.107', 'That\'s a great addition to the discussion.', 'approved', 0, 0, 0, 0, 2, '2026-03-01 17:44:05', '2026-03-03 17:44:05', '2026-03-03 17:44:05', NULL),
(23, '0f0514dd-3806-4d6f-88dd-ec53e635b493', 1, 6, 21, NULL, 'Guest Replier 78', 'replier71@example.com', '70.180.131.251', 'That\'s a great addition to the discussion.', 'approved', 0, 0, 0, 0, 2, '2026-03-02 17:44:05', '2026-03-03 17:44:05', '2026-03-03 17:44:05', NULL),
(24, '8f4a0287-f74b-4d1f-af59-824aa9df2187', 2, 11, NULL, 4, 'Tech Admin', 'admin@techeventskenya.com', '112.232.175.3', 'As an event organizer, I find these tips extremely practical and actionable.', 'approved', 0, 0, 0, 0, 4, '2026-02-28 17:44:05', '2026-03-03 17:44:05', '2026-03-03 17:44:05', NULL),
(25, '20f2e55e-8366-4d98-a403-ef3eda6e5894', 2, 11, 24, NULL, 'Guest Replier 42', 'replier2@example.com', '170.8.225.142', 'Appreciate your input on this topic.', 'pending', 0, 0, 0, 0, NULL, NULL, '2026-03-03 17:44:05', '2026-03-03 17:44:05', NULL),
(26, '98667f29-a67c-49d3-9f05-8807eb932c90', 2, 11, NULL, NULL, 'Guest User 41', 'guest47@example.com', '177.52.92.26', 'This is exactly what I was looking for. Thanks for the detailed explanation.', 'pending', 0, 0, 0, 0, NULL, NULL, '2026-03-03 17:44:05', '2026-03-03 17:44:05', NULL),
(27, '3c40bb38-519e-4385-b4c7-b93938b08e8b', 2, 12, NULL, NULL, 'Guest User 56', 'guest17@example.com', '164.22.204.166', 'I\'ve been following your platform for a while now, and the improvements are impressive.', 'approved', 0, 0, 0, 0, 4, '2026-02-28 17:44:05', '2026-03-03 17:44:05', '2026-03-03 17:44:05', NULL),
(28, '8654acf8-6c72-4456-a21a-7ece93010a6c', 2, 12, 27, 4, 'Tech Admin', 'admin@techeventskenya.com', '128.57.25.55', 'I completely agree with your point!', 'approved', 0, 0, 0, 0, 4, '2026-03-01 17:44:05', '2026-03-03 17:44:05', '2026-03-03 17:44:05', NULL),
(29, '8b0d6947-8cff-47f1-bdc5-64d895329f44', 2, 12, 27, 4, 'Tech Admin', 'admin@techeventskenya.com', '240.91.17.214', 'Exactly! That\'s what we\'re trying to achieve.', 'approved', 0, 0, 0, 0, 4, '2026-03-02 17:44:05', '2026-03-03 17:44:05', '2026-03-03 17:44:05', NULL),
(30, '045c72de-a1b2-404e-a858-4c607044ad20', 2, 12, NULL, NULL, 'Guest User 39', 'guest96@example.com', '138.215.18.109', 'Interesting perspective on event management. Looking forward to more content like this.', 'pending', 0, 0, 0, 0, NULL, NULL, '2026-03-03 17:44:05', '2026-03-03 17:44:05', NULL),
(31, '1127f475-4f59-4c15-82f8-83361fe4fd39', 2, 13, NULL, 4, 'Tech Admin', 'admin@techeventskenya.com', '143.51.48.55', 'As an event organizer, I find these tips extremely practical and actionable.', 'pending', 0, 0, 0, 0, NULL, NULL, '2026-03-03 17:44:05', '2026-03-03 17:44:05', NULL),
(32, '649365af-ff3d-434c-a75e-8d26aeb1b92d', 2, 13, NULL, 4, 'Tech Admin', 'admin@techeventskenya.com', '151.241.234.67', 'Interesting perspective on event management. Looking forward to more content like this.', 'approved', 0, 0, 0, 0, 4, '2026-02-27 17:44:05', '2026-03-03 17:44:05', '2026-03-03 17:44:05', NULL),
(33, 'dafabdfc-a759-42f3-bfd1-05822aafe019', 2, 13, 32, 4, 'Tech Admin', 'admin@techeventskenya.com', '107.115.175.179', 'Appreciate your input on this topic.', 'approved', 0, 0, 0, 0, 4, '2026-02-28 17:44:05', '2026-03-03 17:44:05', '2026-03-03 17:44:05', NULL),
(34, 'f9f5db0d-a0fc-47de-8daa-94a0b92f96ae', 2, 14, NULL, 4, 'Tech Admin', 'admin@techeventskenya.com', '12.54.118.116', 'As an event organizer, I find these tips extremely practical and actionable.', 'spam', 0, 0, 0, 0, NULL, NULL, '2026-03-03 17:44:05', '2026-03-03 17:44:05', NULL),
(35, '6f96b55f-d8b7-47fc-9959-4684a237f558', 2, 14, 34, NULL, 'Guest Replier 10', 'replier50@example.com', '159.51.160.78', 'Thanks for your feedback. Glad you found it helpful!', 'pending', 0, 0, 0, 0, NULL, NULL, '2026-03-03 17:44:05', '2026-03-03 17:44:05', NULL),
(36, '4a028c14-c19d-4565-967a-0e810cbc7912', 2, 14, 34, 4, 'Tech Admin', 'admin@techeventskenya.com', '170.138.87.207', 'Exactly! That\'s what we\'re trying to achieve.', 'approved', 0, 0, 0, 0, 4, '2026-02-28 17:44:05', '2026-03-03 17:44:05', '2026-03-03 17:44:05', NULL),
(37, '27e85b07-802b-4c6e-aa19-08b719c432a6', 2, 14, NULL, NULL, 'Guest User 89', 'guest100@example.com', '238.23.174.219', 'As an event organizer, I find these tips extremely practical and actionable.', 'pending', 0, 0, 0, 0, NULL, NULL, '2026-03-03 17:44:05', '2026-03-03 17:44:05', NULL),
(38, '505430f3-9ab2-449d-bd73-1cb396644b6d', 2, 14, 37, NULL, 'Guest Replier 24', 'replier19@example.com', '140.169.193.75', 'Exactly! That\'s what we\'re trying to achieve.', 'pending', 0, 0, 0, 0, NULL, NULL, '2026-03-03 17:44:05', '2026-03-03 17:44:05', NULL),
(39, '64b6376c-d4d5-4a2b-85d9-1033d9e71489', 2, 14, 37, NULL, 'Guest Replier 61', 'replier79@example.com', '109.147.214.35', 'That\'s a great addition to the discussion.', 'approved', 0, 0, 0, 0, 4, '2026-02-28 17:44:05', '2026-03-03 17:44:05', '2026-03-03 17:44:05', NULL),
(40, '81e0302a-2b83-447f-97e0-f83b5fa37326', 2, 14, NULL, NULL, 'Guest User 14', 'guest8@example.com', '132.50.51.61', 'As an event organizer, I find these tips extremely practical and actionable.', 'approved', 0, 0, 0, 0, 4, '2026-03-02 17:44:05', '2026-03-03 17:44:05', '2026-03-03 17:44:05', NULL),
(41, '19abbecd-f6f6-4b3e-90d7-4e7229facc9d', 2, 14, 40, NULL, 'Guest Replier 10', 'replier68@example.com', '238.142.161.147', 'That\'s a great addition to the discussion.', 'approved', 0, 0, 0, 0, 4, '2026-03-02 17:44:05', '2026-03-03 17:44:05', '2026-03-03 17:44:05', NULL),
(42, '05d4dbac-9878-4aa2-8da3-db62019bd51d', 2, 15, NULL, 4, 'Tech Admin', 'admin@techeventskenya.com', '226.244.208.77', 'As an event organizer, I find these tips extremely practical and actionable.', 'pending', 0, 0, 0, 0, NULL, NULL, '2026-03-03 17:44:05', '2026-03-03 17:44:05', NULL),
(43, 'f43a706c-4332-4209-bf97-12b7a8bdc593', 2, 15, 42, NULL, 'Guest Replier 4', 'replier17@example.com', '52.209.207.188', 'I completely agree with your point!', 'approved', 0, 0, 0, 0, 4, '2026-02-28 17:44:05', '2026-03-03 17:44:05', '2026-03-03 17:44:05', NULL),
(44, '6fa9e091-58c0-4fc6-a164-36939c14ca83', 2, 15, NULL, NULL, 'Guest User 38', 'guest72@example.com', '102.27.29.193', 'As an event organizer, I find these tips extremely practical and actionable.', 'approved', 0, 0, 0, 0, 4, '2026-02-28 17:44:05', '2026-03-03 17:44:05', '2026-03-03 17:44:05', NULL),
(45, '413624f5-75e8-4c48-8d56-c7c8157b355c', 2, 15, NULL, NULL, 'Guest User 24', 'guest46@example.com', '7.25.237.120', 'Thank you for sharing these insights. Very valuable information.', 'approved', 0, 0, 0, 0, 4, '2026-02-27 17:44:05', '2026-03-03 17:44:05', '2026-03-03 17:44:05', NULL),
(46, '283f9661-e0fa-4325-94f6-37d957de7a7b', 2, 15, 45, NULL, 'Guest Replier 20', 'replier57@example.com', '188.135.42.117', 'I completely agree with your point!', 'approved', 0, 0, 0, 0, 4, '2026-03-01 17:44:05', '2026-03-03 17:44:05', '2026-03-03 17:44:05', NULL),
(47, '782de1fa-2098-457f-a633-68650738c6a4', 2, 16, NULL, 4, 'Tech Admin', 'admin@techeventskenya.com', '249.15.157.108', 'Great article! This really helped me understand the process better.', 'approved', 0, 0, 0, 0, 4, '2026-02-28 17:44:05', '2026-03-03 17:44:05', '2026-03-03 17:44:05', NULL),
(48, '11a11196-c92b-4bb0-ae93-3e09c4e07195', 2, 16, NULL, 4, 'Tech Admin', 'admin@techeventskenya.com', '134.91.29.124', 'This is exactly what I was looking for. Thanks for the detailed explanation.', 'spam', 0, 0, 0, 0, NULL, NULL, '2026-03-03 17:44:05', '2026-03-03 17:44:05', NULL),
(49, 'b55e7dac-f878-44f4-b255-49e1d20ee6c0', 2, 16, 48, 4, 'Tech Admin', 'admin@techeventskenya.com', '23.121.129.67', 'That\'s a great addition to the discussion.', 'approved', 0, 0, 0, 0, 4, '2026-03-02 17:44:05', '2026-03-03 17:44:05', '2026-03-03 17:44:05', NULL),
(50, 'd2f92c4d-a003-4c54-a8ee-6d48b420e9c2', 2, 16, 48, NULL, 'Guest Replier 10', 'replier86@example.com', '155.215.212.51', 'I completely agree with your point!', 'approved', 0, 0, 0, 0, 4, '2026-03-02 17:44:05', '2026-03-03 17:44:05', '2026-03-03 17:44:05', NULL),
(51, 'ed22b348-3306-4d51-85fb-94a11f0c9966', 2, 16, NULL, NULL, 'Guest User 11', 'guest45@example.com', '140.122.98.154', 'Thank you for sharing these insights. Very valuable information.', 'approved', 0, 0, 0, 0, 4, '2026-02-27 17:44:05', '2026-03-03 17:44:05', '2026-03-03 17:44:05', NULL),
(52, 'f800cbcd-3e54-4b31-b1fa-597d40d6250d', 2, 16, 51, 4, 'Tech Admin', 'admin@techeventskenya.com', '37.105.63.154', 'That\'s a great addition to the discussion.', 'approved', 0, 0, 0, 0, 4, '2026-02-28 17:44:05', '2026-03-03 17:44:05', '2026-03-03 17:44:05', NULL);

-- --------------------------------------------------------

--
-- Table structure for table `commission_splits`
--

CREATE TABLE `commission_splits` (
  `id` bigint UNSIGNED NOT NULL,
  `transaction_id` bigint UNSIGNED NOT NULL,
  `client_id` bigint UNSIGNED NOT NULL,
  `gross_amount` decimal(15,2) NOT NULL,
  `gateway_fee` decimal(10,2) NOT NULL DEFAULT '0.00',
  `gateway_channel` varchar(255) COLLATE utf8mb4_unicode_ci DEFAULT NULL,
  `commission_rate` decimal(5,2) NOT NULL,
  `platform_commission` decimal(15,2) NOT NULL,
  `client_revenue` decimal(15,2) NOT NULL,
  `vat_amount` decimal(15,2) NOT NULL DEFAULT '0.00',
  `other_fees` decimal(15,2) NOT NULL DEFAULT '0.00',
  `net_client_amount` decimal(15,2) NOT NULL,
  `commission_type` enum('standard','ticketing','voting','refund_reversal') COLLATE utf8mb4_unicode_ci NOT NULL DEFAULT 'standard',
  `applied_at` timestamp NOT NULL DEFAULT CURRENT_TIMESTAMP,
  `created_at` timestamp NULL DEFAULT NULL,
  `updated_at` timestamp NULL DEFAULT NULL
) ENGINE=InnoDB DEFAULT CHARSET=utf8mb4 COLLATE=utf8mb4_unicode_ci;

--
-- Dumping data for table `commission_splits`
--

INSERT INTO `commission_splits` (`id`, `transaction_id`, `client_id`, `gross_amount`, `gateway_fee`, `gateway_channel`, `commission_rate`, `platform_commission`, `client_revenue`, `vat_amount`, `other_fees`, `net_client_amount`, `commission_type`, `applied_at`, `created_at`, `updated_at`) VALUES
(1, 1, 1, 3000.00, 0.00, NULL, 15.00, 450.00, 2550.00, 0.00, 0.00, 2550.00, 'standard', '2026-03-03 05:37:53', '2026-03-03 05:37:53', '2026-03-03 05:37:53'),
(2, 2, 1, 1500.00, 0.00, NULL, 15.00, 225.00, 1275.00, 0.00, 0.00, 1275.00, 'standard', '2026-03-03 05:37:53', '2026-03-03 05:37:53', '2026-03-03 05:37:53'),
(3, 3, 1, 1500.00, 0.00, NULL, 15.00, 225.00, 1275.00, 0.00, 0.00, 1275.00, 'standard', '2026-03-03 05:37:53', '2026-03-03 05:37:53', '2026-03-03 05:37:53'),
(4, 4, 1, 5000.00, 0.00, NULL, 15.00, 750.00, 4250.00, 0.00, 0.00, 4250.00, 'standard', '2026-03-03 05:37:53', '2026-03-03 05:37:53', '2026-03-03 05:37:53'),
(5, 5, 1, 5000.00, 0.00, NULL, 15.00, 750.00, 4250.00, 0.00, 0.00, 4250.00, 'standard', '2026-03-03 05:37:53', '2026-03-03 05:37:53', '2026-03-03 05:37:53'),
(6, 6, 1, 24000.00, 0.00, NULL, 15.00, 3600.00, 20400.00, 0.00, 0.00, 20400.00, 'standard', '2026-03-03 05:37:53', '2026-03-03 05:37:53', '2026-03-03 05:37:53'),
(7, 7, 1, 1500.00, 0.00, NULL, 15.00, 225.00, 1275.00, 0.00, 0.00, 1275.00, 'standard', '2026-03-03 05:37:53', '2026-03-03 05:37:53', '2026-03-03 05:37:53'),
(8, 8, 1, 1500.00, 0.00, NULL, 15.00, 225.00, 1275.00, 0.00, 0.00, 1275.00, 'standard', '2026-03-03 05:37:53', '2026-03-03 05:37:53', '2026-03-03 05:37:53'),
(9, 9, 1, 1500.00, 0.00, NULL, 15.00, 225.00, 1275.00, 0.00, 0.00, 1275.00, 'standard', '2026-03-03 05:37:53', '2026-03-03 05:37:53', '2026-03-03 05:37:53'),
(10, 10, 1, 5000.00, 0.00, NULL, 15.00, 750.00, 4250.00, 0.00, 0.00, 4250.00, 'standard', '2026-03-03 05:37:53', '2026-03-03 05:37:53', '2026-03-03 05:37:53'),
(11, 11, 1, 10000.00, 0.00, NULL, 15.00, 1500.00, 8500.00, 0.00, 0.00, 8500.00, 'standard', '2026-03-03 05:37:53', '2026-03-03 05:37:53', '2026-03-03 05:37:53'),
(12, 12, 1, 12000.00, 0.00, NULL, 15.00, 1800.00, 10200.00, 0.00, 0.00, 10200.00, 'standard', '2026-03-03 05:37:53', '2026-03-03 05:37:53', '2026-03-03 05:37:53'),
(13, 13, 1, 1500.00, 0.00, NULL, 15.00, 225.00, 1275.00, 0.00, 0.00, 1275.00, 'standard', '2026-03-03 05:37:53', '2026-03-03 05:37:53', '2026-03-03 05:37:53'),
(14, 14, 1, 1500.00, 0.00, NULL, 15.00, 225.00, 1275.00, 0.00, 0.00, 1275.00, 'standard', '2026-03-03 05:37:53', '2026-03-03 05:37:53', '2026-03-03 05:37:53'),
(15, 15, 1, 1500.00, 0.00, NULL, 15.00, 225.00, 1275.00, 0.00, 0.00, 1275.00, 'standard', '2026-03-03 05:37:53', '2026-03-03 05:37:53', '2026-03-03 05:37:53'),
(16, 16, 1, 10000.00, 0.00, NULL, 15.00, 1500.00, 8500.00, 0.00, 0.00, 8500.00, 'standard', '2026-03-03 05:37:53', '2026-03-03 05:37:53', '2026-03-03 05:37:53'),
(17, 17, 1, 5000.00, 0.00, NULL, 15.00, 750.00, 4250.00, 0.00, 0.00, 4250.00, 'standard', '2026-03-03 05:37:53', '2026-03-03 05:37:53', '2026-03-03 05:37:53'),
(18, 18, 1, 12000.00, 0.00, NULL, 15.00, 1800.00, 10200.00, 0.00, 0.00, 10200.00, 'standard', '2026-03-03 05:37:53', '2026-03-03 05:37:53', '2026-03-03 05:37:53'),
(19, 19, 1, 1500.00, 0.00, NULL, 15.00, 225.00, 1275.00, 0.00, 0.00, 1275.00, 'standard', '2026-03-03 05:37:53', '2026-03-03 05:37:53', '2026-03-03 05:37:53'),
(20, 20, 1, 1500.00, 0.00, NULL, 15.00, 225.00, 1275.00, 0.00, 0.00, 1275.00, 'standard', '2026-03-03 05:37:53', '2026-03-03 05:37:53', '2026-03-03 05:37:53'),
(21, 21, 1, 3000.00, 0.00, NULL, 15.00, 450.00, 2550.00, 0.00, 0.00, 2550.00, 'standard', '2026-03-03 05:37:53', '2026-03-03 05:37:53', '2026-03-03 05:37:53'),
(22, 22, 1, 5000.00, 0.00, NULL, 15.00, 750.00, 4250.00, 0.00, 0.00, 4250.00, 'standard', '2026-03-03 05:37:53', '2026-03-03 05:37:53', '2026-03-03 05:37:53'),
(23, 23, 1, 5000.00, 0.00, NULL, 15.00, 750.00, 4250.00, 0.00, 0.00, 4250.00, 'standard', '2026-03-03 05:37:53', '2026-03-03 05:37:53', '2026-03-03 05:37:53'),
(24, 24, 1, 12000.00, 0.00, NULL, 15.00, 1800.00, 10200.00, 0.00, 0.00, 10200.00, 'standard', '2026-03-03 05:37:53', '2026-03-03 05:37:53', '2026-03-03 05:37:53'),
(25, 25, 1, 1500.00, 0.00, NULL, 15.00, 225.00, 1275.00, 0.00, 0.00, 1275.00, 'standard', '2026-03-03 05:37:53', '2026-03-03 05:37:53', '2026-03-03 05:37:53'),
(26, 26, 1, 3000.00, 0.00, NULL, 15.00, 450.00, 2550.00, 0.00, 0.00, 2550.00, 'standard', '2026-03-03 05:37:53', '2026-03-03 05:37:53', '2026-03-03 05:37:53'),
(27, 27, 1, 1500.00, 0.00, NULL, 15.00, 225.00, 1275.00, 0.00, 0.00, 1275.00, 'standard', '2026-03-03 05:37:53', '2026-03-03 05:37:53', '2026-03-03 05:37:53'),
(28, 28, 1, 5000.00, 0.00, NULL, 15.00, 750.00, 4250.00, 0.00, 0.00, 4250.00, 'standard', '2026-03-03 05:37:53', '2026-03-03 05:37:53', '2026-03-03 05:37:53'),
(29, 29, 1, 5000.00, 0.00, NULL, 15.00, 750.00, 4250.00, 0.00, 0.00, 4250.00, 'standard', '2026-03-03 05:37:53', '2026-03-03 05:37:53', '2026-03-03 05:37:53'),
(30, 30, 1, 12000.00, 0.00, NULL, 15.00, 1800.00, 10200.00, 0.00, 0.00, 10200.00, 'standard', '2026-03-03 05:37:53', '2026-03-03 05:37:53', '2026-03-03 05:37:53'),
(31, 31, 1, 50.00, 0.00, NULL, 20.00, 10.00, 40.00, 0.00, 0.00, 40.00, 'standard', '2026-03-03 05:37:53', '2026-03-03 05:37:53', '2026-03-03 05:37:53'),
(32, 32, 1, 50.00, 0.00, NULL, 20.00, 10.00, 40.00, 0.00, 0.00, 40.00, 'standard', '2026-03-03 05:37:53', '2026-03-03 05:37:53', '2026-03-03 05:37:53'),
(33, 33, 1, 20.00, 0.00, NULL, 20.00, 4.00, 16.00, 0.00, 0.00, 16.00, 'standard', '2026-03-03 05:37:53', '2026-03-03 05:37:53', '2026-03-03 05:37:53'),
(34, 34, 1, 100.00, 0.00, NULL, 20.00, 20.00, 80.00, 0.00, 0.00, 80.00, 'standard', '2026-03-03 05:37:53', '2026-03-03 05:37:53', '2026-03-03 05:37:53'),
(35, 35, 1, 50.00, 0.00, NULL, 20.00, 10.00, 40.00, 0.00, 0.00, 40.00, 'standard', '2026-03-03 05:37:53', '2026-03-03 05:37:53', '2026-03-03 05:37:53'),
(36, 36, 1, 100.00, 0.00, NULL, 20.00, 20.00, 80.00, 0.00, 0.00, 80.00, 'standard', '2026-03-03 05:37:53', '2026-03-03 05:37:53', '2026-03-03 05:37:53'),
(37, 37, 1, 20.00, 0.00, NULL, 20.00, 4.00, 16.00, 0.00, 0.00, 16.00, 'standard', '2026-03-03 05:37:53', '2026-03-03 05:37:53', '2026-03-03 05:37:53'),
(38, 38, 1, 20.00, 0.00, NULL, 20.00, 4.00, 16.00, 0.00, 0.00, 16.00, 'standard', '2026-03-03 05:37:53', '2026-03-03 05:37:53', '2026-03-03 05:37:53'),
(39, 39, 1, 100.00, 0.00, NULL, 20.00, 20.00, 80.00, 0.00, 0.00, 80.00, 'standard', '2026-03-03 05:37:53', '2026-03-03 05:37:53', '2026-03-03 05:37:53'),
(40, 40, 1, 200.00, 0.00, NULL, 20.00, 40.00, 160.00, 0.00, 0.00, 160.00, 'standard', '2026-03-03 05:37:53', '2026-03-03 05:37:53', '2026-03-03 05:37:53'),
(41, 41, 1, 200.00, 0.00, NULL, 20.00, 40.00, 160.00, 0.00, 0.00, 160.00, 'standard', '2026-03-03 05:37:53', '2026-03-03 05:37:53', '2026-03-03 05:37:53'),
(42, 42, 1, 20.00, 0.00, NULL, 20.00, 4.00, 16.00, 0.00, 0.00, 16.00, 'standard', '2026-03-03 05:37:53', '2026-03-03 05:37:53', '2026-03-03 05:37:53'),
(43, 43, 1, 100.00, 0.00, NULL, 20.00, 20.00, 80.00, 0.00, 0.00, 80.00, 'standard', '2026-03-03 05:37:53', '2026-03-03 05:37:53', '2026-03-03 05:37:53'),
(44, 44, 1, 100.00, 0.00, NULL, 20.00, 20.00, 80.00, 0.00, 0.00, 80.00, 'standard', '2026-03-03 05:37:53', '2026-03-03 05:37:53', '2026-03-03 05:37:53'),
(45, 45, 1, 50.00, 0.00, NULL, 20.00, 10.00, 40.00, 0.00, 0.00, 40.00, 'standard', '2026-03-03 05:37:53', '2026-03-03 05:37:53', '2026-03-03 05:37:53'),
(46, 46, 1, 100.00, 0.00, NULL, 20.00, 20.00, 80.00, 0.00, 0.00, 80.00, 'standard', '2026-03-03 05:37:53', '2026-03-03 05:37:53', '2026-03-03 05:37:53'),
(47, 47, 1, 100.00, 0.00, NULL, 20.00, 20.00, 80.00, 0.00, 0.00, 80.00, 'standard', '2026-03-03 05:37:53', '2026-03-03 05:37:53', '2026-03-03 05:37:53'),
(48, 48, 1, 200.00, 0.00, NULL, 20.00, 40.00, 160.00, 0.00, 0.00, 160.00, 'standard', '2026-03-03 05:37:53', '2026-03-03 05:37:53', '2026-03-03 05:37:53'),
(49, 49, 1, 200.00, 0.00, NULL, 20.00, 40.00, 160.00, 0.00, 0.00, 160.00, 'standard', '2026-03-03 05:37:53', '2026-03-03 05:37:53', '2026-03-03 05:37:53'),
(50, 50, 1, 50.00, 0.00, NULL, 20.00, 10.00, 40.00, 0.00, 0.00, 40.00, 'standard', '2026-03-03 05:37:53', '2026-03-03 05:37:53', '2026-03-03 05:37:53'),
(51, 51, 1, 50.00, 0.00, NULL, 20.00, 10.00, 40.00, 0.00, 0.00, 40.00, 'standard', '2026-03-03 05:37:53', '2026-03-03 05:37:53', '2026-03-03 05:37:53'),
(52, 52, 1, 200.00, 0.00, NULL, 20.00, 40.00, 160.00, 0.00, 0.00, 160.00, 'standard', '2026-03-03 05:37:53', '2026-03-03 05:37:53', '2026-03-03 05:37:53'),
(53, 53, 1, 50.00, 0.00, NULL, 20.00, 10.00, 40.00, 0.00, 0.00, 40.00, 'standard', '2026-03-03 05:37:53', '2026-03-03 05:37:53', '2026-03-03 05:37:53'),
(54, 54, 1, 50.00, 0.00, NULL, 20.00, 10.00, 40.00, 0.00, 0.00, 40.00, 'standard', '2026-03-03 05:37:53', '2026-03-03 05:37:53', '2026-03-03 05:37:53'),
(55, 55, 1, 100.00, 0.00, NULL, 20.00, 20.00, 80.00, 0.00, 0.00, 80.00, 'standard', '2026-03-03 05:37:53', '2026-03-03 05:37:53', '2026-03-03 05:37:53'),
(56, 56, 1, 200.00, 0.00, NULL, 20.00, 40.00, 160.00, 0.00, 0.00, 160.00, 'standard', '2026-03-03 05:37:53', '2026-03-03 05:37:53', '2026-03-03 05:37:53'),
(57, 57, 1, 20.00, 0.00, NULL, 20.00, 4.00, 16.00, 0.00, 0.00, 16.00, 'standard', '2026-03-03 05:37:53', '2026-03-03 05:37:53', '2026-03-03 05:37:53'),
(58, 58, 1, 20.00, 0.00, NULL, 20.00, 4.00, 16.00, 0.00, 0.00, 16.00, 'standard', '2026-03-03 05:37:53', '2026-03-03 05:37:53', '2026-03-03 05:37:53'),
(59, 59, 1, 200.00, 0.00, NULL, 20.00, 40.00, 160.00, 0.00, 0.00, 160.00, 'standard', '2026-03-03 05:37:53', '2026-03-03 05:37:53', '2026-03-03 05:37:53'),
(60, 60, 1, 100.00, 0.00, NULL, 20.00, 20.00, 80.00, 0.00, 0.00, 80.00, 'standard', '2026-03-03 05:37:53', '2026-03-03 05:37:53', '2026-03-03 05:37:53'),
(61, 61, 1, 50.00, 0.00, NULL, 20.00, 10.00, 40.00, 0.00, 0.00, 40.00, 'standard', '2026-03-03 05:37:53', '2026-03-03 05:37:53', '2026-03-03 05:37:53'),
(62, 62, 1, 50.00, 0.00, NULL, 20.00, 10.00, 40.00, 0.00, 0.00, 40.00, 'standard', '2026-03-03 05:37:53', '2026-03-03 05:37:53', '2026-03-03 05:37:53'),
(63, 63, 1, 200.00, 0.00, NULL, 20.00, 40.00, 160.00, 0.00, 0.00, 160.00, 'standard', '2026-03-03 05:37:53', '2026-03-03 05:37:53', '2026-03-03 05:37:53'),
(64, 64, 1, 20.00, 0.00, NULL, 20.00, 4.00, 16.00, 0.00, 0.00, 16.00, 'standard', '2026-03-03 05:37:53', '2026-03-03 05:37:53', '2026-03-03 05:37:53'),
(65, 65, 1, 50.00, 0.00, NULL, 20.00, 10.00, 40.00, 0.00, 0.00, 40.00, 'standard', '2026-03-03 05:37:53', '2026-03-03 05:37:53', '2026-03-03 05:37:53'),
(66, 66, 1, 200.00, 0.00, NULL, 20.00, 40.00, 160.00, 0.00, 0.00, 160.00, 'standard', '2026-03-03 05:37:53', '2026-03-03 05:37:53', '2026-03-03 05:37:53'),
(67, 67, 1, 20.00, 0.00, NULL, 20.00, 4.00, 16.00, 0.00, 0.00, 16.00, 'standard', '2026-03-03 05:37:53', '2026-03-03 05:37:53', '2026-03-03 05:37:53'),
(68, 68, 1, 50.00, 0.00, NULL, 20.00, 10.00, 40.00, 0.00, 0.00, 40.00, 'standard', '2026-03-03 05:37:53', '2026-03-03 05:37:53', '2026-03-03 05:37:53'),
(69, 69, 1, 200.00, 0.00, NULL, 20.00, 40.00, 160.00, 0.00, 0.00, 160.00, 'standard', '2026-03-03 05:37:53', '2026-03-03 05:37:53', '2026-03-03 05:37:53'),
(70, 70, 1, 100.00, 0.00, NULL, 20.00, 20.00, 80.00, 0.00, 0.00, 80.00, 'standard', '2026-03-03 05:37:53', '2026-03-03 05:37:53', '2026-03-03 05:37:53'),
(71, 71, 1, 200.00, 0.00, NULL, 20.00, 40.00, 160.00, 0.00, 0.00, 160.00, 'standard', '2026-03-03 05:37:53', '2026-03-03 05:37:53', '2026-03-03 05:37:53'),
(72, 72, 1, 200.00, 0.00, NULL, 20.00, 40.00, 160.00, 0.00, 0.00, 160.00, 'standard', '2026-03-03 05:37:53', '2026-03-03 05:37:53', '2026-03-03 05:37:53'),
(73, 73, 1, 20.00, 0.00, NULL, 20.00, 4.00, 16.00, 0.00, 0.00, 16.00, 'standard', '2026-03-03 05:37:53', '2026-03-03 05:37:53', '2026-03-03 05:37:53'),
(74, 74, 1, 50.00, 0.00, NULL, 20.00, 10.00, 40.00, 0.00, 0.00, 40.00, 'standard', '2026-03-03 05:37:53', '2026-03-03 05:37:53', '2026-03-03 05:37:53'),
(75, 75, 1, 50.00, 0.00, NULL, 20.00, 10.00, 40.00, 0.00, 0.00, 40.00, 'standard', '2026-03-03 05:37:53', '2026-03-03 05:37:53', '2026-03-03 05:37:53'),
(76, 76, 1, 20.00, 0.00, NULL, 20.00, 4.00, 16.00, 0.00, 0.00, 16.00, 'standard', '2026-03-03 05:37:53', '2026-03-03 05:37:53', '2026-03-03 05:37:53'),
(77, 77, 1, 200.00, 0.00, NULL, 20.00, 40.00, 160.00, 0.00, 0.00, 160.00, 'standard', '2026-03-03 05:37:53', '2026-03-03 05:37:53', '2026-03-03 05:37:53'),
(78, 78, 1, 50.00, 0.00, NULL, 20.00, 10.00, 40.00, 0.00, 0.00, 40.00, 'standard', '2026-03-03 05:37:53', '2026-03-03 05:37:53', '2026-03-03 05:37:53'),
(79, 79, 1, 50.00, 0.00, NULL, 20.00, 10.00, 40.00, 0.00, 0.00, 40.00, 'standard', '2026-03-03 05:37:53', '2026-03-03 05:37:53', '2026-03-03 05:37:53'),
(80, 80, 1, 100.00, 0.00, NULL, 20.00, 20.00, 80.00, 0.00, 0.00, 80.00, 'standard', '2026-03-03 05:37:53', '2026-03-03 05:37:53', '2026-03-03 05:37:53'),
(81, 81, 1, 200.00, 0.00, NULL, 20.00, 40.00, 160.00, 0.00, 0.00, 160.00, 'standard', '2026-03-03 05:37:53', '2026-03-03 05:37:53', '2026-03-03 05:37:53'),
(82, 82, 1, 50.00, 0.00, NULL, 20.00, 10.00, 40.00, 0.00, 0.00, 40.00, 'standard', '2026-03-03 05:37:53', '2026-03-03 05:37:53', '2026-03-03 05:37:53'),
(83, 83, 1, 50.00, 0.00, NULL, 20.00, 10.00, 40.00, 0.00, 0.00, 40.00, 'standard', '2026-03-03 05:37:53', '2026-03-03 05:37:53', '2026-03-03 05:37:53'),
(84, 84, 1, 20.00, 0.00, NULL, 20.00, 4.00, 16.00, 0.00, 0.00, 16.00, 'standard', '2026-03-03 05:37:53', '2026-03-03 05:37:53', '2026-03-03 05:37:53'),
(85, 85, 1, 50.00, 0.00, NULL, 20.00, 10.00, 40.00, 0.00, 0.00, 40.00, 'standard', '2026-03-03 05:37:54', '2026-03-03 05:37:54', '2026-03-03 05:37:54'),
(86, 86, 1, 50.00, 0.00, NULL, 20.00, 10.00, 40.00, 0.00, 0.00, 40.00, 'standard', '2026-03-03 05:37:54', '2026-03-03 05:37:54', '2026-03-03 05:37:54'),
(87, 87, 1, 20.00, 0.00, NULL, 20.00, 4.00, 16.00, 0.00, 0.00, 16.00, 'standard', '2026-03-03 05:37:54', '2026-03-03 05:37:54', '2026-03-03 05:37:54'),
(88, 88, 1, 20.00, 0.00, NULL, 20.00, 4.00, 16.00, 0.00, 0.00, 16.00, 'standard', '2026-03-03 05:37:54', '2026-03-03 05:37:54', '2026-03-03 05:37:54'),
(89, 89, 1, 200.00, 0.00, NULL, 20.00, 40.00, 160.00, 0.00, 0.00, 160.00, 'standard', '2026-03-03 05:37:54', '2026-03-03 05:37:54', '2026-03-03 05:37:54'),
(90, 90, 1, 50.00, 0.00, NULL, 20.00, 10.00, 40.00, 0.00, 0.00, 40.00, 'standard', '2026-03-03 05:37:54', '2026-03-03 05:37:54', '2026-03-03 05:37:54'),
(91, 91, 1, 200.00, 0.00, NULL, 20.00, 40.00, 160.00, 0.00, 0.00, 160.00, 'standard', '2026-03-03 05:37:54', '2026-03-03 05:37:54', '2026-03-03 05:37:54'),
(92, 92, 1, 50.00, 0.00, NULL, 20.00, 10.00, 40.00, 0.00, 0.00, 40.00, 'standard', '2026-03-03 05:37:54', '2026-03-03 05:37:54', '2026-03-03 05:37:54'),
(93, 93, 1, 50.00, 0.00, NULL, 20.00, 10.00, 40.00, 0.00, 0.00, 40.00, 'standard', '2026-03-03 05:37:54', '2026-03-03 05:37:54', '2026-03-03 05:37:54'),
(94, 94, 1, 20.00, 0.00, NULL, 20.00, 4.00, 16.00, 0.00, 0.00, 16.00, 'standard', '2026-03-03 05:37:54', '2026-03-03 05:37:54', '2026-03-03 05:37:54'),
(95, 95, 1, 50.00, 0.00, NULL, 20.00, 10.00, 40.00, 0.00, 0.00, 40.00, 'standard', '2026-03-03 05:37:54', '2026-03-03 05:37:54', '2026-03-03 05:37:54'),
(96, 96, 1, 50.00, 0.00, NULL, 20.00, 10.00, 40.00, 0.00, 0.00, 40.00, 'standard', '2026-03-03 05:37:54', '2026-03-03 05:37:54', '2026-03-03 05:37:54'),
(97, 97, 1, 100.00, 0.00, NULL, 20.00, 20.00, 80.00, 0.00, 0.00, 80.00, 'standard', '2026-03-03 05:37:54', '2026-03-03 05:37:54', '2026-03-03 05:37:54'),
(98, 98, 1, 20.00, 0.00, NULL, 20.00, 4.00, 16.00, 0.00, 0.00, 16.00, 'standard', '2026-03-03 05:37:54', '2026-03-03 05:37:54', '2026-03-03 05:37:54'),
(99, 99, 1, 20.00, 0.00, NULL, 20.00, 4.00, 16.00, 0.00, 0.00, 16.00, 'standard', '2026-03-03 05:37:54', '2026-03-03 05:37:54', '2026-03-03 05:37:54'),
(100, 100, 1, 100.00, 0.00, NULL, 20.00, 20.00, 80.00, 0.00, 0.00, 80.00, 'standard', '2026-03-03 05:37:54', '2026-03-03 05:37:54', '2026-03-03 05:37:54'),
(101, 101, 1, 50.00, 0.00, NULL, 20.00, 10.00, 40.00, 0.00, 0.00, 40.00, 'standard', '2026-03-03 05:37:54', '2026-03-03 05:37:54', '2026-03-03 05:37:54'),
(102, 102, 1, 100.00, 0.00, NULL, 20.00, 20.00, 80.00, 0.00, 0.00, 80.00, 'standard', '2026-03-03 05:37:54', '2026-03-03 05:37:54', '2026-03-03 05:37:54'),
(103, 103, 1, 100.00, 0.00, NULL, 20.00, 20.00, 80.00, 0.00, 0.00, 80.00, 'standard', '2026-03-03 05:37:54', '2026-03-03 05:37:54', '2026-03-03 05:37:54'),
(104, 104, 1, 200.00, 0.00, NULL, 20.00, 40.00, 160.00, 0.00, 0.00, 160.00, 'standard', '2026-03-03 05:37:54', '2026-03-03 05:37:54', '2026-03-03 05:37:54'),
(105, 105, 1, 100.00, 0.00, NULL, 20.00, 20.00, 80.00, 0.00, 0.00, 80.00, 'standard', '2026-03-03 05:37:54', '2026-03-03 05:37:54', '2026-03-03 05:37:54'),
(106, 106, 1, 50.00, 0.00, NULL, 20.00, 10.00, 40.00, 0.00, 0.00, 40.00, 'standard', '2026-03-03 05:37:54', '2026-03-03 05:37:54', '2026-03-03 05:37:54'),
(107, 107, 1, 100.00, 0.00, NULL, 20.00, 20.00, 80.00, 0.00, 0.00, 80.00, 'standard', '2026-03-03 05:37:54', '2026-03-03 05:37:54', '2026-03-03 05:37:54'),
(108, 108, 1, 200.00, 0.00, NULL, 20.00, 40.00, 160.00, 0.00, 0.00, 160.00, 'standard', '2026-03-03 05:37:54', '2026-03-03 05:37:54', '2026-03-03 05:37:54'),
(109, 109, 1, 50.00, 0.00, NULL, 20.00, 10.00, 40.00, 0.00, 0.00, 40.00, 'standard', '2026-03-03 05:37:54', '2026-03-03 05:37:54', '2026-03-03 05:37:54'),
(110, 110, 1, 20.00, 0.00, NULL, 20.00, 4.00, 16.00, 0.00, 0.00, 16.00, 'standard', '2026-03-03 05:37:54', '2026-03-03 05:37:54', '2026-03-03 05:37:54'),
(111, 111, 1, 1000.00, 0.00, NULL, 15.00, 150.00, 850.00, 0.00, 0.00, 850.00, 'standard', '2026-03-03 05:37:54', '2026-03-03 05:37:54', '2026-03-03 05:37:54'),
(112, 112, 1, 500.00, 0.00, NULL, 15.00, 75.00, 425.00, 0.00, 0.00, 425.00, 'standard', '2026-03-03 05:37:54', '2026-03-03 05:37:54', '2026-03-03 05:37:54'),
(113, 113, 1, 500.00, 0.00, NULL, 15.00, 75.00, 425.00, 0.00, 0.00, 425.00, 'standard', '2026-03-03 05:37:54', '2026-03-03 05:37:54', '2026-03-03 05:37:54'),
(114, 114, 1, 2500.00, 0.00, NULL, 15.00, 375.00, 2125.00, 0.00, 0.00, 2125.00, 'standard', '2026-03-03 05:37:54', '2026-03-03 05:37:54', '2026-03-03 05:37:54'),
(115, 115, 1, 2500.00, 0.00, NULL, 15.00, 375.00, 2125.00, 0.00, 0.00, 2125.00, 'standard', '2026-03-03 05:37:54', '2026-03-03 05:37:54', '2026-03-03 05:37:54'),
(116, 116, 1, 12000.00, 0.00, NULL, 15.00, 1800.00, 10200.00, 0.00, 0.00, 10200.00, 'standard', '2026-03-03 05:37:54', '2026-03-03 05:37:54', '2026-03-03 05:37:54'),
(117, 117, 1, 500.00, 0.00, NULL, 15.00, 75.00, 425.00, 0.00, 0.00, 425.00, 'standard', '2026-03-03 05:37:54', '2026-03-03 05:37:54', '2026-03-03 05:37:54'),
(118, 118, 1, 500.00, 0.00, NULL, 15.00, 75.00, 425.00, 0.00, 0.00, 425.00, 'standard', '2026-03-03 05:37:54', '2026-03-03 05:37:54', '2026-03-03 05:37:54'),
(119, 119, 1, 500.00, 0.00, NULL, 15.00, 75.00, 425.00, 0.00, 0.00, 425.00, 'standard', '2026-03-03 05:37:54', '2026-03-03 05:37:54', '2026-03-03 05:37:54'),
(120, 120, 1, 2500.00, 0.00, NULL, 15.00, 375.00, 2125.00, 0.00, 0.00, 2125.00, 'standard', '2026-03-03 05:37:54', '2026-03-03 05:37:54', '2026-03-03 05:37:54'),
(121, 121, 1, 5000.00, 0.00, NULL, 15.00, 750.00, 4250.00, 0.00, 0.00, 4250.00, 'standard', '2026-03-03 05:37:54', '2026-03-03 05:37:54', '2026-03-03 05:37:54'),
(122, 122, 1, 6000.00, 0.00, NULL, 15.00, 900.00, 5100.00, 0.00, 0.00, 5100.00, 'standard', '2026-03-03 05:37:54', '2026-03-03 05:37:54', '2026-03-03 05:37:54'),
(123, 123, 1, 500.00, 0.00, NULL, 15.00, 75.00, 425.00, 0.00, 0.00, 425.00, 'standard', '2026-03-03 05:37:54', '2026-03-03 05:37:54', '2026-03-03 05:37:54'),
(124, 124, 1, 500.00, 0.00, NULL, 15.00, 75.00, 425.00, 0.00, 0.00, 425.00, 'standard', '2026-03-03 05:37:54', '2026-03-03 05:37:54', '2026-03-03 05:37:54'),
(125, 125, 1, 500.00, 0.00, NULL, 15.00, 75.00, 425.00, 0.00, 0.00, 425.00, 'standard', '2026-03-03 05:37:54', '2026-03-03 05:37:54', '2026-03-03 05:37:54'),
(126, 126, 1, 5000.00, 0.00, NULL, 15.00, 750.00, 4250.00, 0.00, 0.00, 4250.00, 'standard', '2026-03-03 05:37:54', '2026-03-03 05:37:54', '2026-03-03 05:37:54'),
(127, 127, 1, 2500.00, 0.00, NULL, 15.00, 375.00, 2125.00, 0.00, 0.00, 2125.00, 'standard', '2026-03-03 05:37:54', '2026-03-03 05:37:54', '2026-03-03 05:37:54'),
(128, 128, 1, 6000.00, 0.00, NULL, 15.00, 900.00, 5100.00, 0.00, 0.00, 5100.00, 'standard', '2026-03-03 05:37:54', '2026-03-03 05:37:54', '2026-03-03 05:37:54'),
(129, 129, 1, 500.00, 0.00, NULL, 15.00, 75.00, 425.00, 0.00, 0.00, 425.00, 'standard', '2026-03-03 05:37:54', '2026-03-03 05:37:54', '2026-03-03 05:37:54'),
(130, 130, 1, 500.00, 0.00, NULL, 15.00, 75.00, 425.00, 0.00, 0.00, 425.00, 'standard', '2026-03-03 05:37:54', '2026-03-03 05:37:54', '2026-03-03 05:37:54'),
(131, 132, 4, 2500.00, 25.00, 'mobile_money', 20.00, 495.00, 1980.00, 0.00, 0.00, 1980.00, 'standard', '2026-03-13 10:17:10', '2026-03-13 10:17:10', '2026-03-13 10:17:10'),
(132, 133, 4, 350.00, 10.00, 'mobile_money', 20.00, 68.00, 272.00, 0.00, 0.00, 272.00, 'standard', '2026-03-14 13:32:21', '2026-03-14 13:32:21', '2026-03-14 13:32:21'),
(133, 134, 4, 2500.00, 67.50, 'card', 20.00, 486.50, 1946.00, 0.00, 0.00, 1946.00, 'standard', '2026-03-14 13:33:12', '2026-03-14 13:33:12', '2026-03-14 13:33:12'),
(134, 135, 4, 2500.00, 25.00, 'mobile_money', 20.00, 495.00, 1980.00, 0.00, 0.00, 1980.00, 'standard', '2026-03-14 13:38:52', '2026-03-14 13:38:52', '2026-03-14 13:38:52'),
(135, 136, 4, 2500.00, 67.50, 'card', 20.00, 486.50, 1946.00, 0.00, 0.00, 1946.00, 'standard', '2026-03-14 13:54:17', '2026-03-14 13:54:17', '2026-03-14 13:54:17'),
(136, 137, 4, 2500.00, 25.00, 'mobile_money', 20.00, 495.00, 1980.00, 0.00, 0.00, 1980.00, 'standard', '2026-03-14 13:55:24', '2026-03-14 13:55:24', '2026-03-14 13:55:24'),
(137, 138, 4, 25000.00, 250.00, 'mobile_money', 20.00, 4950.00, 19800.00, 0.00, 0.00, 19800.00, 'standard', '2026-03-14 14:39:05', '2026-03-14 14:39:05', '2026-03-14 14:39:05'),
(138, 139, 4, 30000.00, 300.00, 'mobile_money', 20.00, 5940.00, 23760.00, 0.00, 0.00, 23760.00, 'standard', '2026-03-14 14:43:44', '2026-03-14 14:43:44', '2026-03-14 14:43:44'),
(139, 140, 4, 25050.00, 250.50, 'mobile_money', 20.00, 4959.90, 19839.60, 0.00, 0.00, 19839.60, 'standard', '2026-03-14 17:16:34', '2026-03-14 17:16:34', '2026-03-14 17:16:34'),
(140, 141, 4, 200.00, 33.00, 'card', 20.00, 33.40, 133.60, 0.00, 0.00, 133.60, 'standard', '2026-03-14 17:36:19', '2026-03-14 17:36:19', '2026-03-14 17:36:19'),
(141, 142, 4, 80000.00, 1230.00, 'card', 10.00, 7877.00, 70893.00, 0.00, 0.00, 70893.00, 'standard', '2026-03-15 06:43:56', '2026-03-15 06:43:56', '2026-03-15 06:43:56'),
(142, 143, 6, 40000.00, 630.00, 'card', 2.00, 787.40, 38582.60, 0.00, 0.00, 38582.60, 'voting', '2026-03-26 12:53:15', '2026-03-26 12:53:15', '2026-03-26 12:53:15'),
(143, 144, 6, 30000.00, 300.00, 'mobile_money', 2.00, 594.00, 29106.00, 0.00, 0.00, 29106.00, 'voting', '2026-03-26 12:54:04', '2026-03-26 12:54:04', '2026-03-26 12:54:04'),
(144, 145, 6, 3000.00, 75.00, 'card', 5.00, 146.25, 2778.75, 0.00, 0.00, 2778.75, 'ticketing', '2026-03-26 13:03:23', '2026-03-26 13:03:23', '2026-03-26 13:03:23'),
(145, 146, 6, 3000.00, 30.00, 'mobile_money', 5.00, 148.50, 2821.50, 0.00, 0.00, 2821.50, 'ticketing', '2026-03-26 17:11:19', '2026-03-26 17:11:19', '2026-03-26 17:11:19'),
(146, 147, 6, 1000.00, 10.00, 'mobile_money', 5.00, 49.50, 940.50, 0.00, 0.00, 940.50, 'ticketing', '2026-03-26 18:06:43', '2026-03-26 18:06:43', '2026-03-26 18:06:43'),
(147, 148, 6, 900.00, 10.00, 'mobile_money', 2.00, 17.80, 872.20, 0.00, 0.00, 872.20, 'voting', '2026-03-26 18:10:13', '2026-03-26 18:10:13', '2026-03-26 18:10:13'),
(148, 149, 6, 1000.00, 10.00, 'mobile_money', 5.00, 49.50, 940.50, 0.00, 0.00, 940.50, 'ticketing', '2026-03-26 18:22:36', '2026-03-26 18:22:36', '2026-03-26 18:22:36'),
(149, 150, 6, 1000.00, 10.00, 'mobile_money', 5.00, 49.50, 940.50, 0.00, 0.00, 940.50, 'ticketing', '2026-03-26 18:30:45', '2026-03-26 18:30:45', '2026-03-26 18:30:45'),
(150, 151, 6, 5000.00, 50.00, 'mobile_money', 5.00, 247.50, 4702.50, 0.00, 0.00, 4702.50, 'ticketing', '2026-03-26 18:35:26', '2026-03-26 18:35:26', '2026-03-26 18:35:26'),
(151, 152, 6, 2000.00, 60.00, 'card', 5.00, 97.00, 1843.00, 0.00, 0.00, 1843.00, 'ticketing', '2026-03-26 18:42:51', '2026-03-26 18:42:51', '2026-03-26 18:42:51');

-- --------------------------------------------------------

--
-- Table structure for table `contacts`
--

CREATE TABLE `contacts` (
  `id` bigint UNSIGNED NOT NULL,
  `client_id` bigint UNSIGNED DEFAULT NULL,
  `name` varchar(200) COLLATE utf8mb4_unicode_ci NOT NULL,
  `email` varchar(200) COLLATE utf8mb4_unicode_ci DEFAULT NULL,
  `phone` varchar(30) COLLATE utf8mb4_unicode_ci DEFAULT NULL,
  `country` varchar(2) COLLATE utf8mb4_unicode_ci DEFAULT NULL,
  `source` varchar(30) COLLATE utf8mb4_unicode_ci NOT NULL DEFAULT 'manual',
  `source_id` bigint UNSIGNED DEFAULT NULL,
  `event_id` bigint UNSIGNED DEFAULT NULL,
  `subscribed_email` tinyint(1) NOT NULL DEFAULT '1',
  `subscribed_sms` tinyint(1) NOT NULL DEFAULT '1',
  `tags` json DEFAULT NULL,
  `created_at` timestamp NULL DEFAULT NULL,
  `updated_at` timestamp NULL DEFAULT NULL
) ENGINE=InnoDB DEFAULT CHARSET=utf8mb4 COLLATE=utf8mb4_unicode_ci;

--
-- Dumping data for table `contacts`
--

INSERT INTO `contacts` (`id`, `client_id`, `name`, `email`, `phone`, `country`, `source`, `source_id`, `event_id`, `subscribed_email`, `subscribed_sms`, `tags`, `created_at`, `updated_at`) VALUES
(1, 4, 'Joshua john', 'joshujohn03@gmail.com', '+254757140682', NULL, 'vote_transaction', 984, 55, 1, 1, NULL, '2026-03-15 13:30:42', '2026-03-15 13:30:42'),
(2, 4, 'Joshua Ngumbau John', 'ngumbaujoshua04@gmail.com', '+254757140682', NULL, 'ticket_purchase', 5241, 55, 1, 1, NULL, '2026-03-15 13:30:42', '2026-03-15 13:30:42'),
(3, 6, 'Joshua Ngumbau John', 'ngumbaujoshua04@gmail.com', '+254757140682', 'KE', 'ticket_purchase', 5252, 66, 1, 1, NULL, '2026-03-26 12:53:15', '2026-03-26 18:42:48');

-- --------------------------------------------------------

--
-- Table structure for table `content_blocks`
--

CREATE TABLE `content_blocks` (
  `id` bigint UNSIGNED NOT NULL,
  `uuid` char(36) COLLATE utf8mb4_unicode_ci NOT NULL,
  `client_id` bigint UNSIGNED NOT NULL,
  `event_id` bigint UNSIGNED DEFAULT NULL,
  `name` varchar(255) COLLATE utf8mb4_unicode_ci NOT NULL,
  `slug` varchar(255) COLLATE utf8mb4_unicode_ci NOT NULL,
  `block_type` enum('text','image','gallery','cta','html','video','testimonial') COLLATE utf8mb4_unicode_ci NOT NULL,
  `content` json NOT NULL,
  `settings` json DEFAULT NULL,
  `is_active` tinyint(1) NOT NULL DEFAULT '1',
  `sort_order` int NOT NULL DEFAULT '0',
  `created_at` timestamp NULL DEFAULT NULL,
  `updated_at` timestamp NULL DEFAULT NULL
) ENGINE=InnoDB DEFAULT CHARSET=utf8mb4 COLLATE=utf8mb4_unicode_ci;

-- --------------------------------------------------------

--
-- Table structure for table `email_logs`
--

CREATE TABLE `email_logs` (
  `id` bigint UNSIGNED NOT NULL,
  `mailable_class` varchar(255) COLLATE utf8mb4_unicode_ci DEFAULT NULL,
  `to_email` varchar(255) COLLATE utf8mb4_unicode_ci NOT NULL,
  `to_name` varchar(255) COLLATE utf8mb4_unicode_ci DEFAULT NULL,
  `subject` varchar(255) COLLATE utf8mb4_unicode_ci DEFAULT NULL,
  `status` enum('sent','failed') COLLATE utf8mb4_unicode_ci NOT NULL DEFAULT 'sent',
  `error_message` text COLLATE utf8mb4_unicode_ci,
  `sent_at` timestamp NULL DEFAULT NULL,
  `created_at` timestamp NOT NULL DEFAULT CURRENT_TIMESTAMP
) ENGINE=InnoDB DEFAULT CHARSET=utf8mb4 COLLATE=utf8mb4_unicode_ci;

--
-- Dumping data for table `email_logs`
--

INSERT INTO `email_logs` (`id`, `mailable_class`, `to_email`, `to_name`, `subject`, `status`, `error_message`, `sent_at`, `created_at`) VALUES
(1, 'App\\Mail\\EmailVerificationMail', 'cynthiacherono89@gmail.com', 'cythia cherono', NULL, 'sent', NULL, '2026-03-15 07:50:07', '2026-03-15 10:50:07'),
(2, 'App\\Mail\\TwoFactorCodeMail', 'cynthiacherono89@gmail.com', 'cythia cherono', 'Your Verification Code - Tuqio Hub', 'sent', NULL, '2026-03-15 07:54:44', '2026-03-15 10:54:44'),
(3, 'App\\Mail\\EventNotificationMail', 'test@example.com', 'Test User', NULL, 'sent', NULL, '2026-03-15 13:33:44', '2026-03-15 16:33:44'),
(4, 'App\\Mail\\EventNotificationMail', 'ngumbaujoshua04@gmail.com', 'Joshua Ngumbau John', NULL, 'failed', 'Connection could not be established with host \"127.0.0.1:1025\": stream_socket_client(): Unable to connect to 127.0.0.1:1025 (Connection refused)', '2026-03-26 13:03:22', '2026-03-26 16:03:22'),
(5, 'App\\Mail\\TicketPurchaseConfirmation', 'ngumbaujoshua04@gmail.com', 'Joshua Ngumbau John', 'Your Tickets — MEMA 2026 — Myogenic Excellence Music Awards Gala', 'failed', 'Connection could not be established with host \"127.0.0.1:1025\": stream_socket_client(): Unable to connect to 127.0.0.1:1025 (Connection refused)', '2026-03-26 13:03:27', '2026-03-26 16:03:27'),
(6, 'App\\Mail\\EventNotificationMail', 'ngumbaujoshua04@gmail.com', 'Ngumbau Joshua', NULL, 'failed', 'Connection could not be established with host \"127.0.0.1:1025\": stream_socket_client(): Unable to connect to 127.0.0.1:1025 (Connection refused)', '2026-03-26 17:11:19', '2026-03-26 20:11:19'),
(7, 'App\\Mail\\TicketPurchaseConfirmation', 'ngumbaujoshua04@gmail.com', 'Ngumbau Joshua', 'Your Tickets — MEMA 2026 — Myogenic Excellence Music Awards Gala', 'failed', 'Connection could not be established with host \"127.0.0.1:1025\": stream_socket_client(): Unable to connect to 127.0.0.1:1025 (Connection refused)', '2026-03-26 17:11:24', '2026-03-26 20:11:24'),
(8, 'App\\Mail\\EventNotificationMail', 'ngumbaujoshua04@gmail.com', 'Joshua Ngumbau John', NULL, 'failed', 'Failed to authenticate on SMTP server with username \"tuqio@independentkenyawomenawards.com\" using the following authenticators: \"LOGIN\", \"PLAIN\". Authenticator \"LOGIN\" returned \"Expected response code \"235\" but got code \"535\", with message \"535 Incorrect authentication data\".\". Authenticator \"PLAIN\" returned \"Expected response code \"235\" but got code \"535\", with message \"535 Incorrect authentication data\".\".', '2026-03-26 18:06:43', '2026-03-26 21:06:43'),
(9, 'App\\Mail\\TicketPurchaseConfirmation', 'ngumbaujoshua04@gmail.com', 'Joshua Ngumbau John', 'Your Tickets — MEMA 2026 — Myogenic Excellence Music Awards Gala', 'failed', 'Failed to authenticate on SMTP server with username \"tuqio@independentkenyawomenawards.com\" using the following authenticators: \"LOGIN\", \"PLAIN\". Authenticator \"LOGIN\" returned \"Expected response code \"235\" but got code \"535\", with message \"535 Incorrect authentication data\".\". Authenticator \"PLAIN\" returned \"Expected response code \"235\" but got code \"535\", with message \"535 Incorrect authentication data\".\".', '2026-03-26 18:06:57', '2026-03-26 21:06:57'),
(10, 'App\\Mail\\EventNotificationMail', 'ngumbaujoshua04@gmail.com', 'Joshua Ngumbau John', NULL, 'failed', 'Failed to authenticate on SMTP server with username \"tuqio@independentkenyawomenawards.com\" using the following authenticators: \"LOGIN\", \"PLAIN\". Authenticator \"LOGIN\" returned \"Expected response code \"235\" but got code \"535\", with message \"535 Incorrect authentication data\".\". Authenticator \"PLAIN\" returned \"Expected response code \"235\" but got code \"535\", with message \"535 Incorrect authentication data\".\".', '2026-03-26 18:22:35', '2026-03-26 21:22:36'),
(11, 'App\\Mail\\EventNotificationMail', 'ngumbaujoshua04@gmail.com', 'Joshua Ngumbau John', NULL, 'sent', NULL, '2026-03-26 18:30:45', '2026-03-26 21:30:45'),
(12, 'App\\Mail\\TicketPurchaseConfirmation', 'ngumbaujoshua04@gmail.com', 'Joshua Ngumbau John', 'Your Tickets — MEMA 2026 — Myogenic Excellence Music Awards Gala', 'sent', NULL, '2026-03-26 18:30:53', '2026-03-26 21:30:53'),
(13, 'App\\Mail\\EventNotificationMail', 'ngumbaujoshua04@gmail.com', 'Joshua Ngumbau John', NULL, 'sent', NULL, '2026-03-26 18:35:26', '2026-03-26 21:35:26'),
(14, 'App\\Mail\\TicketPurchaseConfirmation', 'ngumbaujoshua04@gmail.com', 'Joshua Ngumbau John', 'Your Tickets — MEMA 2026 — Myogenic Excellence Music Awards Gala', 'sent', NULL, '2026-03-26 18:35:32', '2026-03-26 21:35:32'),
(15, 'App\\Mail\\EventNotificationMail', 'ngumbaujoshua04@gmail.com', 'Joshua Ngumbau John', NULL, 'sent', NULL, '2026-03-26 18:42:51', '2026-03-26 21:42:51'),
(16, 'App\\Mail\\TicketPurchaseConfirmation', 'ngumbaujoshua04@gmail.com', 'Joshua Ngumbau John', 'Your Tickets — MEMA 2026 — Myogenic Excellence Music Awards Gala', 'sent', NULL, '2026-03-26 18:42:58', '2026-03-26 21:42:58');

-- --------------------------------------------------------

--
-- Table structure for table `email_templates`
--

CREATE TABLE `email_templates` (
  `id` bigint UNSIGNED NOT NULL,
  `uuid` char(36) COLLATE utf8mb4_unicode_ci NOT NULL,
  `client_id` bigint UNSIGNED DEFAULT NULL,
  `name` varchar(255) COLLATE utf8mb4_unicode_ci NOT NULL,
  `slug` varchar(255) COLLATE utf8mb4_unicode_ci NOT NULL,
  `category` varchar(255) COLLATE utf8mb4_unicode_ci DEFAULT NULL,
  `description` text COLLATE utf8mb4_unicode_ci,
  `subject` varchar(255) COLLATE utf8mb4_unicode_ci NOT NULL,
  `body_html` longtext COLLATE utf8mb4_unicode_ci NOT NULL,
  `body_text` longtext COLLATE utf8mb4_unicode_ci,
  `placeholders` json DEFAULT NULL,
  `variables` json DEFAULT NULL,
  `is_active` tinyint(1) NOT NULL DEFAULT '1',
  `is_system` tinyint(1) NOT NULL DEFAULT '0',
  `created_at` timestamp NULL DEFAULT NULL,
  `updated_at` timestamp NULL DEFAULT NULL
) ENGINE=InnoDB DEFAULT CHARSET=utf8mb4 COLLATE=utf8mb4_unicode_ci;

--
-- Dumping data for table `email_templates`
--

INSERT INTO `email_templates` (`id`, `uuid`, `client_id`, `name`, `slug`, `category`, `description`, `subject`, `body_html`, `body_text`, `placeholders`, `variables`, `is_active`, `is_system`, `created_at`, `updated_at`) VALUES
(1, 'e1f7497c-1624-4abf-87a6-e3806257b588', 1, 'Ticket Purchase Confirmation', 'ticket-purchase-confirmation-1', 'ticketing', 'Sent automatically when a ticket purchase is completed.', 'Your ticket for {{event_name}} is confirmed!', '<h2>Your Ticket is Confirmed!</h2>\n<p>Hi {{attendee_name}},</p>\n<p>Great news — your ticket for <strong>{{event_name}}</strong> has been confirmed.</p>\n<table style=\"border-collapse:collapse;width:100%;margin:16px 0;\">\n    <tr><td style=\"padding:8px;border:1px solid #ddd;color:#666;\">Ticket #</td><td style=\"padding:8px;border:1px solid #ddd;font-weight:bold;\">{{ticket_number}}</td></tr>\n    <tr><td style=\"padding:8px;border:1px solid #ddd;color:#666;\">Ticket Type</td><td style=\"padding:8px;border:1px solid #ddd;\">{{ticket_type}}</td></tr>\n    <tr><td style=\"padding:8px;border:1px solid #ddd;color:#666;\">Event Date</td><td style=\"padding:8px;border:1px solid #ddd;\">{{event_date}}</td></tr>\n    <tr><td style=\"padding:8px;border:1px solid #ddd;color:#666;\">Venue</td><td style=\"padding:8px;border:1px solid #ddd;\">{{event_venue}}</td></tr>\n    <tr><td style=\"padding:8px;border:1px solid #ddd;color:#666;\">Amount Paid</td><td style=\"padding:8px;border:1px solid #ddd;\">{{amount_paid}}</td></tr>\n</table>\n<p>Please bring this confirmation or your QR code to the event entrance.</p>\n<p>We look forward to seeing you at <strong>{{event_name}}</strong>!</p>\n<p>Regards,<br><strong>{{organizer_name}}</strong></p>', 'Hi {{attendee_name}},\n\nYour ticket for {{event_name}} has been confirmed.\n\nTicket #: {{ticket_number}}\nDate: {{event_date}}\nVenue: {{event_venue}}\n\nPlease bring this confirmation or your QR code to the event.\n\nSee you there!\n{{organizer_name}}', '[\"attendee_name\", \"event_name\", \"event_date\", \"event_venue\", \"ticket_number\", \"ticket_type\", \"amount_paid\", \"organizer_name\"]', NULL, 1, 1, '2026-03-04 09:17:02', '2026-03-04 09:17:02'),
(2, 'd605e25e-ce07-4fc7-90b7-8a987dbba6e2', 1, 'Event Registration Confirmation', 'event-registration-confirmation-1', 'registration', 'Sent when a registration is approved or submitted.', 'Registration confirmed — {{event_name}}', '<h2>Registration Confirmed</h2>\n<p>Hi {{attendee_name}},</p>\n<p>Your registration for <strong>{{event_name}}</strong> has been approved.</p>\n<table style=\"border-collapse:collapse;width:100%;margin:16px 0;\">\n    <tr><td style=\"padding:8px;border:1px solid #ddd;color:#666;\">Event</td><td style=\"padding:8px;border:1px solid #ddd;font-weight:bold;\">{{event_name}}</td></tr>\n    <tr><td style=\"padding:8px;border:1px solid #ddd;color:#666;\">Date</td><td style=\"padding:8px;border:1px solid #ddd;\">{{event_date}}</td></tr>\n    <tr><td style=\"padding:8px;border:1px solid #ddd;color:#666;\">Venue</td><td style=\"padding:8px;border:1px solid #ddd;\">{{event_venue}}</td></tr>\n</table>\n<p>We\'re excited to have you join us. Please check the event schedule closer to the date.</p>\n<p>Regards,<br><strong>{{organizer_name}}</strong></p>', 'Hi {{attendee_name}},\n\nYour registration for {{event_name}} has been confirmed.\n\nEvent Date: {{event_date}}\nVenue: {{event_venue}}\n\nWe look forward to seeing you!\n{{organizer_name}}', '[\"attendee_name\", \"event_name\", \"event_date\", \"event_venue\", \"organizer_name\"]', NULL, 1, 1, '2026-03-04 09:17:02', '2026-03-04 09:17:02'),
(3, 'a4b1a449-56b1-40d7-9a43-540e06605ba1', 1, 'Payment Receipt', 'payment-receipt-1', 'financial', 'Sent when a payment is successfully processed.', 'Payment receipt — {{event_name}}', '<h2>Payment Receipt</h2>\n<p>Hi {{attendee_name}},</p>\n<p>We have successfully received your payment for <strong>{{event_name}}</strong>.</p>\n<table style=\"border-collapse:collapse;width:100%;margin:16px 0;\">\n    <tr><td style=\"padding:8px;border:1px solid #ddd;color:#666;\">Amount</td><td style=\"padding:8px;border:1px solid #ddd;font-weight:bold;\">{{amount}}</td></tr>\n    <tr><td style=\"padding:8px;border:1px solid #ddd;color:#666;\">Transaction ID</td><td style=\"padding:8px;border:1px solid #ddd;\">{{transaction_id}}</td></tr>\n    <tr><td style=\"padding:8px;border:1px solid #ddd;color:#666;\">Payment Date</td><td style=\"padding:8px;border:1px solid #ddd;\">{{payment_date}}</td></tr>\n    <tr><td style=\"padding:8px;border:1px solid #ddd;color:#666;\">Method</td><td style=\"padding:8px;border:1px solid #ddd;\">{{payment_method}}</td></tr>\n</table>\n<p>Please keep this receipt for your records.</p>\n<p>Regards,<br><strong>{{organizer_name}}</strong></p>', 'Hi {{attendee_name}},\n\nWe have received your payment of {{amount}} for {{event_name}}.\n\nTransaction ID: {{transaction_id}}\nDate: {{payment_date}}\nMethod: {{payment_method}}\n\nThank you!\n{{organizer_name}}', '[\"attendee_name\", \"event_name\", \"amount\", \"transaction_id\", \"payment_date\", \"payment_method\", \"organizer_name\"]', NULL, 1, 1, '2026-03-04 09:17:02', '2026-03-04 09:17:02'),
(4, '660932dd-0e3f-4c89-8b4d-9870622ca4b4', 1, 'Event Reminder — 24 Hours', 'event-reminder-24-hours-1', 'reminder', 'Automatically sent 24 hours before the event starts.', 'Reminder: {{event_name}} is tomorrow!', '<h2>Event Reminder</h2>\n<p>Hi {{attendee_name}},</p>\n<p>This is a friendly reminder that <strong>{{event_name}}</strong> starts in <strong>24 hours</strong>!</p>\n<table style=\"border-collapse:collapse;width:100%;margin:16px 0;\">\n    <tr><td style=\"padding:8px;border:1px solid #ddd;color:#666;\">Date</td><td style=\"padding:8px;border:1px solid #ddd;\">{{event_date}}</td></tr>\n    <tr><td style=\"padding:8px;border:1px solid #ddd;color:#666;\">Time</td><td style=\"padding:8px;border:1px solid #ddd;\">{{event_time}}</td></tr>\n    <tr><td style=\"padding:8px;border:1px solid #ddd;color:#666;\">Venue</td><td style=\"padding:8px;border:1px solid #ddd;\">{{event_venue}}</td></tr>\n</table>\n<p>Don\'t forget to bring your ticket or QR code. See you soon!</p>\n<p>Regards,<br><strong>{{organizer_name}}</strong></p>', 'Hi {{attendee_name}},\n\nJust a reminder that {{event_name}} starts tomorrow at {{event_time}}.\n\nVenue: {{event_venue}}\n\nDon\'t forget to bring your ticket!\n\n{{organizer_name}}', '[\"attendee_name\", \"event_name\", \"event_date\", \"event_time\", \"event_venue\", \"organizer_name\"]', NULL, 1, 1, '2026-03-04 09:17:02', '2026-03-04 09:17:02'),
(5, '2ef36ddc-b98f-4fcf-ac90-835267e707d1', 1, 'Event Reminder — 1 Hour', 'event-reminder-1-hour-1', 'reminder', 'Automatically sent 1 hour before the event starts.', '{{event_name}} starts in 1 hour!', '<h2>Event Reminder</h2>\n<p>Hi {{attendee_name}},</p>\n<p>This is a friendly reminder that <strong>{{event_name}}</strong> starts in <strong>1 hour</strong>!</p>\n<table style=\"border-collapse:collapse;width:100%;margin:16px 0;\">\n    <tr><td style=\"padding:8px;border:1px solid #ddd;color:#666;\">Date</td><td style=\"padding:8px;border:1px solid #ddd;\">{{event_date}}</td></tr>\n    <tr><td style=\"padding:8px;border:1px solid #ddd;color:#666;\">Time</td><td style=\"padding:8px;border:1px solid #ddd;\">{{event_time}}</td></tr>\n    <tr><td style=\"padding:8px;border:1px solid #ddd;color:#666;\">Venue</td><td style=\"padding:8px;border:1px solid #ddd;\">{{event_venue}}</td></tr>\n</table>\n<p>Don\'t forget to bring your ticket or QR code. See you soon!</p>\n<p>Regards,<br><strong>{{organizer_name}}</strong></p>', 'Hi {{attendee_name}},\n\n{{event_name}} starts in just 1 hour! Head to {{event_venue}} now.\n\n{{organizer_name}}', '[\"attendee_name\", \"event_name\", \"event_time\", \"event_venue\", \"organizer_name\"]', NULL, 1, 1, '2026-03-04 09:17:02', '2026-03-04 09:17:02'),
(6, '5e824c89-8079-401e-9f0d-765a76bf93d0', 1, 'Voting Confirmation', 'voting-confirmation-1', 'voting', 'Sent when a vote is successfully cast.', 'Your vote has been counted — {{event_name}}', '<h2>Your Vote Has Been Counted!</h2>\n<p>Hi {{voter_name}},</p>\n<p>Thank you for participating in <strong>{{event_name}}</strong>!</p>\n<table style=\"border-collapse:collapse;width:100%;margin:16px 0;\">\n    <tr><td style=\"padding:8px;border:1px solid #ddd;color:#666;\">Voted For</td><td style=\"padding:8px;border:1px solid #ddd;font-weight:bold;\">{{nominee_name}}</td></tr>\n    <tr><td style=\"padding:8px;border:1px solid #ddd;color:#666;\">Category</td><td style=\"padding:8px;border:1px solid #ddd;\">{{category_name}}</td></tr>\n    <tr><td style=\"padding:8px;border:1px solid #ddd;color:#666;\">Votes Cast</td><td style=\"padding:8px;border:1px solid #ddd;\">{{votes_count}}</td></tr>\n</table>\n<p>Your vote has been securely recorded. Results will be announced at the event.</p>\n<p>Regards,<br><strong>{{organizer_name}}</strong></p>', 'Hi {{voter_name}},\n\nThank you! Your vote for {{nominee_name}} in {{category_name}} has been recorded.\n\nVotes cast: {{votes_count}}\nEvent: {{event_name}}\n\n{{organizer_name}}', '[\"voter_name\", \"nominee_name\", \"category_name\", \"votes_count\", \"event_name\", \"organizer_name\"]', NULL, 1, 1, '2026-03-04 09:17:02', '2026-03-04 09:17:02'),
(7, '965cae8b-06f1-4c3a-9a7e-78ab0c60f39d', 1, 'General Announcement', 'general-announcement-1', 'general', 'A reusable template for general event announcements.', '{{subject_line}}', '<h2>{{subject_line}}</h2>\n<p>Hi {{attendee_name}},</p>\n<p>{{message_body}}</p>\n<p>Regards,<br><strong>{{organizer_name}}</strong></p>', 'Hi {{attendee_name}},\n\n{{message_body}}\n\nRegards,\n{{organizer_name}}', '[\"attendee_name\", \"subject_line\", \"message_body\", \"organizer_name\", \"event_name\"]', NULL, 1, 0, '2026-03-04 09:17:02', '2026-03-04 09:17:02'),
(8, '8f0417f1-4b97-4b3d-8c1c-276634a36654', 2, 'Ticket Purchase Confirmation', 'ticket-purchase-confirmation-2', 'ticketing', 'Sent automatically when a ticket purchase is completed.', 'Your ticket for {{event_name}} is confirmed!', '<h2>Your Ticket is Confirmed!</h2>\n<p>Hi {{attendee_name}},</p>\n<p>Great news — your ticket for <strong>{{event_name}}</strong> has been confirmed.</p>\n<table style=\"border-collapse:collapse;width:100%;margin:16px 0;\">\n    <tr><td style=\"padding:8px;border:1px solid #ddd;color:#666;\">Ticket #</td><td style=\"padding:8px;border:1px solid #ddd;font-weight:bold;\">{{ticket_number}}</td></tr>\n    <tr><td style=\"padding:8px;border:1px solid #ddd;color:#666;\">Ticket Type</td><td style=\"padding:8px;border:1px solid #ddd;\">{{ticket_type}}</td></tr>\n    <tr><td style=\"padding:8px;border:1px solid #ddd;color:#666;\">Event Date</td><td style=\"padding:8px;border:1px solid #ddd;\">{{event_date}}</td></tr>\n    <tr><td style=\"padding:8px;border:1px solid #ddd;color:#666;\">Venue</td><td style=\"padding:8px;border:1px solid #ddd;\">{{event_venue}}</td></tr>\n    <tr><td style=\"padding:8px;border:1px solid #ddd;color:#666;\">Amount Paid</td><td style=\"padding:8px;border:1px solid #ddd;\">{{amount_paid}}</td></tr>\n</table>\n<p>Please bring this confirmation or your QR code to the event entrance.</p>\n<p>We look forward to seeing you at <strong>{{event_name}}</strong>!</p>\n<p>Regards,<br><strong>{{organizer_name}}</strong></p>', 'Hi {{attendee_name}},\n\nYour ticket for {{event_name}} has been confirmed.\n\nTicket #: {{ticket_number}}\nDate: {{event_date}}\nVenue: {{event_venue}}\n\nPlease bring this confirmation or your QR code to the event.\n\nSee you there!\n{{organizer_name}}', '[\"attendee_name\", \"event_name\", \"event_date\", \"event_venue\", \"ticket_number\", \"ticket_type\", \"amount_paid\", \"organizer_name\"]', NULL, 1, 1, '2026-03-04 09:17:02', '2026-03-04 09:17:02'),
(9, '1fe7b220-df72-439b-aa58-06cde7c38200', 2, 'Event Registration Confirmation', 'event-registration-confirmation-2', 'registration', 'Sent when a registration is approved or submitted.', 'Registration confirmed — {{event_name}}', '<h2>Registration Confirmed</h2>\n<p>Hi {{attendee_name}},</p>\n<p>Your registration for <strong>{{event_name}}</strong> has been approved.</p>\n<table style=\"border-collapse:collapse;width:100%;margin:16px 0;\">\n    <tr><td style=\"padding:8px;border:1px solid #ddd;color:#666;\">Event</td><td style=\"padding:8px;border:1px solid #ddd;font-weight:bold;\">{{event_name}}</td></tr>\n    <tr><td style=\"padding:8px;border:1px solid #ddd;color:#666;\">Date</td><td style=\"padding:8px;border:1px solid #ddd;\">{{event_date}}</td></tr>\n    <tr><td style=\"padding:8px;border:1px solid #ddd;color:#666;\">Venue</td><td style=\"padding:8px;border:1px solid #ddd;\">{{event_venue}}</td></tr>\n</table>\n<p>We\'re excited to have you join us. Please check the event schedule closer to the date.</p>\n<p>Regards,<br><strong>{{organizer_name}}</strong></p>', 'Hi {{attendee_name}},\n\nYour registration for {{event_name}} has been confirmed.\n\nEvent Date: {{event_date}}\nVenue: {{event_venue}}\n\nWe look forward to seeing you!\n{{organizer_name}}', '[\"attendee_name\", \"event_name\", \"event_date\", \"event_venue\", \"organizer_name\"]', NULL, 1, 1, '2026-03-04 09:17:02', '2026-03-04 09:17:02'),
(10, '014762fc-4c3d-475c-8934-67e13cef8a4b', 2, 'Payment Receipt', 'payment-receipt-2', 'financial', 'Sent when a payment is successfully processed.', 'Payment receipt — {{event_name}}', '<h2>Payment Receipt</h2>\n<p>Hi {{attendee_name}},</p>\n<p>We have successfully received your payment for <strong>{{event_name}}</strong>.</p>\n<table style=\"border-collapse:collapse;width:100%;margin:16px 0;\">\n    <tr><td style=\"padding:8px;border:1px solid #ddd;color:#666;\">Amount</td><td style=\"padding:8px;border:1px solid #ddd;font-weight:bold;\">{{amount}}</td></tr>\n    <tr><td style=\"padding:8px;border:1px solid #ddd;color:#666;\">Transaction ID</td><td style=\"padding:8px;border:1px solid #ddd;\">{{transaction_id}}</td></tr>\n    <tr><td style=\"padding:8px;border:1px solid #ddd;color:#666;\">Payment Date</td><td style=\"padding:8px;border:1px solid #ddd;\">{{payment_date}}</td></tr>\n    <tr><td style=\"padding:8px;border:1px solid #ddd;color:#666;\">Method</td><td style=\"padding:8px;border:1px solid #ddd;\">{{payment_method}}</td></tr>\n</table>\n<p>Please keep this receipt for your records.</p>\n<p>Regards,<br><strong>{{organizer_name}}</strong></p>', 'Hi {{attendee_name}},\n\nWe have received your payment of {{amount}} for {{event_name}}.\n\nTransaction ID: {{transaction_id}}\nDate: {{payment_date}}\nMethod: {{payment_method}}\n\nThank you!\n{{organizer_name}}', '[\"attendee_name\", \"event_name\", \"amount\", \"transaction_id\", \"payment_date\", \"payment_method\", \"organizer_name\"]', NULL, 1, 1, '2026-03-04 09:17:02', '2026-03-04 09:17:02'),
(11, '5c7c0039-adf0-460a-a414-e488e6e10cba', 2, 'Event Reminder — 24 Hours', 'event-reminder-24-hours-2', 'reminder', 'Automatically sent 24 hours before the event starts.', 'Reminder: {{event_name}} is tomorrow!', '<h2>Event Reminder</h2>\n<p>Hi {{attendee_name}},</p>\n<p>This is a friendly reminder that <strong>{{event_name}}</strong> starts in <strong>24 hours</strong>!</p>\n<table style=\"border-collapse:collapse;width:100%;margin:16px 0;\">\n    <tr><td style=\"padding:8px;border:1px solid #ddd;color:#666;\">Date</td><td style=\"padding:8px;border:1px solid #ddd;\">{{event_date}}</td></tr>\n    <tr><td style=\"padding:8px;border:1px solid #ddd;color:#666;\">Time</td><td style=\"padding:8px;border:1px solid #ddd;\">{{event_time}}</td></tr>\n    <tr><td style=\"padding:8px;border:1px solid #ddd;color:#666;\">Venue</td><td style=\"padding:8px;border:1px solid #ddd;\">{{event_venue}}</td></tr>\n</table>\n<p>Don\'t forget to bring your ticket or QR code. See you soon!</p>\n<p>Regards,<br><strong>{{organizer_name}}</strong></p>', 'Hi {{attendee_name}},\n\nJust a reminder that {{event_name}} starts tomorrow at {{event_time}}.\n\nVenue: {{event_venue}}\n\nDon\'t forget to bring your ticket!\n\n{{organizer_name}}', '[\"attendee_name\", \"event_name\", \"event_date\", \"event_time\", \"event_venue\", \"organizer_name\"]', NULL, 1, 1, '2026-03-04 09:17:02', '2026-03-04 09:17:02'),
(12, '238f8c4c-1a46-47be-b65f-db2e58e0cb17', 2, 'Event Reminder — 1 Hour', 'event-reminder-1-hour-2', 'reminder', 'Automatically sent 1 hour before the event starts.', '{{event_name}} starts in 1 hour!', '<h2>Event Reminder</h2>\n<p>Hi {{attendee_name}},</p>\n<p>This is a friendly reminder that <strong>{{event_name}}</strong> starts in <strong>1 hour</strong>!</p>\n<table style=\"border-collapse:collapse;width:100%;margin:16px 0;\">\n    <tr><td style=\"padding:8px;border:1px solid #ddd;color:#666;\">Date</td><td style=\"padding:8px;border:1px solid #ddd;\">{{event_date}}</td></tr>\n    <tr><td style=\"padding:8px;border:1px solid #ddd;color:#666;\">Time</td><td style=\"padding:8px;border:1px solid #ddd;\">{{event_time}}</td></tr>\n    <tr><td style=\"padding:8px;border:1px solid #ddd;color:#666;\">Venue</td><td style=\"padding:8px;border:1px solid #ddd;\">{{event_venue}}</td></tr>\n</table>\n<p>Don\'t forget to bring your ticket or QR code. See you soon!</p>\n<p>Regards,<br><strong>{{organizer_name}}</strong></p>', 'Hi {{attendee_name}},\n\n{{event_name}} starts in just 1 hour! Head to {{event_venue}} now.\n\n{{organizer_name}}', '[\"attendee_name\", \"event_name\", \"event_time\", \"event_venue\", \"organizer_name\"]', NULL, 1, 1, '2026-03-04 09:17:02', '2026-03-04 09:17:02'),
(13, '8bc0ff7f-2710-4ebf-90f0-a49919f4aa40', 2, 'Voting Confirmation', 'voting-confirmation-2', 'voting', 'Sent when a vote is successfully cast.', 'Your vote has been counted — {{event_name}}', '<h2>Your Vote Has Been Counted!</h2>\n<p>Hi {{voter_name}},</p>\n<p>Thank you for participating in <strong>{{event_name}}</strong>!</p>\n<table style=\"border-collapse:collapse;width:100%;margin:16px 0;\">\n    <tr><td style=\"padding:8px;border:1px solid #ddd;color:#666;\">Voted For</td><td style=\"padding:8px;border:1px solid #ddd;font-weight:bold;\">{{nominee_name}}</td></tr>\n    <tr><td style=\"padding:8px;border:1px solid #ddd;color:#666;\">Category</td><td style=\"padding:8px;border:1px solid #ddd;\">{{category_name}}</td></tr>\n    <tr><td style=\"padding:8px;border:1px solid #ddd;color:#666;\">Votes Cast</td><td style=\"padding:8px;border:1px solid #ddd;\">{{votes_count}}</td></tr>\n</table>\n<p>Your vote has been securely recorded. Results will be announced at the event.</p>\n<p>Regards,<br><strong>{{organizer_name}}</strong></p>', 'Hi {{voter_name}},\n\nThank you! Your vote for {{nominee_name}} in {{category_name}} has been recorded.\n\nVotes cast: {{votes_count}}\nEvent: {{event_name}}\n\n{{organizer_name}}', '[\"voter_name\", \"nominee_name\", \"category_name\", \"votes_count\", \"event_name\", \"organizer_name\"]', NULL, 1, 1, '2026-03-04 09:17:02', '2026-03-04 09:17:02'),
(14, 'dcba53d3-821a-4cbb-be59-709e86980cfb', 2, 'General Announcement', 'general-announcement-2', 'general', 'A reusable template for general event announcements.', '{{subject_line}}', '<h2>{{subject_line}}</h2>\n<p>Hi {{attendee_name}},</p>\n<p>{{message_body}}</p>\n<p>Regards,<br><strong>{{organizer_name}}</strong></p>', 'Hi {{attendee_name}},\n\n{{message_body}}\n\nRegards,\n{{organizer_name}}', '[\"attendee_name\", \"subject_line\", \"message_body\", \"organizer_name\", \"event_name\"]', NULL, 1, 0, '2026-03-04 09:17:02', '2026-03-04 09:17:02'),
(15, '64ab8625-856b-4a6e-9ff0-79abe78e6a9a', 3, 'Ticket Purchase Confirmation', 'ticket-purchase-confirmation-3', 'ticketing', 'Sent automatically when a ticket purchase is completed.', 'Your ticket for {{event_name}} is confirmed!', '<h2>Your Ticket is Confirmed!</h2>\n<p>Hi {{attendee_name}},</p>\n<p>Great news — your ticket for <strong>{{event_name}}</strong> has been confirmed.</p>\n<table style=\"border-collapse:collapse;width:100%;margin:16px 0;\">\n    <tr><td style=\"padding:8px;border:1px solid #ddd;color:#666;\">Ticket #</td><td style=\"padding:8px;border:1px solid #ddd;font-weight:bold;\">{{ticket_number}}</td></tr>\n    <tr><td style=\"padding:8px;border:1px solid #ddd;color:#666;\">Ticket Type</td><td style=\"padding:8px;border:1px solid #ddd;\">{{ticket_type}}</td></tr>\n    <tr><td style=\"padding:8px;border:1px solid #ddd;color:#666;\">Event Date</td><td style=\"padding:8px;border:1px solid #ddd;\">{{event_date}}</td></tr>\n    <tr><td style=\"padding:8px;border:1px solid #ddd;color:#666;\">Venue</td><td style=\"padding:8px;border:1px solid #ddd;\">{{event_venue}}</td></tr>\n    <tr><td style=\"padding:8px;border:1px solid #ddd;color:#666;\">Amount Paid</td><td style=\"padding:8px;border:1px solid #ddd;\">{{amount_paid}}</td></tr>\n</table>\n<p>Please bring this confirmation or your QR code to the event entrance.</p>\n<p>We look forward to seeing you at <strong>{{event_name}}</strong>!</p>\n<p>Regards,<br><strong>{{organizer_name}}</strong></p>', 'Hi {{attendee_name}},\n\nYour ticket for {{event_name}} has been confirmed.\n\nTicket #: {{ticket_number}}\nDate: {{event_date}}\nVenue: {{event_venue}}\n\nPlease bring this confirmation or your QR code to the event.\n\nSee you there!\n{{organizer_name}}', '[\"attendee_name\", \"event_name\", \"event_date\", \"event_venue\", \"ticket_number\", \"ticket_type\", \"amount_paid\", \"organizer_name\"]', NULL, 1, 1, '2026-03-04 09:17:02', '2026-03-04 09:17:02'),
(16, 'f69866b7-5906-4583-8bb8-2bd7fd864b45', 3, 'Event Registration Confirmation', 'event-registration-confirmation-3', 'registration', 'Sent when a registration is approved or submitted.', 'Registration confirmed — {{event_name}}', '<h2>Registration Confirmed</h2>\n<p>Hi {{attendee_name}},</p>\n<p>Your registration for <strong>{{event_name}}</strong> has been approved.</p>\n<table style=\"border-collapse:collapse;width:100%;margin:16px 0;\">\n    <tr><td style=\"padding:8px;border:1px solid #ddd;color:#666;\">Event</td><td style=\"padding:8px;border:1px solid #ddd;font-weight:bold;\">{{event_name}}</td></tr>\n    <tr><td style=\"padding:8px;border:1px solid #ddd;color:#666;\">Date</td><td style=\"padding:8px;border:1px solid #ddd;\">{{event_date}}</td></tr>\n    <tr><td style=\"padding:8px;border:1px solid #ddd;color:#666;\">Venue</td><td style=\"padding:8px;border:1px solid #ddd;\">{{event_venue}}</td></tr>\n</table>\n<p>We\'re excited to have you join us. Please check the event schedule closer to the date.</p>\n<p>Regards,<br><strong>{{organizer_name}}</strong></p>', 'Hi {{attendee_name}},\n\nYour registration for {{event_name}} has been confirmed.\n\nEvent Date: {{event_date}}\nVenue: {{event_venue}}\n\nWe look forward to seeing you!\n{{organizer_name}}', '[\"attendee_name\", \"event_name\", \"event_date\", \"event_venue\", \"organizer_name\"]', NULL, 1, 1, '2026-03-04 09:17:02', '2026-03-04 09:17:02'),
(17, '446e9a04-790f-4c5f-b5fa-05225fd074c8', 3, 'Payment Receipt', 'payment-receipt-3', 'financial', 'Sent when a payment is successfully processed.', 'Payment receipt — {{event_name}}', '<h2>Payment Receipt</h2>\n<p>Hi {{attendee_name}},</p>\n<p>We have successfully received your payment for <strong>{{event_name}}</strong>.</p>\n<table style=\"border-collapse:collapse;width:100%;margin:16px 0;\">\n    <tr><td style=\"padding:8px;border:1px solid #ddd;color:#666;\">Amount</td><td style=\"padding:8px;border:1px solid #ddd;font-weight:bold;\">{{amount}}</td></tr>\n    <tr><td style=\"padding:8px;border:1px solid #ddd;color:#666;\">Transaction ID</td><td style=\"padding:8px;border:1px solid #ddd;\">{{transaction_id}}</td></tr>\n    <tr><td style=\"padding:8px;border:1px solid #ddd;color:#666;\">Payment Date</td><td style=\"padding:8px;border:1px solid #ddd;\">{{payment_date}}</td></tr>\n    <tr><td style=\"padding:8px;border:1px solid #ddd;color:#666;\">Method</td><td style=\"padding:8px;border:1px solid #ddd;\">{{payment_method}}</td></tr>\n</table>\n<p>Please keep this receipt for your records.</p>\n<p>Regards,<br><strong>{{organizer_name}}</strong></p>', 'Hi {{attendee_name}},\n\nWe have received your payment of {{amount}} for {{event_name}}.\n\nTransaction ID: {{transaction_id}}\nDate: {{payment_date}}\nMethod: {{payment_method}}\n\nThank you!\n{{organizer_name}}', '[\"attendee_name\", \"event_name\", \"amount\", \"transaction_id\", \"payment_date\", \"payment_method\", \"organizer_name\"]', NULL, 1, 1, '2026-03-04 09:17:02', '2026-03-04 09:17:02'),
(18, '9c905b00-b46f-4eb6-a34c-5d0acca86991', 3, 'Event Reminder — 24 Hours', 'event-reminder-24-hours-3', 'reminder', 'Automatically sent 24 hours before the event starts.', 'Reminder: {{event_name}} is tomorrow!', '<h2>Event Reminder</h2>\n<p>Hi {{attendee_name}},</p>\n<p>This is a friendly reminder that <strong>{{event_name}}</strong> starts in <strong>24 hours</strong>!</p>\n<table style=\"border-collapse:collapse;width:100%;margin:16px 0;\">\n    <tr><td style=\"padding:8px;border:1px solid #ddd;color:#666;\">Date</td><td style=\"padding:8px;border:1px solid #ddd;\">{{event_date}}</td></tr>\n    <tr><td style=\"padding:8px;border:1px solid #ddd;color:#666;\">Time</td><td style=\"padding:8px;border:1px solid #ddd;\">{{event_time}}</td></tr>\n    <tr><td style=\"padding:8px;border:1px solid #ddd;color:#666;\">Venue</td><td style=\"padding:8px;border:1px solid #ddd;\">{{event_venue}}</td></tr>\n</table>\n<p>Don\'t forget to bring your ticket or QR code. See you soon!</p>\n<p>Regards,<br><strong>{{organizer_name}}</strong></p>', 'Hi {{attendee_name}},\n\nJust a reminder that {{event_name}} starts tomorrow at {{event_time}}.\n\nVenue: {{event_venue}}\n\nDon\'t forget to bring your ticket!\n\n{{organizer_name}}', '[\"attendee_name\", \"event_name\", \"event_date\", \"event_time\", \"event_venue\", \"organizer_name\"]', NULL, 1, 1, '2026-03-04 09:17:02', '2026-03-04 09:17:02'),
(19, '6887c274-f049-47e9-a8d5-135b2d5c4516', 3, 'Event Reminder — 1 Hour', 'event-reminder-1-hour-3', 'reminder', 'Automatically sent 1 hour before the event starts.', '{{event_name}} starts in 1 hour!', '<h2>Event Reminder</h2>\n<p>Hi {{attendee_name}},</p>\n<p>This is a friendly reminder that <strong>{{event_name}}</strong> starts in <strong>1 hour</strong>!</p>\n<table style=\"border-collapse:collapse;width:100%;margin:16px 0;\">\n    <tr><td style=\"padding:8px;border:1px solid #ddd;color:#666;\">Date</td><td style=\"padding:8px;border:1px solid #ddd;\">{{event_date}}</td></tr>\n    <tr><td style=\"padding:8px;border:1px solid #ddd;color:#666;\">Time</td><td style=\"padding:8px;border:1px solid #ddd;\">{{event_time}}</td></tr>\n    <tr><td style=\"padding:8px;border:1px solid #ddd;color:#666;\">Venue</td><td style=\"padding:8px;border:1px solid #ddd;\">{{event_venue}}</td></tr>\n</table>\n<p>Don\'t forget to bring your ticket or QR code. See you soon!</p>\n<p>Regards,<br><strong>{{organizer_name}}</strong></p>', 'Hi {{attendee_name}},\n\n{{event_name}} starts in just 1 hour! Head to {{event_venue}} now.\n\n{{organizer_name}}', '[\"attendee_name\", \"event_name\", \"event_time\", \"event_venue\", \"organizer_name\"]', NULL, 1, 1, '2026-03-04 09:17:02', '2026-03-04 09:17:02'),
(20, '0e8614d3-b216-48a9-8fff-56dcf41207f4', 3, 'Voting Confirmation', 'voting-confirmation-3', 'voting', 'Sent when a vote is successfully cast.', 'Your vote has been counted — {{event_name}}', '<h2>Your Vote Has Been Counted!</h2>\n<p>Hi {{voter_name}},</p>\n<p>Thank you for participating in <strong>{{event_name}}</strong>!</p>\n<table style=\"border-collapse:collapse;width:100%;margin:16px 0;\">\n    <tr><td style=\"padding:8px;border:1px solid #ddd;color:#666;\">Voted For</td><td style=\"padding:8px;border:1px solid #ddd;font-weight:bold;\">{{nominee_name}}</td></tr>\n    <tr><td style=\"padding:8px;border:1px solid #ddd;color:#666;\">Category</td><td style=\"padding:8px;border:1px solid #ddd;\">{{category_name}}</td></tr>\n    <tr><td style=\"padding:8px;border:1px solid #ddd;color:#666;\">Votes Cast</td><td style=\"padding:8px;border:1px solid #ddd;\">{{votes_count}}</td></tr>\n</table>\n<p>Your vote has been securely recorded. Results will be announced at the event.</p>\n<p>Regards,<br><strong>{{organizer_name}}</strong></p>', 'Hi {{voter_name}},\n\nThank you! Your vote for {{nominee_name}} in {{category_name}} has been recorded.\n\nVotes cast: {{votes_count}}\nEvent: {{event_name}}\n\n{{organizer_name}}', '[\"voter_name\", \"nominee_name\", \"category_name\", \"votes_count\", \"event_name\", \"organizer_name\"]', NULL, 1, 1, '2026-03-04 09:17:02', '2026-03-04 09:17:02'),
(21, '85b9c4cf-7cb6-4b6c-bfb6-24744f57ad1a', 3, 'General Announcement', 'general-announcement-3', 'general', 'A reusable template for general event announcements.', '{{subject_line}}', '<h2>{{subject_line}}</h2>\n<p>Hi {{attendee_name}},</p>\n<p>{{message_body}}</p>\n<p>Regards,<br><strong>{{organizer_name}}</strong></p>', 'Hi {{attendee_name}},\n\n{{message_body}}\n\nRegards,\n{{organizer_name}}', '[\"attendee_name\", \"subject_line\", \"message_body\", \"organizer_name\", \"event_name\"]', NULL, 1, 0, '2026-03-04 09:17:02', '2026-03-04 09:17:02');

-- --------------------------------------------------------

--
-- Table structure for table `events`
--

CREATE TABLE `events` (
  `id` bigint UNSIGNED NOT NULL,
  `uuid` char(36) COLLATE utf8mb4_unicode_ci NOT NULL,
  `client_id` bigint UNSIGNED NOT NULL,
  `venue_id` bigint UNSIGNED DEFAULT NULL,
  `organizer_id` bigint UNSIGNED DEFAULT NULL,
  `event_category_id` bigint UNSIGNED DEFAULT NULL,
  `name` varchar(255) COLLATE utf8mb4_unicode_ci NOT NULL,
  `slug` varchar(255) COLLATE utf8mb4_unicode_ci NOT NULL,
  `tagline` varchar(500) COLLATE utf8mb4_unicode_ci DEFAULT NULL,
  `description` text COLLATE utf8mb4_unicode_ci,
  `short_description` varchar(500) COLLATE utf8mb4_unicode_ci DEFAULT NULL,
  `type` enum('awards','pageant','conference','tournament','concert','other') COLLATE utf8mb4_unicode_ci NOT NULL DEFAULT 'awards',
  `event_format` enum('in-person','virtual','hybrid') COLLATE utf8mb4_unicode_ci NOT NULL DEFAULT 'in-person',
  `banner_image` varchar(500) COLLATE utf8mb4_unicode_ci DEFAULT NULL,
  `thumbnail_image` varchar(500) COLLATE utf8mb4_unicode_ci DEFAULT NULL,
  `logo` varchar(500) COLLATE utf8mb4_unicode_ci DEFAULT NULL,
  `venue_name` varchar(255) COLLATE utf8mb4_unicode_ci DEFAULT NULL,
  `venue_address` text COLLATE utf8mb4_unicode_ci,
  `venue_city` varchar(100) COLLATE utf8mb4_unicode_ci DEFAULT NULL,
  `venue_country` varchar(100) COLLATE utf8mb4_unicode_ci DEFAULT NULL,
  `is_virtual` tinyint(1) NOT NULL DEFAULT '0',
  `virtual_url` varchar(500) COLLATE utf8mb4_unicode_ci DEFAULT NULL,
  `start_date` date NOT NULL,
  `end_date` date DEFAULT NULL,
  `start_time` time DEFAULT NULL,
  `end_time` time DEFAULT NULL,
  `timezone` varchar(50) COLLATE utf8mb4_unicode_ci NOT NULL DEFAULT 'Africa/Nairobi',
  `registration_opens_at` timestamp NULL DEFAULT NULL,
  `registration_closes_at` timestamp NULL DEFAULT NULL,
  `voting_opens_at` timestamp NULL DEFAULT NULL,
  `voting_closes_at` timestamp NULL DEFAULT NULL,
  `status` enum('draft','published','ongoing','completed','cancelled','postponed','pending_review','rejected') COLLATE utf8mb4_unicode_ci NOT NULL DEFAULT 'draft',
  `voting_commission_rate` decimal(5,2) DEFAULT NULL,
  `ticketing_commission_rate` decimal(5,2) DEFAULT NULL,
  `total_voting_revenue` decimal(15,2) NOT NULL DEFAULT '0.00',
  `total_ticketing_revenue` decimal(15,2) NOT NULL DEFAULT '0.00',
  `platform_commission_total` decimal(15,2) NOT NULL DEFAULT '0.00',
  `client_revenue_total` decimal(15,2) NOT NULL DEFAULT '0.00',
  `visibility` enum('public','private','unlisted') COLLATE utf8mb4_unicode_ci NOT NULL DEFAULT 'public',
  `is_featured` tinyint(1) NOT NULL DEFAULT '0',
  `has_voting` tinyint(1) NOT NULL DEFAULT '0',
  `has_ticketing` tinyint(1) NOT NULL DEFAULT '0',
  `has_registration` tinyint(1) NOT NULL DEFAULT '0',
  `max_attendees` int UNSIGNED DEFAULT NULL,
  `current_attendees` int UNSIGNED NOT NULL DEFAULT '0',
  `terms_conditions` text COLLATE utf8mb4_unicode_ci,
  `meta` json DEFAULT NULL,
  `seo_title` varchar(255) COLLATE utf8mb4_unicode_ci DEFAULT NULL,
  `seo_description` varchar(500) COLLATE utf8mb4_unicode_ci DEFAULT NULL,
  `seo_keywords` varchar(500) COLLATE utf8mb4_unicode_ci DEFAULT NULL,
  `views_count` bigint UNSIGNED NOT NULL DEFAULT '0',
  `shares_count` int UNSIGNED NOT NULL DEFAULT '0',
  `created_by` bigint UNSIGNED DEFAULT NULL,
  `published_at` timestamp NULL DEFAULT NULL,
  `created_at` timestamp NULL DEFAULT NULL,
  `updated_at` timestamp NULL DEFAULT NULL,
  `deleted_at` timestamp NULL DEFAULT NULL,
  `rejection_reason` text COLLATE utf8mb4_unicode_ci
) ENGINE=InnoDB DEFAULT CHARSET=utf8mb4 COLLATE=utf8mb4_unicode_ci;

--
-- Dumping data for table `events`
--

INSERT INTO `events` (`id`, `uuid`, `client_id`, `venue_id`, `organizer_id`, `event_category_id`, `name`, `slug`, `tagline`, `description`, `short_description`, `type`, `event_format`, `banner_image`, `thumbnail_image`, `logo`, `venue_name`, `venue_address`, `venue_city`, `venue_country`, `is_virtual`, `virtual_url`, `start_date`, `end_date`, `start_time`, `end_time`, `timezone`, `registration_opens_at`, `registration_closes_at`, `voting_opens_at`, `voting_closes_at`, `status`, `voting_commission_rate`, `ticketing_commission_rate`, `total_voting_revenue`, `total_ticketing_revenue`, `platform_commission_total`, `client_revenue_total`, `visibility`, `is_featured`, `has_voting`, `has_ticketing`, `has_registration`, `max_attendees`, `current_attendees`, `terms_conditions`, `meta`, `seo_title`, `seo_description`, `seo_keywords`, `views_count`, `shares_count`, `created_by`, `published_at`, `created_at`, `updated_at`, `deleted_at`, `rejection_reason`) VALUES
(55, '40760722-e3b5-4590-9267-74aa7de346a1', 4, 8, NULL, NULL, 'IKWA 2026 Awards Gala', 'ikwa-2026', 'Celebrating Women Who Shape Kenya\'s Future', 'The Independent Kenya Women Awards (IKWA) 2026 brings together Kenya\'s most outstanding women in leadership, business, and social impact for an unforgettable evening of recognition and celebration.\n\nJoin us as we honour the Top 100 Women in Leadership, Top 100 Women in Business & Brands, 100 Women of Influence in Kenya, and crown the Miss Independent Kenya 2026.\n\nThe evening features a gala dinner, live entertainment, and an inspiring programme celebrating Kenyan women who are shaping the nation\'s future.\n\nTheme: Celebrating Women Who Shape Kenya\'s Future', 'Annual gala celebrating Kenya\'s top women in leadership, business, influence and culture. Join us for an evening of awards, inspiration and celebration.', 'awards', 'in-person', 'events/55/banner_ikwa-2026_AOfXDJ0e.webp', 'events/55/thumbnail_ikwa-2026_tH0P1raO.webp', 'events/55/logo_ikwa-2026_0f3Fe5pS.jpeg', 'Radisson Blu Hotel Nairobi Upper Hill', 'Upper Hill, Hospital Road', 'Nairobi', 'Kenya', 0, NULL, '2026-05-30', '2026-05-30', '18:00:00', '23:00:00', 'Africa/Nairobi', NULL, NULL, '2026-03-09 21:00:00', '2026-04-30 20:59:59', 'published', 18.00, 4.00, 0.00, 0.00, 0.00, 0.00, 'public', 1, 1, 1, 0, NULL, 0, NULL, NULL, NULL, NULL, NULL, 0, 0, NULL, '2026-03-06 10:00:42', '2026-03-06 07:32:20', '2026-03-15 08:08:16', NULL, NULL),
(60, 'f21e70bf-a186-4c0f-88cf-1045fa2d1b53', 1, NULL, NULL, NULL, 'Tuqio Entrepreneurship Awards 2026', 'tuqio-entrepreneurship-2026', 'Celebrating Kenya\'s most innovative entrepreneurs', 'The Tuqio Entrepreneurship Awards 2026 recognises outstanding entrepreneurs across Kenya. This event is currently in the nomination phase — submit your nominee today and help us identify the next generation of business leaders.', 'Nominate Kenya\'s top entrepreneurs for the 2026 awards.', 'awards', 'in-person', NULL, NULL, NULL, 'Radisson Blu Hotel', 'Upper Hill', 'Nairobi', 'Kenya', 0, NULL, '2026-05-10', '2026-05-10', '18:00:00', '22:00:00', 'Africa/Nairobi', NULL, NULL, NULL, NULL, 'published', NULL, NULL, 0.00, 0.00, 0.00, 0.00, 'public', 1, 0, 0, 0, NULL, 0, NULL, NULL, NULL, NULL, NULL, 0, 0, NULL, NULL, '2026-03-11 07:06:41', '2026-03-11 07:06:41', NULL, NULL),
(61, '350542b6-008e-4a14-bb0a-51dcac4b9ee4', 1, NULL, NULL, NULL, 'Tuqio Awards Gala 2026', 'tuqio-gala-2026', 'An evening celebrating excellence, impact, and ambition', 'The Tuqio Awards Gala 2026 is a prestigious ceremony honouring Kenya\'s top performers in leadership, business, innovation, and youth development. Voting is now open — cast your votes for your favourite candidates and secure your tickets to join us on the night.', 'Kenya\'s premier awards gala — voting open now.', 'awards', 'in-person', NULL, NULL, NULL, 'Safari Park Hotel', 'Thika Road', 'Nairobi', 'Kenya', 0, NULL, '2026-04-10', '2026-04-10', '18:00:00', '23:00:00', 'Africa/Nairobi', NULL, NULL, '2026-03-11 06:06:44', '2026-04-05 07:06:44', 'published', 10.00, NULL, 0.00, 0.00, 0.00, 0.00, 'public', 1, 1, 1, 0, NULL, 0, NULL, NULL, NULL, NULL, NULL, 0, 0, NULL, NULL, '2026-03-11 07:06:44', '2026-03-11 07:06:44', NULL, NULL),
(62, '9e7dd868-06d9-462d-9cdd-58d7971d2193', 1, NULL, NULL, NULL, 'Tuqio Live Voting Demo 2026', 'tuqio-live-demo-2026', 'Live voting demo — see real-time vote counts in action', 'The Tuqio Live Voting Demo 2026 showcases the full voting experience. Voting is live across 3 categories — cast your votes, buy vote bundles, and watch the leaderboard update in real time. This is a demonstration event for the Tuqio platform.', 'Live voting demo — cast your votes and see the leaderboard update.', 'awards', 'in-person', NULL, NULL, NULL, 'Tuqio Virtual Arena', NULL, 'Nairobi', 'Kenya', 1, NULL, '2026-03-25', '2026-03-25', '19:00:00', '22:00:00', 'Africa/Nairobi', NULL, NULL, '2026-03-08 07:06:47', '2026-03-22 07:06:47', 'published', 10.00, NULL, 0.00, 0.00, 0.00, 0.00, 'public', 1, 1, 0, 0, NULL, 0, NULL, NULL, NULL, NULL, NULL, 0, 0, NULL, NULL, '2026-03-11 07:06:47', '2026-03-11 07:06:47', NULL, NULL),
(66, 'c814fd12-888d-49a4-a4c9-56749fd0327f', 6, NULL, NULL, 1, 'MEMA 2026 — Myogenic Excellence Music Awards Gala', 'mema-gala-2026', 'Honouring Africa\'s Voices and Sounds.', 'The Vision\r\n\r\nThe Myogenic Excellence Music Awards — MEMA — was born from a simple but powerful conviction: African gospel music is world-class, and its creators deserve a world-class platform to be recognised. Kenya\'s gospel music scene has produced artists, producers, directors, and photographers whose work has touched millions of lives across the continent and beyond. MEMA 2026 is the inaugural celebration of that excellence.\r\n\r\nWhat to Expect on the Night\r\n\r\nThe MEMA Gala 2026 is a full black-tie gala evening held at the Radisson Blu Hotel & Convention Centre, Nairobi, on September 16, 2026. Doors open at 4:30 PM with a red carpet reception and networking cocktails. The main ceremony begins at 7:00 PM and features live gospel performances by nominated artists, a sit-down gala dinner, and the presentation of all MEMA awards across three awards blocks. The evening concludes with an after-gala celebration and group photography with award winners.\r\n\r\nHow Nominations and Voting Work\r\n\r\nAnyone can nominate a gospel artist, producer, director, or photographer they believe deserves recognition. Nominations are submitted online, reviewed by the MEMA team, and shortlisted nominees are published for public voting. The nomination window runs from April 16 to July 15, 2026. Public voting opens August 1 and closes September 14, 2026 — giving the gospel music community the power to crown their champions before the big night.\r\n\r\nTickets\r\n\r\nTickets are available in multiple tiers to suit individual guests, couples, organisations, and corporate tables — from Early Bird Regular Seats (KES 1,000) to VVIP Tables for 10 (KES 50,000). All tickets include a gala dinner and event programme. VIP and VVIP tickets include priority seating, VIP lounge access, and meet & greet opportunities with award winners.\r\n\r\nBe Part of the Story\r\n\r\nMEMA 2026 is more than an event — it is a movement. Whether you are nominating an artist you believe in, casting your vote, attending the gala, or sponsoring a category, you are part of something historic. This is the beginning of a new chapter for gospel music recognition in Africa.', 'The inaugural Myogenic Excellence Music Awards — celebrating outstanding talent across gospel music, production, videography, and photography in Africa.', 'awards', 'in-person', 'events/66/banner_mema-gala-2026_p7kmkf6u.jpeg', 'events/66/thumbnail_mema-gala-2026_fdsDite9.jpeg', 'events/66/logo_mema-gala-2026_Dt8BzBal.png', 'Radisson Blu Hotel & Convention Centre, Nairobi', 'Upper Hill Road, Upper Hill', 'Nairobi', 'Kenya', 0, NULL, '2026-09-16', '2026-09-16', '16:30:00', '23:59:00', 'Africa/Nairobi', NULL, NULL, '2025-12-31 21:00:00', '2026-12-31 20:59:59', 'published', 2.00, 5.00, 0.00, 0.00, 0.00, 0.00, 'public', 1, 1, 1, 1, NULL, 0, NULL, NULL, NULL, NULL, NULL, 0, 0, NULL, '2026-03-26 09:20:45', '2026-03-26 09:20:45', '2026-03-26 12:09:51', NULL, NULL);

-- --------------------------------------------------------

--
-- Table structure for table `event_attendees`
--

CREATE TABLE `event_attendees` (
  `id` bigint UNSIGNED NOT NULL,
  `client_id` bigint UNSIGNED NOT NULL,
  `event_id` bigint UNSIGNED NOT NULL,
  `registration_id` bigint UNSIGNED DEFAULT NULL,
  `user_id` bigint UNSIGNED DEFAULT NULL,
  `name` varchar(255) COLLATE utf8mb4_unicode_ci NOT NULL,
  `email` varchar(255) COLLATE utf8mb4_unicode_ci NOT NULL,
  `phone` varchar(20) COLLATE utf8mb4_unicode_ci DEFAULT NULL,
  `badge_name` varchar(255) COLLATE utf8mb4_unicode_ci DEFAULT NULL,
  `company` varchar(255) COLLATE utf8mb4_unicode_ci DEFAULT NULL,
  `job_title` varchar(255) COLLATE utf8mb4_unicode_ci DEFAULT NULL,
  `attendee_type` enum('general','vip','speaker','sponsor','media','staff') COLLATE utf8mb4_unicode_ci NOT NULL DEFAULT 'general',
  `checked_in` tinyint(1) NOT NULL DEFAULT '0',
  `checked_in_at` timestamp NULL DEFAULT NULL,
  `checked_in_by` varchar(255) COLLATE utf8mb4_unicode_ci DEFAULT NULL,
  `check_in_method` varchar(20) COLLATE utf8mb4_unicode_ci DEFAULT NULL,
  `checked_out_at` timestamp NULL DEFAULT NULL,
  `sessions_attended` json DEFAULT NULL,
  `meta` json DEFAULT NULL,
  `created_at` timestamp NULL DEFAULT NULL,
  `updated_at` timestamp NULL DEFAULT NULL
) ENGINE=InnoDB DEFAULT CHARSET=utf8mb4 COLLATE=utf8mb4_unicode_ci;

-- --------------------------------------------------------

--
-- Table structure for table `event_categories`
--

CREATE TABLE `event_categories` (
  `id` bigint UNSIGNED NOT NULL,
  `client_id` bigint UNSIGNED NOT NULL,
  `name` varchar(100) COLLATE utf8mb4_unicode_ci NOT NULL,
  `slug` varchar(100) COLLATE utf8mb4_unicode_ci NOT NULL,
  `description` text COLLATE utf8mb4_unicode_ci,
  `icon` varchar(50) COLLATE utf8mb4_unicode_ci DEFAULT NULL,
  `color` varchar(7) COLLATE utf8mb4_unicode_ci DEFAULT NULL,
  `sort_order` int NOT NULL DEFAULT '0',
  `is_active` tinyint(1) NOT NULL DEFAULT '1',
  `created_at` timestamp NULL DEFAULT NULL,
  `updated_at` timestamp NULL DEFAULT NULL
) ENGINE=InnoDB DEFAULT CHARSET=utf8mb4 COLLATE=utf8mb4_unicode_ci;

--
-- Dumping data for table `event_categories`
--

INSERT INTO `event_categories` (`id`, `client_id`, `name`, `slug`, `description`, `icon`, `color`, `sort_order`, `is_active`, `created_at`, `updated_at`) VALUES
(1, 1, 'Awards', 'awards', 'Awards and recognition events', 'trophy', '#FFD700', 1, 1, '2026-02-12 09:06:48', '2026-02-12 09:06:48'),
(2, 1, 'Pageants', 'pageants', 'Beauty and talent pageants', 'crown', '#FF1493', 2, 1, '2026-02-12 09:06:48', '2026-02-12 09:06:48'),
(3, 1, 'Conferences', 'conferences', 'Professional conferences and summits', 'users', '#0066CC', 3, 1, '2026-02-12 09:06:48', '2026-02-12 09:06:48'),
(4, 1, 'Tournaments', 'tournaments', 'Sports and gaming tournaments', 'gamepad', '#9400D3', 4, 1, '2026-02-12 09:06:48', '2026-02-12 09:06:48'),
(5, 1, 'Concerts', 'concerts', 'Music concerts and festivals', 'music', '#00A86B', 5, 1, '2026-02-12 09:06:48', '2026-02-12 09:06:48'),
(6, 2, 'confrences new', 'confrences-new', 'new one', 'target', '#ef4444', 1, 1, '2026-02-26 13:57:57', '2026-02-26 13:58:07');

-- --------------------------------------------------------

--
-- Table structure for table `event_documents`
--

CREATE TABLE `event_documents` (
  `id` bigint UNSIGNED NOT NULL,
  `event_id` bigint UNSIGNED NOT NULL,
  `title` varchar(255) COLLATE utf8mb4_unicode_ci NOT NULL,
  `description` text COLLATE utf8mb4_unicode_ci,
  `file_path` varchar(500) COLLATE utf8mb4_unicode_ci NOT NULL,
  `file_name` varchar(255) COLLATE utf8mb4_unicode_ci NOT NULL,
  `file_type` varchar(255) COLLATE utf8mb4_unicode_ci DEFAULT NULL,
  `file_size` bigint UNSIGNED DEFAULT NULL,
  `is_public` tinyint(1) NOT NULL DEFAULT '1',
  `requires_registration` tinyint(1) NOT NULL DEFAULT '0',
  `sort_order` int NOT NULL DEFAULT '0',
  `created_at` timestamp NULL DEFAULT NULL,
  `updated_at` timestamp NULL DEFAULT NULL
) ENGINE=InnoDB DEFAULT CHARSET=utf8mb4 COLLATE=utf8mb4_unicode_ci;

-- --------------------------------------------------------

--
-- Table structure for table `event_faqs`
--

CREATE TABLE `event_faqs` (
  `id` bigint UNSIGNED NOT NULL,
  `event_id` bigint UNSIGNED NOT NULL,
  `question` text COLLATE utf8mb4_unicode_ci NOT NULL,
  `answer` longtext COLLATE utf8mb4_unicode_ci NOT NULL,
  `sort_order` int NOT NULL DEFAULT '0',
  `is_active` tinyint(1) NOT NULL DEFAULT '1',
  `created_at` timestamp NULL DEFAULT NULL,
  `updated_at` timestamp NULL DEFAULT NULL
) ENGINE=InnoDB DEFAULT CHARSET=utf8mb4 COLLATE=utf8mb4_unicode_ci;

--
-- Dumping data for table `event_faqs`
--

INSERT INTO `event_faqs` (`id`, `event_id`, `question`, `answer`, `sort_order`, `is_active`, `created_at`, `updated_at`) VALUES
(102, 66, 'How do I vote for my favourite nominee?', 'Visit the MEMA Gala 2026 event page on tuqiohub.africa, choose your nominee, select a vote bundle, and complete payment via M-Pesa or card. Your votes are credited instantly.', 1, 1, '2026-03-26 09:20:45', '2026-03-26 09:20:45'),
(103, 66, 'How much does one vote cost?', 'One vote costs KES 100. You can buy vote bundles for discounts — e.g. 50 votes for KES 4,000 (save 20%) or 100 votes for KES 7,000 (save 30%).', 2, 1, '2026-03-26 09:20:45', '2026-03-26 09:20:45'),
(104, 66, 'Can I buy votes for different nominees?', 'Yes! You can purchase vote bundles and distribute them across different nominees and categories as you wish.', 3, 1, '2026-03-26 09:20:45', '2026-03-26 09:20:45'),
(105, 66, 'When does voting open and close?', 'Public voting opens on August 1, 2026 and closes on September 14, 2026 at 11:59 PM (EAT). No votes are accepted after the deadline.', 4, 1, '2026-03-26 09:20:45', '2026-03-26 09:20:45'),
(106, 66, 'How do I nominate someone?', 'Visit tuqiohub.africa/nominate, select the MEMA Gala 2026 event, choose a category, and fill in the nomination form. Nominations are open from April 16 to July 15, 2026.', 5, 1, '2026-03-26 09:20:45', '2026-03-26 09:20:45'),
(107, 66, 'Can I nominate myself?', 'Yes, self-nominations are accepted! Fill out the nomination form with your own details and explain why you deserve the award.', 6, 1, '2026-03-26 09:20:45', '2026-03-26 09:20:45'),
(108, 66, 'When does the nomination window open and close?', 'Public nominations open on April 16, 2026 and close on July 15, 2026 at 11:59 PM. After this, the MEMA team reviews all nominations and promotes shortlisted nominees to the voting phase.', 7, 1, '2026-03-26 09:20:45', '2026-03-26 09:20:45'),
(109, 66, 'Which categories are open for public nomination?', 'Eight out of nine categories are open for public nomination: Female Artist, Male Artist, Emerging Gospel Artist, Gospel Song, Gospel Video, Audio Producer, Video Director, and Photography of the Year. Gospel Collaboration of the Year is nominated directly by the MEMA team.', 8, 1, '2026-03-26 09:20:45', '2026-03-26 09:20:45'),
(110, 66, 'How do I buy event tickets?', 'Visit the MEMA Gala 2026 event page, click \"Get Tickets\", choose your ticket type (Early Bird, Regular, VIP, or VVIP), and complete payment. You will receive your e-ticket via email and SMS.', 9, 1, '2026-03-26 09:20:45', '2026-03-26 09:20:45'),
(111, 66, 'Are there early bird tickets?', 'Yes! Early Bird Regular Seats (KES 1,000) and Early Bird VIP Seats (KES 2,500) are available from April 16 to June 30, 2026 at a significant discount. Limited quantities — book early!', 10, 1, '2026-03-26 09:20:45', '2026-03-26 09:20:45'),
(112, 66, 'Where is the event held?', 'MEMA Gala 2026 will be held in Nairobi, Kenya on September 16, 2026. The exact venue will be announced soon. Stay tuned on our social media channels.', 11, 1, '2026-03-26 09:20:45', '2026-03-26 09:20:45'),
(113, 66, 'Can I get a refund on my ticket?', 'Tickets are non-refundable once purchased. However, ticket transfers are allowed — contact us at info@tuqiohub.africa with your booking reference to arrange a transfer.', 12, 1, '2026-03-26 09:20:45', '2026-03-26 09:20:45');

-- --------------------------------------------------------

--
-- Table structure for table `event_feedback`
--

CREATE TABLE `event_feedback` (
  `id` bigint UNSIGNED NOT NULL,
  `client_id` bigint UNSIGNED NOT NULL,
  `event_id` bigint UNSIGNED NOT NULL,
  `user_id` bigint UNSIGNED DEFAULT NULL,
  `attendee_id` bigint UNSIGNED DEFAULT NULL,
  `overall_rating` tinyint UNSIGNED NOT NULL,
  `venue_rating` tinyint UNSIGNED DEFAULT NULL,
  `content_rating` tinyint UNSIGNED DEFAULT NULL,
  `organization_rating` tinyint UNSIGNED DEFAULT NULL,
  `value_rating` tinyint UNSIGNED DEFAULT NULL,
  `comments` text COLLATE utf8mb4_unicode_ci,
  `suggestions` text COLLATE utf8mb4_unicode_ci,
  `would_recommend` tinyint(1) DEFAULT NULL,
  `would_attend_again` tinyint(1) DEFAULT NULL,
  `custom_responses` json DEFAULT NULL,
  `ip_address` varchar(45) COLLATE utf8mb4_unicode_ci DEFAULT NULL,
  `is_public` tinyint(1) NOT NULL DEFAULT '0',
  `is_featured` tinyint(1) NOT NULL DEFAULT '0',
  `status` enum('pending','approved','rejected') COLLATE utf8mb4_unicode_ci NOT NULL DEFAULT 'pending',
  `created_at` timestamp NULL DEFAULT NULL,
  `updated_at` timestamp NULL DEFAULT NULL
) ENGINE=InnoDB DEFAULT CHARSET=utf8mb4 COLLATE=utf8mb4_unicode_ci;

-- --------------------------------------------------------

--
-- Table structure for table `event_galleries`
--

CREATE TABLE `event_galleries` (
  `id` bigint UNSIGNED NOT NULL,
  `event_id` bigint UNSIGNED NOT NULL,
  `photo` varchar(500) COLLATE utf8mb4_unicode_ci NOT NULL,
  `title` varchar(255) COLLATE utf8mb4_unicode_ci DEFAULT NULL,
  `caption` text COLLATE utf8mb4_unicode_ci,
  `alt_text` varchar(255) COLLATE utf8mb4_unicode_ci DEFAULT NULL,
  `is_public` tinyint(1) NOT NULL DEFAULT '1',
  `sort_order` int NOT NULL DEFAULT '0',
  `created_at` timestamp NULL DEFAULT NULL,
  `updated_at` timestamp NULL DEFAULT NULL
) ENGINE=InnoDB DEFAULT CHARSET=utf8mb4 COLLATE=utf8mb4_unicode_ci;

--
-- Dumping data for table `event_galleries`
--

INSERT INTO `event_galleries` (`id`, `event_id`, `photo`, `title`, `caption`, `alt_text`, `is_public`, `sort_order`, `created_at`, `updated_at`) VALUES
(49, 66, 'events/gallery/BD4huDrQK4CuwR78WI9ZiMQgU9je7uU0PfpRbkri.webp', NULL, NULL, NULL, 1, 0, '2026-03-26 13:10:05', '2026-03-26 13:10:05'),
(50, 66, 'events/gallery/trw1iSC5kOt242rtHvZmmoMKDeHGOyRdmyTDkEzl.webp', NULL, NULL, NULL, 1, 0, '2026-03-26 13:10:13', '2026-03-26 13:10:13'),
(51, 66, 'events/gallery/9ONWpoLArdTk0YMxPUdSPliuJjN4w5iS6PLpVFlG.webp', NULL, NULL, NULL, 1, 0, '2026-03-26 13:10:23', '2026-03-26 13:10:23'),
(52, 66, 'events/gallery/xO1lZHkzgaH6DUrVWTu45dkhaFxajH6q2kCUoFp1.webp', NULL, NULL, NULL, 1, 0, '2026-03-26 13:10:32', '2026-03-26 13:10:32'),
(53, 66, 'events/gallery/Kfpi89Z37pS3TNtcjKkOZMcKPhjDioLyKDyroz3U.webp', NULL, NULL, NULL, 1, 0, '2026-03-26 13:10:50', '2026-03-26 13:10:50'),
(54, 66, 'events/gallery/JWKMBeRpJHHXaRH8maa5T17TKSVMSoNYyO7PfTqu.webp', 'Main Entrance', 'The main entrance of the venue.', 'Main entrance', 1, 1, '2026-03-26 13:11:29', '2026-03-26 13:11:29');

-- --------------------------------------------------------

--
-- Table structure for table `event_judges`
--

CREATE TABLE `event_judges` (
  `id` bigint UNSIGNED NOT NULL,
  `event_id` bigint UNSIGNED NOT NULL,
  `user_id` bigint UNSIGNED DEFAULT NULL,
  `name` varchar(200) COLLATE utf8mb4_unicode_ci NOT NULL,
  `title` varchar(200) COLLATE utf8mb4_unicode_ci DEFAULT NULL,
  `bio` text COLLATE utf8mb4_unicode_ci,
  `photo` varchar(500) COLLATE utf8mb4_unicode_ci DEFAULT NULL,
  `email` varchar(255) COLLATE utf8mb4_unicode_ci DEFAULT NULL,
  `phone` varchar(20) COLLATE utf8mb4_unicode_ci DEFAULT NULL,
  `categories` json DEFAULT NULL,
  `sort_order` int NOT NULL DEFAULT '0',
  `is_active` tinyint(1) NOT NULL DEFAULT '1',
  `is_head_judge` tinyint(1) NOT NULL DEFAULT '0',
  `created_at` timestamp NULL DEFAULT NULL,
  `updated_at` timestamp NULL DEFAULT NULL
) ENGINE=InnoDB DEFAULT CHARSET=utf8mb4 COLLATE=utf8mb4_unicode_ci;

-- --------------------------------------------------------

--
-- Table structure for table `event_managers`
--

CREATE TABLE `event_managers` (
  `id` bigint UNSIGNED NOT NULL,
  `event_id` bigint UNSIGNED NOT NULL,
  `user_id` bigint UNSIGNED NOT NULL,
  `role` varchar(50) COLLATE utf8mb4_unicode_ci NOT NULL DEFAULT 'manager',
  `permissions` json DEFAULT NULL,
  `is_primary` tinyint(1) NOT NULL DEFAULT '0',
  `is_active` tinyint(1) NOT NULL DEFAULT '1',
  `created_at` timestamp NULL DEFAULT NULL,
  `updated_at` timestamp NULL DEFAULT NULL
) ENGINE=InnoDB DEFAULT CHARSET=utf8mb4 COLLATE=utf8mb4_unicode_ci;

-- --------------------------------------------------------

--
-- Table structure for table `event_media`
--

CREATE TABLE `event_media` (
  `id` bigint UNSIGNED NOT NULL,
  `event_id` bigint UNSIGNED NOT NULL,
  `type` enum('image','video','document','audio') COLLATE utf8mb4_unicode_ci NOT NULL DEFAULT 'image',
  `title` varchar(255) COLLATE utf8mb4_unicode_ci DEFAULT NULL,
  `description` text COLLATE utf8mb4_unicode_ci,
  `file_path` varchar(500) COLLATE utf8mb4_unicode_ci NOT NULL,
  `file_name` varchar(255) COLLATE utf8mb4_unicode_ci NOT NULL,
  `file_size` bigint UNSIGNED DEFAULT NULL,
  `mime_type` varchar(100) COLLATE utf8mb4_unicode_ci DEFAULT NULL,
  `thumbnail_path` varchar(500) COLLATE utf8mb4_unicode_ci DEFAULT NULL,
  `external_url` varchar(500) COLLATE utf8mb4_unicode_ci DEFAULT NULL,
  `collection` varchar(50) COLLATE utf8mb4_unicode_ci NOT NULL DEFAULT 'gallery',
  `sort_order` int NOT NULL DEFAULT '0',
  `is_featured` tinyint(1) NOT NULL DEFAULT '0',
  `is_public` tinyint(1) NOT NULL DEFAULT '1',
  `uploaded_by` bigint UNSIGNED DEFAULT NULL,
  `created_at` timestamp NULL DEFAULT NULL,
  `updated_at` timestamp NULL DEFAULT NULL
) ENGINE=InnoDB DEFAULT CHARSET=utf8mb4 COLLATE=utf8mb4_unicode_ci;

-- --------------------------------------------------------

--
-- Table structure for table `event_notifications`
--

CREATE TABLE `event_notifications` (
  `id` bigint UNSIGNED NOT NULL,
  `client_id` bigint UNSIGNED NOT NULL,
  `event_id` bigint UNSIGNED NOT NULL,
  `title` varchar(255) COLLATE utf8mb4_unicode_ci NOT NULL,
  `message` text COLLATE utf8mb4_unicode_ci NOT NULL,
  `type` enum('info','warning','urgent','reminder','update','cancellation') COLLATE utf8mb4_unicode_ci NOT NULL DEFAULT 'info',
  `channel` enum('all','email','sms','push','in_app') COLLATE utf8mb4_unicode_ci NOT NULL DEFAULT 'all',
  `audience` enum('all','registered','checked_in','vip','speakers','custom') COLLATE utf8mb4_unicode_ci NOT NULL DEFAULT 'all',
  `audience_filters` json DEFAULT NULL,
  `scheduled_at` timestamp NULL DEFAULT NULL,
  `sent_at` timestamp NULL DEFAULT NULL,
  `recipients_count` int UNSIGNED NOT NULL DEFAULT '0',
  `delivered_count` int UNSIGNED NOT NULL DEFAULT '0',
  `opened_count` int UNSIGNED NOT NULL DEFAULT '0',
  `status` enum('draft','scheduled','sending','sent','failed','cancelled') COLLATE utf8mb4_unicode_ci NOT NULL DEFAULT 'draft',
  `created_by` bigint UNSIGNED DEFAULT NULL,
  `created_at` timestamp NULL DEFAULT NULL,
  `updated_at` timestamp NULL DEFAULT NULL
) ENGINE=InnoDB DEFAULT CHARSET=utf8mb4 COLLATE=utf8mb4_unicode_ci;

-- --------------------------------------------------------

--
-- Table structure for table `event_registrations`
--

CREATE TABLE `event_registrations` (
  `id` bigint UNSIGNED NOT NULL,
  `uuid` char(36) COLLATE utf8mb4_unicode_ci NOT NULL,
  `client_id` bigint UNSIGNED NOT NULL,
  `event_id` bigint UNSIGNED NOT NULL,
  `user_id` bigint UNSIGNED DEFAULT NULL,
  `ticket_number` varchar(50) COLLATE utf8mb4_unicode_ci NOT NULL,
  `name` varchar(255) COLLATE utf8mb4_unicode_ci NOT NULL,
  `email` varchar(255) COLLATE utf8mb4_unicode_ci NOT NULL,
  `phone` varchar(20) COLLATE utf8mb4_unicode_ci DEFAULT NULL,
  `registration_type` enum('attendee','vip','speaker','sponsor','media','volunteer') COLLATE utf8mb4_unicode_ci NOT NULL DEFAULT 'attendee',
  `status` enum('pending','confirmed','cancelled','waitlisted','checked_in') COLLATE utf8mb4_unicode_ci NOT NULL DEFAULT 'pending',
  `confirmed_at` timestamp NULL DEFAULT NULL,
  `cancelled_at` timestamp NULL DEFAULT NULL,
  `cancellation_reason` varchar(255) COLLATE utf8mb4_unicode_ci DEFAULT NULL,
  `custom_fields` json DEFAULT NULL,
  `meta` json DEFAULT NULL,
  `source` varchar(50) COLLATE utf8mb4_unicode_ci NOT NULL DEFAULT 'web',
  `ip_address` varchar(45) COLLATE utf8mb4_unicode_ci DEFAULT NULL,
  `created_at` timestamp NULL DEFAULT NULL,
  `updated_at` timestamp NULL DEFAULT NULL,
  `deleted_at` timestamp NULL DEFAULT NULL
) ENGINE=InnoDB DEFAULT CHARSET=utf8mb4 COLLATE=utf8mb4_unicode_ci;

-- --------------------------------------------------------

--
-- Table structure for table `event_schedules`
--

CREATE TABLE `event_schedules` (
  `id` bigint UNSIGNED NOT NULL,
  `event_id` bigint UNSIGNED NOT NULL,
  `title` varchar(255) COLLATE utf8mb4_unicode_ci NOT NULL,
  `description` text COLLATE utf8mb4_unicode_ci,
  `speaker` varchar(200) COLLATE utf8mb4_unicode_ci DEFAULT NULL,
  `speaker_title` varchar(200) COLLATE utf8mb4_unicode_ci DEFAULT NULL,
  `speaker_photo` varchar(500) COLLATE utf8mb4_unicode_ci DEFAULT NULL,
  `location` varchar(255) COLLATE utf8mb4_unicode_ci DEFAULT NULL,
  `date` date NOT NULL,
  `start_time` time NOT NULL,
  `end_time` time DEFAULT NULL,
  `type` varchar(100) COLLATE utf8mb4_unicode_ci NOT NULL DEFAULT 'session',
  `track` varchar(100) COLLATE utf8mb4_unicode_ci DEFAULT NULL,
  `is_highlighted` tinyint(1) NOT NULL DEFAULT '0',
  `sort_order` int NOT NULL DEFAULT '0',
  `meta` json DEFAULT NULL,
  `created_at` timestamp NULL DEFAULT NULL,
  `updated_at` timestamp NULL DEFAULT NULL
) ENGINE=InnoDB DEFAULT CHARSET=utf8mb4 COLLATE=utf8mb4_unicode_ci;

--
-- Dumping data for table `event_schedules`
--

INSERT INTO `event_schedules` (`id`, `event_id`, `title`, `description`, `speaker`, `speaker_title`, `speaker_photo`, `location`, `date`, `start_time`, `end_time`, `type`, `track`, `is_highlighted`, `sort_order`, `meta`, `created_at`, `updated_at`) VALUES
(145, 55, 'Cocktail Reception & Red Carpet Arrivals', 'Guests arrive at the Radisson Blu for the IKWA 2026 Awards Gala. Red carpet, cocktails, photography and pre-dinner networking.', NULL, NULL, NULL, 'Lobby & Terrace – Radisson Blu Upper Hill', '2026-05-30', '16:00:00', '18:00:00', 'ceremony', NULL, 1, 1, NULL, '2026-03-06 10:34:38', '2026-03-06 10:34:38'),
(146, 55, 'Gala Opening Ceremony', 'Official opening of the IKWA 2026 Awards Gala. Welcome remarks, national anthem and introduction of distinguished guests.', 'Master of Ceremonies', 'IKWA 2026 Awards Gala', NULL, 'Grand Ballroom – Radisson Blu', '2026-05-30', '18:00:00', '18:30:00', 'ceremony', NULL, 1, 2, NULL, '2026-03-06 10:34:38', '2026-03-06 10:34:38'),
(147, 55, 'Keynote Address', 'An inspiring address on the theme \"Celebrating Women Who Shape Kenya\'s Future\" — reflecting on Kenya\'s progress in women\'s empowerment and the road ahead.', 'Chief Guest', 'Principal Guest of Honour', NULL, 'Grand Ballroom', '2026-05-30', '18:30:00', '19:00:00', 'keynote', NULL, 1, 3, NULL, '2026-03-06 10:34:38', '2026-03-06 10:34:38'),
(148, 55, 'Awards Ceremony — Top 100 Women in Leadership & Business', 'Presentation of awards for Top 100 Women in Leadership and Top 100 Women in Business & Brands. Awardees share brief acceptance remarks.', 'Awards Committee', 'IKWA Judging Panel', NULL, 'Grand Ballroom', '2026-05-30', '19:00:00', '20:30:00', 'awards', NULL, 1, 4, NULL, '2026-03-06 10:34:38', '2026-03-06 10:34:38'),
(149, 55, 'Awards Ceremony — 100 Women of Influence & Miss Independent Kenya', 'Honouring the 100 Women of Influence and the grand crowning of Miss Independent Kenya 2026.', 'Awards Committee', 'IKWA Judging Panel', NULL, 'Grand Ballroom', '2026-05-30', '20:30:00', '21:00:00', 'awards', NULL, 1, 5, NULL, '2026-03-06 10:34:38', '2026-03-06 10:34:38'),
(150, 55, 'Gala Dinner, Live Music & Celebration', 'Full gala dinner service accompanied by live music and entertainment. Networking with awardees, sponsors and distinguished guests.', NULL, NULL, NULL, 'Grand Ballroom', '2026-05-30', '21:00:00', '23:00:00', 'entertainment', NULL, 0, 6, NULL, '2026-03-06 10:34:38', '2026-03-06 10:34:38'),
(190, 66, 'Red Carpet & Guest Arrivals', 'Guests arrive and register. Red carpet photography and pre-show networking.', NULL, NULL, NULL, 'Main Gala Hall — Nairobi', '2026-09-16', '16:30:00', '17:30:00', 'ceremony', NULL, 0, 1, '[]', '2026-03-26 09:20:45', '2026-03-26 09:20:45'),
(191, 66, 'Networking Cocktails', 'Pre-show cocktail reception with light refreshments and entertainment.', NULL, NULL, NULL, 'Main Gala Hall — Nairobi', '2026-09-16', '17:30:00', '18:30:00', 'networking', NULL, 0, 2, '[]', '2026-03-26 09:20:45', '2026-03-26 09:20:45'),
(192, 66, 'Doors Open — Main Gala Hall', 'Guests are ushered into the main hall. Seats assigned.', NULL, NULL, NULL, 'Main Gala Hall — Nairobi', '2026-09-16', '18:30:00', '19:00:00', 'session', NULL, 0, 3, '[]', '2026-03-26 09:20:45', '2026-03-26 09:20:45'),
(193, 66, 'Opening Prayer & Welcome Address', 'Official opening prayer followed by welcome address from the MEMA Chairperson.', NULL, NULL, NULL, 'Main Gala Hall — Nairobi', '2026-09-16', '19:00:00', '19:20:00', 'ceremony', NULL, 1, 4, '[]', '2026-03-26 09:20:45', '2026-03-26 09:20:45'),
(194, 66, 'Keynote Address', 'An inspiring address on the power of gospel music and African creative excellence.', 'Dr. Ezekiel Mutua', 'CEO, Kenya Film Classification Board', NULL, 'Main Gala Hall — Nairobi', '2026-09-16', '19:20:00', '19:50:00', 'keynote', NULL, 1, 5, '[]', '2026-03-26 09:20:45', '2026-03-26 09:20:45'),
(195, 66, 'Awards Block 1 — Categories 1–3', 'Presentation of awards: Female Artist, Male Artist, Emerging Gospel Artist of the Year.', NULL, NULL, NULL, 'Main Gala Hall — Nairobi', '2026-09-16', '19:50:00', '20:40:00', 'ceremony', NULL, 1, 6, '[]', '2026-03-26 09:20:45', '2026-03-26 09:20:45'),
(196, 66, 'Musical Performance', 'Live gospel performance by award-nominated artists.', NULL, NULL, NULL, 'Main Gala Hall — Nairobi', '2026-09-16', '20:40:00', '21:10:00', 'performance', NULL, 0, 7, '[]', '2026-03-26 09:20:45', '2026-03-26 09:20:45'),
(197, 66, 'Awards Block 2 — Categories 4–6', 'Presentation of awards: Gospel Song, Gospel Video, Gospel Collaboration of the Year.', NULL, NULL, NULL, 'Main Gala Hall — Nairobi', '2026-09-16', '21:10:00', '22:00:00', 'ceremony', NULL, 1, 8, '[]', '2026-03-26 09:20:45', '2026-03-26 09:20:45'),
(198, 66, 'Gala Dinner & Entertainment', 'Sit-down gala dinner accompanied by live music and cultural performances.', NULL, NULL, NULL, 'Main Gala Hall — Nairobi', '2026-09-16', '22:00:00', '22:30:00', 'break', NULL, 0, 9, '[]', '2026-03-26 09:20:45', '2026-03-26 09:20:45'),
(199, 66, 'Awards Block 3 — Categories 7–9', 'Presentation of awards: Audio Producer, Video Director, Photography of the Year.', NULL, NULL, NULL, 'Main Gala Hall — Nairobi', '2026-09-16', '22:30:00', '23:10:00', 'ceremony', NULL, 1, 10, '[]', '2026-03-26 09:20:45', '2026-03-26 09:20:45'),
(200, 66, 'Special Recognition Award', 'Lifetime achievement and special recognition award presentations.', NULL, NULL, NULL, 'Main Gala Hall — Nairobi', '2026-09-16', '23:10:00', '23:25:00', 'ceremony', NULL, 1, 11, '[]', '2026-03-26 09:20:45', '2026-03-26 09:20:45'),
(201, 66, 'Closing Remarks & Vote of Thanks', 'Official closing of MEMA 2026 and vote of thanks to sponsors and guests.', NULL, NULL, NULL, 'Main Gala Hall — Nairobi', '2026-09-16', '23:25:00', '23:45:00', 'ceremony', NULL, 0, 12, '[]', '2026-03-26 09:20:45', '2026-03-26 09:20:45'),
(202, 66, 'After-Gala Networking & Photos', 'Informal networking, group photography, and celebrations with award winners.', NULL, NULL, NULL, 'Main Gala Hall — Nairobi', '2026-09-16', '23:45:00', '00:00:00', 'networking', NULL, 0, 13, '[]', '2026-03-26 09:20:45', '2026-03-26 09:20:45');

-- --------------------------------------------------------

--
-- Table structure for table `event_settings`
--

CREATE TABLE `event_settings` (
  `id` bigint UNSIGNED NOT NULL,
  `event_id` bigint UNSIGNED NOT NULL,
  `group` varchar(50) COLLATE utf8mb4_unicode_ci NOT NULL,
  `key` varchar(100) COLLATE utf8mb4_unicode_ci NOT NULL,
  `value` text COLLATE utf8mb4_unicode_ci,
  `type` varchar(20) COLLATE utf8mb4_unicode_ci NOT NULL DEFAULT 'string',
  `created_at` timestamp NULL DEFAULT NULL,
  `updated_at` timestamp NULL DEFAULT NULL
) ENGINE=InnoDB DEFAULT CHARSET=utf8mb4 COLLATE=utf8mb4_unicode_ci;

-- --------------------------------------------------------

--
-- Table structure for table `event_speakers`
--

CREATE TABLE `event_speakers` (
  `id` bigint UNSIGNED NOT NULL,
  `event_id` bigint UNSIGNED NOT NULL,
  `user_id` bigint UNSIGNED DEFAULT NULL,
  `name` varchar(255) COLLATE utf8mb4_unicode_ci NOT NULL,
  `email` varchar(255) COLLATE utf8mb4_unicode_ci DEFAULT NULL,
  `phone` varchar(20) COLLATE utf8mb4_unicode_ci DEFAULT NULL,
  `title` varchar(255) COLLATE utf8mb4_unicode_ci DEFAULT NULL,
  `company` varchar(255) COLLATE utf8mb4_unicode_ci DEFAULT NULL,
  `bio` text COLLATE utf8mb4_unicode_ci,
  `photo` varchar(500) COLLATE utf8mb4_unicode_ci DEFAULT NULL,
  `website` varchar(255) COLLATE utf8mb4_unicode_ci DEFAULT NULL,
  `social_links` json DEFAULT NULL,
  `speaker_type` enum('keynote','speaker','panelist','moderator','workshop_leader') COLLATE utf8mb4_unicode_ci NOT NULL DEFAULT 'speaker',
  `topics` json DEFAULT NULL,
  `sort_order` int NOT NULL DEFAULT '0',
  `is_featured` tinyint(1) NOT NULL DEFAULT '0',
  `is_active` tinyint(1) NOT NULL DEFAULT '1',
  `created_at` timestamp NULL DEFAULT NULL,
  `updated_at` timestamp NULL DEFAULT NULL
) ENGINE=InnoDB DEFAULT CHARSET=utf8mb4 COLLATE=utf8mb4_unicode_ci;

--
-- Dumping data for table `event_speakers`
--

INSERT INTO `event_speakers` (`id`, `event_id`, `user_id`, `name`, `email`, `phone`, `title`, `company`, `bio`, `photo`, `website`, `social_links`, `speaker_type`, `topics`, `sort_order`, `is_featured`, `is_active`, `created_at`, `updated_at`) VALUES
(56, 66, NULL, 'Dr. Ezekiel Mutua', NULL, NULL, 'CEO, Kenya Film Classification Board', 'Kenya Film Classification Board', 'Dr. Ezekiel Mutua (PhD) is a media strategist, motivational speaker, and CEO of the Kenya Film Classification Board. A passionate advocate for African values in media and entertainment.', 'speakers/photos/6K05kzjLNJkcbnruVwLdQR5qFfHYWipQwjcwCCXw.webp', NULL, NULL, 'keynote', '[]', 1, 1, 1, '2026-03-26 09:20:45', '2026-03-26 11:15:23'),
(57, 66, NULL, 'Eunice Njeri', NULL, NULL, 'Award-Winning Gospel Artist & Worship Leader', 'Independent', 'Eunice Njeri is one of Kenya\'s most celebrated gospel artists, known for chart-topping worship songs and her passionate ministry across Africa.', 'speakers/photos/LkYFoXUCiz5Xa71gvj3nqAV22fbAUUJBvPCgUM1p.webp', NULL, NULL, 'speaker', '[]', 2, 1, 1, '2026-03-26 09:20:45', '2026-03-26 11:15:10'),
(58, 66, NULL, 'Aaron Rimbui', NULL, NULL, 'Music Producer & Composer', 'Rimbui Studios', 'Aaron Rimbui is a multi-award-winning music producer and composer who has shaped the sound of Kenyan gospel and contemporary music for over two decades.', 'speakers/photos/q4uwKuTIVkgeOZbWAbdesCrl53dhEiEWNxq1e9b4.webp', NULL, NULL, 'speaker', '[]', 3, 0, 1, '2026-03-26 09:20:45', '2026-03-26 11:15:00'),
(59, 66, NULL, 'Rev. Dr. Josephine Naphtali', NULL, NULL, 'Minister of Music & Founder, Music Ministry Africa', 'Music Ministry Africa', 'Rev. Dr. Josephine Naphtali is a minister, gospel musician, and founder of Music Ministry Africa — dedicated to equipping African gospel artists for impact.', 'speakers/photos/78ybwLX6dzBXk5YC9eNke9rIvk4ihDoDAIFWUtf9.webp', NULL, NULL, 'panelist', '[]', 4, 0, 1, '2026-03-26 09:20:45', '2026-03-26 11:14:33'),
(60, 66, NULL, 'Jimmy Gait', NULL, NULL, 'Gospel Artist & MC', 'Independent', 'Jimmy Gait is a beloved Kenyan gospel artist and entertainer known for his energetic performances and ability to unite audiences through music and laughter.', 'speakers/photos/GMOlOO0kmbBsHsXScaXM4VyMA5CHZLxx0yOIrG74.webp', NULL, NULL, 'moderator', '[]', 5, 0, 1, '2026-03-26 09:20:45', '2026-03-26 11:14:48');

-- --------------------------------------------------------

--
-- Table structure for table `event_sponsors`
--

CREATE TABLE `event_sponsors` (
  `id` bigint UNSIGNED NOT NULL,
  `event_id` bigint UNSIGNED NOT NULL,
  `name` varchar(200) COLLATE utf8mb4_unicode_ci NOT NULL,
  `logo` varchar(500) COLLATE utf8mb4_unicode_ci DEFAULT NULL,
  `website` varchar(255) COLLATE utf8mb4_unicode_ci DEFAULT NULL,
  `tier` varchar(100) COLLATE utf8mb4_unicode_ci NOT NULL DEFAULT 'partner',
  `tier_level` tinyint UNSIGNED NOT NULL DEFAULT '99',
  `description` text COLLATE utf8mb4_unicode_ci,
  `sort_order` int NOT NULL DEFAULT '0',
  `is_active` tinyint(1) NOT NULL DEFAULT '1',
  `created_at` timestamp NULL DEFAULT NULL,
  `updated_at` timestamp NULL DEFAULT NULL
) ENGINE=InnoDB DEFAULT CHARSET=utf8mb4 COLLATE=utf8mb4_unicode_ci;

--
-- Dumping data for table `event_sponsors`
--

INSERT INTO `event_sponsors` (`id`, `event_id`, `name`, `logo`, `website`, `tier`, `tier_level`, `description`, `sort_order`, `is_active`, `created_at`, `updated_at`) VALUES
(33, 66, 'Safaricom PLC', 'sponsors/logos/jFuKRL8VAnNwWTVv6yFewkh20ptSkZ5UNLsY8tv4.png', 'https://safaricom.co.ke', 'title', 99, NULL, 1, 1, '2026-03-26 11:35:49', '2026-03-26 11:37:33'),
(34, 66, 'Tuqio', 'sponsors/logos/3ed8t7i1WKXHJkxfPlMt8diHSdx118x0KvrNUbWC.jpg', 'https://tuqio.com', 'partner', 99, NULL, 2, 1, '2026-03-26 11:35:49', '2026-03-26 11:39:51'),
(35, 66, 'IKWA', 'sponsors/logos/1rwyIu0is4koY4VXPtYzS2ShY7lXAex43lXgymBq.jpg', 'https://ikwa.co.ke', 'partner', 99, NULL, 3, 1, '2026-03-26 11:35:49', '2026-03-26 11:41:14'),
(36, 66, 'Jamhuri Kenya Awards', 'sponsors/logos/V8es2lJWYfZJ3iJu2dwwuu683JPrWAWfT8IghKzc.png', 'https://jamhuriawards.co.ke', 'gold', 99, NULL, 4, 1, '2026-03-26 11:35:49', '2026-03-26 11:42:14'),
(37, 66, 'Nairobi City County', 'sponsors/logos/zN4IbgQ9CPclPVjvSM6q1ZijSNzCUhkKoBvoN84P.jpg', 'https://nairobicity.go.ke', 'gold', 99, NULL, 5, 1, '2026-03-26 11:35:49', '2026-03-26 11:43:24'),
(38, 66, 'Nation Media Group', 'sponsors/logos/MyIrGLPir60ThkR8fx6Rl9NXjnRqaFvcNli5TV8V.webp', 'https://nation.africa', 'silver', 99, NULL, 6, 1, '2026-03-26 11:35:49', '2026-03-26 11:44:31'),
(39, 66, 'Kenya Broadcasting Corp', 'sponsors/logos/ZzmOoLmPWw5r0vj1CAlyIvi32TvE8VuTN2f6CPRu.jpg', 'https://kbc.co.ke', 'silver', 99, NULL, 7, 1, '2026-03-26 11:35:49', '2026-03-26 11:45:06');

-- --------------------------------------------------------

--
-- Table structure for table `event_venues`
--

CREATE TABLE `event_venues` (
  `id` bigint UNSIGNED NOT NULL,
  `client_id` bigint UNSIGNED NOT NULL,
  `name` varchar(255) COLLATE utf8mb4_unicode_ci NOT NULL,
  `slug` varchar(255) COLLATE utf8mb4_unicode_ci NOT NULL,
  `description` text COLLATE utf8mb4_unicode_ci,
  `address` text COLLATE utf8mb4_unicode_ci NOT NULL,
  `city` varchar(100) COLLATE utf8mb4_unicode_ci NOT NULL,
  `state` varchar(100) COLLATE utf8mb4_unicode_ci DEFAULT NULL,
  `country` varchar(100) COLLATE utf8mb4_unicode_ci NOT NULL,
  `postal_code` varchar(20) COLLATE utf8mb4_unicode_ci DEFAULT NULL,
  `latitude` decimal(10,8) DEFAULT NULL,
  `longitude` decimal(11,8) DEFAULT NULL,
  `capacity` int UNSIGNED DEFAULT NULL,
  `amenities` json DEFAULT NULL,
  `images` json DEFAULT NULL,
  `contact_name` varchar(255) COLLATE utf8mb4_unicode_ci DEFAULT NULL,
  `contact_email` varchar(255) COLLATE utf8mb4_unicode_ci DEFAULT NULL,
  `contact_phone` varchar(20) COLLATE utf8mb4_unicode_ci DEFAULT NULL,
  `website` varchar(255) COLLATE utf8mb4_unicode_ci DEFAULT NULL,
  `operating_hours` json DEFAULT NULL,
  `parking_info` text COLLATE utf8mb4_unicode_ci,
  `accessibility_info` text COLLATE utf8mb4_unicode_ci,
  `is_active` tinyint(1) NOT NULL DEFAULT '1',
  `created_at` timestamp NULL DEFAULT NULL,
  `updated_at` timestamp NULL DEFAULT NULL,
  `deleted_at` timestamp NULL DEFAULT NULL
) ENGINE=InnoDB DEFAULT CHARSET=utf8mb4 COLLATE=utf8mb4_unicode_ci;

--
-- Dumping data for table `event_venues`
--

INSERT INTO `event_venues` (`id`, `client_id`, `name`, `slug`, `description`, `address`, `city`, `state`, `country`, `postal_code`, `latitude`, `longitude`, `capacity`, `amenities`, `images`, `contact_name`, `contact_email`, `contact_phone`, `website`, `operating_hours`, `parking_info`, `accessibility_info`, `is_active`, `created_at`, `updated_at`, `deleted_at`) VALUES
(6, 1, 'KICC Nairobi', 'kicc-nairobi', 'The Kenyatta International Convention Centre is a premier conference and events facility in the heart of Nairobi CBD.', 'City Square, Harambee Avenue', 'Nairobi', 'Nairobi County', 'Kenya', '00100', -1.28660000, 36.82194000, 2000, '[\"Wi-Fi\", \"Parking\", \"AV Equipment\", \"Catering\", \"Air Conditioning\", \"Security\"]', NULL, 'Events Coordinator', 'events@kicc.go.ke', '+254 20 3221000', 'https://www.kicc.go.ke', NULL, NULL, NULL, 1, '2026-03-02 07:54:52', '2026-03-02 07:54:52', NULL),
(7, 1, 'Kenyatta International Convention Centre', 'kenyatta-international-convention-centre', NULL, 'Harambee Avenue', 'Nairobi', 'Nairobi', 'Kenya', '00200', -1.28353000, 36.82121000, 5000, '[\"WiFi\", \"Parking\", \"A/V Equipment\", \"Catering\", \"Air Conditioning\", \"Security\"]', NULL, NULL, 'info@kicc.co.ke', '+254202210800', 'https://kicc.co.ke', NULL, NULL, NULL, 1, '2026-03-05 03:43:30', '2026-03-05 03:43:30', NULL),
(8, 1, 'Radisson Blu Hotel Nairobi Upper Hill', 'radisson-blu-hotel-nairobi-upper-hill', NULL, 'Upper Hill, Hospital Road', 'Nairobi', 'Nairobi', 'Kenya', '00202', -1.29839000, 36.81338000, 1200, '[\"WiFi\", \"Parking\", \"Pool\", \"Gym\", \"Business Centre\", \"Catering\"]', NULL, NULL, 'info.nairobi@radissonblu.com', '+254709774000', 'https://www.radissonhotels.com', NULL, NULL, NULL, 1, '2026-03-05 03:43:30', '2026-03-05 03:43:30', NULL),
(9, 1, 'Villa Rosa Kempinski Nairobi', 'villa-rosa-kempinski-nairobi', NULL, 'Chiromo Road, Westlands', 'Nairobi', 'Nairobi', 'Kenya', '00800', -1.26649000, 36.80772000, 900, '[\"WiFi\", \"Valet Parking\", \"Pool\", \"Spa\", \"Ballroom\", \"Catering\", \"Business Centre\"]', NULL, NULL, 'reservations.nairobi@kempinski.com', '+254703049000', 'https://www.kempinski.com/nairobi', NULL, NULL, NULL, 1, '2026-03-05 03:43:30', '2026-03-05 03:43:30', NULL),
(10, 1, 'Hilton Nairobi', 'hilton-nairobi', NULL, 'Mama Ngina Street', 'Nairobi', 'Nairobi', 'Kenya', '00200', -1.28584000, 36.82289000, 1000, '[\"WiFi\", \"Parking\", \"Pool\", \"Conference Rooms\", \"Catering\", \"Business Centre\"]', NULL, NULL, 'nairobi@hilton.com', '+254202890000', 'https://www.hilton.com/nairobi', NULL, NULL, NULL, 1, '2026-03-05 03:43:30', '2026-03-05 03:43:30', NULL),
(11, 1, 'Nairobi Serena Hotel', 'nairobi-serena-hotel', NULL, 'Kenyatta Avenue & Processional Way', 'Nairobi', 'Nairobi', 'Kenya', '00200', -1.28878000, 36.80924000, 800, '[\"WiFi\", \"Parking\", \"Pool\", \"Spa\", \"Gardens\", \"Catering\", \"Ballroom\"]', NULL, NULL, 'reservations@serena.co.ke', '+254202822000', 'https://www.serenahotels.com', NULL, NULL, NULL, 1, '2026-03-05 03:43:30', '2026-03-05 03:43:30', NULL),
(12, 1, 'Intercontinental Nairobi', 'intercontinental-nairobi', NULL, 'City Hall Way', 'Nairobi', 'Nairobi', 'Kenya', '00200', -1.28676000, 36.81792000, 900, '[\"WiFi\", \"Parking\", \"Pool\", \"Conference Rooms\", \"Catering\"]', NULL, NULL, 'reservations@intercontinentalnairobi.com', '+254202320000', 'https://www.ihg.com/nairobi', NULL, NULL, NULL, 1, '2026-03-05 03:43:30', '2026-03-05 03:43:30', NULL),
(13, 1, 'Crowne Plaza Nairobi', 'crowne-plaza-nairobi', NULL, 'Upper Hill, Upperhill Road', 'Nairobi', 'Nairobi', 'Kenya', '00200', -1.29840000, 36.81671000, 600, '[\"WiFi\", \"Parking\", \"Pool\", \"Business Centre\", \"Catering\"]', NULL, NULL, 'info@crowneplazanairobi.co.ke', '+254709234000', 'https://www.ihg.com/crowneplaza/nairobi', NULL, NULL, NULL, 1, '2026-03-05 03:43:30', '2026-03-05 03:43:30', NULL),
(14, 1, 'Safari Park Hotel & Casino', 'safari-park-hotel-casino', NULL, 'Thika Road, Kasarani', 'Nairobi', 'Nairobi', 'Kenya', '00621', -1.21660000, 36.88325000, 3000, '[\"WiFi\", \"Parking\", \"Pool\", \"Casino\", \"Gardens\", \"Catering\", \"Outdoor Venues\"]', NULL, NULL, 'reservations@safaripark.co.ke', '+254202802000', 'https://www.safaripark.co.ke', NULL, NULL, NULL, 1, '2026-03-05 03:43:30', '2026-03-05 03:43:30', NULL),
(15, 1, 'Ole Sereni Hotel', 'ole-sereni-hotel', NULL, 'Mombasa Road, Nairobi National Park boundary', 'Nairobi', 'Nairobi', 'Kenya', '00100', -1.31651000, 36.83003000, 500, '[\"WiFi\", \"Parking\", \"Pool\", \"Conference Rooms\", \"Catering\", \"Wildlife Views\"]', NULL, NULL, 'reservations@olesereni.com', '+254731600555', 'https://www.oleserenihotel.com', NULL, NULL, NULL, 1, '2026-03-05 03:43:30', '2026-03-05 03:43:30', NULL),
(16, 1, 'Movenpick Hotel & Residences Nairobi', 'movenpick-hotel-residences-nairobi', NULL, 'Westlands, Chiromo Road', 'Nairobi', 'Nairobi', 'Kenya', '00800', -1.26332000, 36.80388000, 700, '[\"WiFi\", \"Parking\", \"Pool\", \"Spa\", \"Conference Rooms\", \"Catering\"]', NULL, NULL, 'hotel.nairobi@movenpick.com', '+254709101000', 'https://www.movenpick.com/nairobi', NULL, NULL, NULL, 1, '2026-03-05 03:43:30', '2026-03-05 03:43:30', NULL),
(17, 1, 'Sankara Nairobi', 'sankara-nairobi', NULL, 'Woodvale Grove, Westlands', 'Nairobi', 'Nairobi', 'Kenya', '00800', -1.26318000, 36.80180000, 400, '[\"WiFi\", \"Parking\", \"Pool\", \"Spa\", \"Conference Rooms\", \"Rooftop Bar\"]', NULL, NULL, 'info@sankara.com', '+254203742000', 'https://www.sankara.com', NULL, NULL, NULL, 1, '2026-03-05 03:43:30', '2026-03-05 03:43:30', NULL),
(18, 1, 'Tribe Hotel Nairobi', 'tribe-hotel-nairobi', NULL, 'Village Market, Gigiri', 'Nairobi', 'Nairobi', 'Kenya', '00621', -1.21674000, 36.75000000, 350, '[\"WiFi\", \"Parking\", \"Pool\", \"Spa\", \"Conference Rooms\", \"Art Gallery\"]', NULL, NULL, 'reservations@tribehotel.com', '+254203320000', 'https://www.tribehotel.com', NULL, NULL, NULL, 1, '2026-03-05 03:43:30', '2026-03-05 03:43:30', NULL),
(19, 1, 'Windsor Golf Hotel & Country Club', 'windsor-golf-hotel-country-club', NULL, 'Windsor Golf Estate, Ridgeways', 'Nairobi', 'Nairobi', 'Kenya', '00621', -1.18328000, 36.85002000, 600, '[\"WiFi\", \"Parking\", \"Pool\", \"Golf Course\", \"Ballroom\", \"Catering\", \"Gardens\"]', NULL, NULL, 'info@windsornairobi.com', '+254202062300', 'https://www.windsornairobi.com', NULL, NULL, NULL, 1, '2026-03-05 03:43:30', '2026-03-05 03:43:30', NULL),
(20, 1, 'The Boma Nairobi', 'the-boma-nairobi', NULL, 'Christian Community Services, Gitanga Road', 'Nairobi', 'Nairobi', 'Kenya', '00502', -1.31669000, 36.76668000, 500, '[\"WiFi\", \"Parking\", \"Pool\", \"Conference Rooms\", \"Catering\", \"Gardens\"]', NULL, NULL, 'info@thebomanairobi.com', '+254709112000', 'https://www.thebomanairobi.com', NULL, NULL, NULL, 1, '2026-03-05 03:43:30', '2026-03-05 03:43:30', NULL),
(21, 1, 'Laico Regency Hotel Nairobi', 'laico-regency-hotel-nairobi', NULL, 'Uhuru Highway', 'Nairobi', 'Nairobi', 'Kenya', '00200', -1.28331000, 36.82362000, 700, '[\"WiFi\", \"Parking\", \"Pool\", \"Conference Rooms\", \"Catering\", \"Business Centre\"]', NULL, NULL, 'reservations@laicoregency.com', '+254202211000', 'https://www.laicoregency.com', NULL, NULL, NULL, 1, '2026-03-05 03:43:30', '2026-03-05 03:43:30', NULL),
(22, 1, 'Southern Sun Mayfair Nairobi', 'southern-sun-mayfair-nairobi', NULL, 'Parklands Road', 'Nairobi', 'Nairobi', 'Kenya', '00800', -1.26496000, 36.82189000, 400, '[\"WiFi\", \"Parking\", \"Pool\", \"Conference Rooms\", \"Catering\"]', NULL, NULL, 'mayfairnairobi@tsogosun.com', '+254202740920', 'https://www.tsogosun.com/mayfair-nairobi', NULL, NULL, NULL, 1, '2026-03-05 03:43:30', '2026-03-05 03:43:30', NULL),
(23, 1, 'Doubletree by Hilton Nairobi Hurlingham', 'doubletree-by-hilton-nairobi-hurlingham', NULL, 'Argwings Kodhek Road, Hurlingham', 'Nairobi', 'Nairobi', 'Kenya', '00100', -1.29833000, 36.78333000, 500, '[\"WiFi\", \"Parking\", \"Pool\", \"Conference Rooms\", \"Catering\", \"Gym\"]', NULL, NULL, 'info.hurlingham@hilton.com', '+254709774100', 'https://www.hilton.com/doubletree-nairobi', NULL, NULL, NULL, 1, '2026-03-05 03:43:30', '2026-03-05 03:43:30', NULL),
(24, 1, 'Sarova Stanley Hotel', 'sarova-stanley-hotel', NULL, 'Corner of Kenyatta Avenue & Kimathi Street', 'Nairobi', 'Nairobi', 'Kenya', '00200', -1.28299000, 36.82128000, 600, '[\"WiFi\", \"Parking\", \"Pool\", \"Conference Rooms\", \"Catering\", \"Rooftop Terrace\"]', NULL, NULL, 'stanley@sarovahotels.com', '+254202753000', 'https://www.sarovahotels.com/stanley-nairobi', NULL, NULL, NULL, 1, '2026-03-05 03:43:30', '2026-03-05 03:43:30', NULL),
(25, 1, 'PrideInn Lantana Hotel Nairobi', 'prideinn-lantana-hotel-nairobi', NULL, 'Milimani Road, Upperhill', 'Nairobi', 'Nairobi', 'Kenya', '00200', -1.29963000, 36.81536000, 350, '[\"WiFi\", \"Parking\", \"Pool\", \"Conference Rooms\", \"Catering\"]', NULL, NULL, 'lantana@prideinnhotels.com', '+254202712400', 'https://www.prideinnhotels.com', NULL, NULL, NULL, 1, '2026-03-05 03:43:30', '2026-03-05 03:43:30', NULL),
(26, 1, 'Fairview Hotel Nairobi', 'fairview-hotel-nairobi', NULL, 'Bishops Road, Upper Hill', 'Nairobi', 'Nairobi', 'Kenya', '00200', -1.28545000, 36.82038000, 400, '[\"WiFi\", \"Parking\", \"Pool\", \"Gardens\", \"Conference Rooms\", \"Catering\"]', NULL, NULL, 'reservations@fairviewkenya.com', '+254202723211', 'https://www.fairviewkenya.com', NULL, NULL, NULL, 1, '2026-03-05 03:43:30', '2026-03-05 03:43:30', NULL),
(27, 1, 'Bomas of Kenya', 'bomas-of-kenya', NULL, 'Forest Edge Road, Langata', 'Nairobi', 'Nairobi', 'Kenya', '00517', -1.33335000, 36.74998000, 3500, '[\"Parking\", \"Outdoor Amphitheatre\", \"Cultural Performances\", \"Catering\"]', NULL, NULL, 'info@bomasofkenya.co.ke', '+254202891801', 'https://www.bomasofkenya.co.ke', NULL, NULL, NULL, 1, '2026-03-05 03:43:30', '2026-03-05 03:43:30', NULL),
(28, 1, 'Kenya National Theatre', 'kenya-national-theatre', NULL, 'Harry Thuku Road', 'Nairobi', 'Nairobi', 'Kenya', '00200', -1.28874000, 36.81351000, 800, '[\"Parking\", \"Stage\", \"Lighting\", \"Sound System\", \"Green Room\"]', NULL, NULL, 'info@kenyatheatre.com', '+254202220840', 'https://www.kenyatheatre.com', NULL, NULL, NULL, 1, '2026-03-05 03:43:30', '2026-03-05 03:43:30', NULL),
(29, 1, 'University of Nairobi Graduation Square', 'university-of-nairobi-graduation-square', NULL, 'University Way', 'Nairobi', 'Nairobi', 'Kenya', '00100', -1.27727000, 36.82241000, 5000, '[\"Parking\", \"Open Grounds\", \"Tenting\", \"Security\"]', NULL, NULL, 'vc@uonbi.ac.ke', '+254202318262', 'https://www.uonbi.ac.ke', NULL, NULL, NULL, 1, '2026-03-05 03:43:30', '2026-03-05 03:43:30', NULL),
(30, 1, 'Ufungamano Conference Centre', 'ufungamano-conference-centre', NULL, 'Ufungamano House, Mamlaka Road', 'Nairobi', 'Nairobi', 'Kenya', '00100', -1.29128000, 36.81246000, 500, '[\"WiFi\", \"Parking\", \"Conference Rooms\", \"Catering\", \"Accommodation\"]', NULL, NULL, 'info@ufungamano.co.ke', '+254202714622', 'https://www.ufungamano.co.ke', NULL, NULL, NULL, 1, '2026-03-05 03:43:30', '2026-03-05 03:43:30', NULL),
(31, 1, 'Strathmore University Conference Centre', 'strathmore-university-conference-centre', NULL, 'Ole Sangale Road, Madaraka', 'Nairobi', 'Nairobi', 'Kenya', '00200', -1.30949000, 36.81159000, 600, '[\"WiFi\", \"Parking\", \"Conference Rooms\", \"Catering\", \"Auditorium\", \"A/V Equipment\"]', NULL, NULL, 'conferences@strathmore.edu', '+254703034000', 'https://www.strathmore.edu', NULL, NULL, NULL, 1, '2026-03-05 03:43:30', '2026-03-05 03:43:30', NULL),
(32, 1, 'Kenya School of Monetary Studies', 'kenya-school-of-monetary-studies', NULL, 'Ruaraka, Thika Road', 'Nairobi', 'Nairobi', 'Kenya', '00621', -1.22660000, 36.88004000, 800, '[\"WiFi\", \"Parking\", \"Conference Rooms\", \"Catering\", \"Accommodation\", \"Pool\"]', NULL, NULL, 'info@ksms.or.ke', '+254202808000', 'https://www.ksms.or.ke', NULL, NULL, NULL, 1, '2026-03-05 03:43:30', '2026-03-05 03:43:30', NULL),
(33, 1, 'Carnivore Restaurant & Grounds', 'carnivore-restaurant-grounds', NULL, 'Langata Road, Wilson Airport', 'Nairobi', 'Nairobi', 'Kenya', '00517', -1.31741000, 36.79993000, 4000, '[\"Parking\", \"Outdoor Grounds\", \"Open-air Stage\", \"Catering\", \"Tenting Available\"]', NULL, NULL, 'bookings@carnivore.co.ke', '+254722205366', 'https://www.carnivore.co.ke', NULL, NULL, NULL, 1, '2026-03-05 03:43:30', '2026-03-05 03:43:30', NULL),
(34, 1, 'Nairobi Railway Museum', 'nairobi-railway-museum', NULL, 'Station Road, CBD', 'Nairobi', 'Nairobi', 'Kenya', '00200', -1.28922000, 36.82218000, 500, '[\"Parking\", \"Outdoor Grounds\", \"Heritage Exhibits\"]', NULL, NULL, 'info@railwaymuseum.co.ke', '+254202221211', 'https://www.railwaymuseum.co.ke', NULL, NULL, NULL, 1, '2026-03-05 03:43:30', '2026-03-05 03:43:30', NULL),
(35, 1, 'KCB Leadership Centre', 'kcb-leadership-centre', NULL, 'Karen, Ngong Road', 'Nairobi', 'Nairobi', 'Kenya', '00502', -1.31680000, 36.76992000, 400, '[\"WiFi\", \"Parking\", \"Conference Rooms\", \"Catering\", \"Accommodation\", \"Pool\", \"Gardens\"]', NULL, NULL, 'leadershipcentre@kcbgroup.com', '+254711087000', 'https://www.kcbgroup.com', NULL, NULL, NULL, 1, '2026-03-05 03:43:30', '2026-03-05 03:43:30', NULL),
(36, 1, 'CUEA Beatitude Centre', 'cuea-beatitude-centre', NULL, 'Lang\'ata South Road', 'Nairobi', 'Nairobi', 'Kenya', '00517', -1.33680000, 36.72999000, 600, '[\"WiFi\", \"Parking\", \"Conference Rooms\", \"Catering\", \"Chapel\", \"Gardens\"]', NULL, NULL, 'beatitude@cuea.edu', '+254202603100', 'https://www.cuea.edu', NULL, NULL, NULL, 1, '2026-03-05 03:43:30', '2026-03-05 03:43:30', NULL),
(37, 1, 'Imperial Hotel Kisumu', 'imperial-hotel-kisumu', NULL, 'Oginga Odinga Street', 'Kisumu', 'Kisumu', 'Kenya', '40100', -0.10213000, 34.76175000, 600, '[\"WiFi\", \"Parking\", \"Pool\", \"Conference Rooms\", \"Catering\"]', NULL, NULL, 'info@imperialhotelkisumu.com', '+254572022213', 'https://www.imperialhotelkisumu.com', NULL, NULL, NULL, 1, '2026-03-05 03:43:30', '2026-03-05 03:43:30', NULL),
(38, 1, 'Acacia Premier Hotel Kisumu', 'acacia-premier-hotel-kisumu', NULL, 'Kisumu Achola Road, Milimani', 'Kisumu', 'Kisumu', 'Kenya', '40100', -0.09220000, 34.76174000, 500, '[\"WiFi\", \"Parking\", \"Pool\", \"Conference Rooms\", \"Catering\", \"Gym\", \"Lakeside Views\"]', NULL, NULL, 'info@acaciapremier.com', '+254734100100', 'https://www.acaciapremier.com', NULL, NULL, NULL, 1, '2026-03-05 03:43:30', '2026-03-05 03:43:30', NULL),
(39, 1, 'Kisumu Hotel', 'kisumu-hotel', NULL, 'Oginga Odinga Road', 'Kisumu', 'Kisumu', 'Kenya', '40100', -0.10360000, 34.75900000, 300, '[\"WiFi\", \"Parking\", \"Restaurant\", \"Conference Rooms\", \"Catering\"]', NULL, NULL, 'info@kisumumhotel.co.ke', '+254572020205', 'https://www.kisumumhotel.co.ke', NULL, NULL, NULL, 1, '2026-03-05 03:43:30', '2026-03-05 03:43:30', NULL),
(40, 1, 'Sunset Hotel Kisumu', 'sunset-hotel-kisumu', NULL, 'Apindi Street', 'Kisumu', 'Kisumu', 'Kenya', '40100', -0.09496000, 34.76168000, 400, '[\"WiFi\", \"Parking\", \"Pool\", \"Conference Rooms\", \"Catering\", \"Lake Views\"]', NULL, NULL, 'info@sunsetkisumu.co.ke', '+254572021816', 'https://www.sunsetkisumu.co.ke', NULL, NULL, NULL, 1, '2026-03-05 03:43:30', '2026-03-05 03:43:30', NULL),
(41, 1, 'Vic Hotel Kisumu', 'vic-hotel-kisumu', NULL, 'Achieng Oneko Road', 'Kisumu', 'Kisumu', 'Kenya', '40100', -0.09864000, 34.76170000, 250, '[\"WiFi\", \"Parking\", \"Restaurant\", \"Conference Rooms\", \"Catering\"]', NULL, NULL, 'reservations@vickisumu.co.ke', '+254572020007', 'https://www.vickisumu.co.ke', NULL, NULL, NULL, 1, '2026-03-05 03:43:30', '2026-03-05 03:43:30', NULL),
(42, 1, 'Kiboko Bay Resort', 'kiboko-bay-resort', NULL, 'Dunga Beach Road', 'Kisumu', 'Kisumu', 'Kenya', '40100', -0.11671000, 34.74996000, 300, '[\"WiFi\", \"Parking\", \"Pool\", \"Beachfront\", \"Conference Rooms\", \"Catering\", \"Boat Hire\"]', NULL, NULL, 'info@kibokobay.com', '+254722207826', 'https://www.kibokobay.com', NULL, NULL, NULL, 1, '2026-03-05 03:43:30', '2026-03-05 03:43:30', NULL),
(43, 1, 'Lake Victoria Hotel Kisumu', 'lake-victoria-hotel-kisumu', NULL, 'Nairobi Road, Milimani', 'Kisumu', 'Kisumu', 'Kenya', '40100', -0.09665000, 34.76168000, 350, '[\"WiFi\", \"Parking\", \"Pool\", \"Conference Rooms\", \"Catering\", \"Lake Views\"]', NULL, NULL, 'info@lakevictoriahotel.co.ke', '+254572021818', 'https://www.lakevictoriahotel.co.ke', NULL, NULL, NULL, 1, '2026-03-05 03:43:30', '2026-03-05 03:43:30', NULL),
(44, 1, 'Pinecone Hotel Kisumu', 'pinecone-hotel-kisumu', NULL, 'Milimani Road', 'Kisumu', 'Kisumu', 'Kenya', '40100', -0.09862000, 34.76665000, 200, '[\"WiFi\", \"Parking\", \"Restaurant\", \"Conference Rooms\", \"Catering\"]', NULL, NULL, 'info@pinecone.co.ke', '+254722520220', 'https://www.pinecone.co.ke', NULL, NULL, NULL, 1, '2026-03-05 03:43:30', '2026-03-05 03:43:30', NULL),
(45, 1, 'Kisumu Impala Sanctuary', 'kisumu-impala-sanctuary', NULL, 'Hippo Point Road', 'Kisumu', 'Kisumu', 'Kenya', '40100', -0.08220000, 34.76170000, 200, '[\"Parking\", \"Outdoor Grounds\", \"Nature Walks\"]', NULL, NULL, 'info@kisumumwildlife.go.ke', '+254572020045', 'https://www.kws.go.ke', NULL, NULL, NULL, 1, '2026-03-05 03:43:30', '2026-03-05 03:43:30', NULL),
(46, 1, 'Tom Mboya Labour College', 'tom-mboya-labour-college', NULL, 'Tom Mboya Labour College Road', 'Kisumu', 'Kisumu', 'Kenya', '40100', -0.10002000, 34.76170000, 500, '[\"WiFi\", \"Parking\", \"Conference Rooms\", \"Catering\", \"Accommodation\", \"Auditorium\"]', NULL, NULL, 'info@tommboya.ac.ke', '+254572021455', 'https://www.tommboya.ac.ke', NULL, NULL, NULL, 1, '2026-03-05 03:43:30', '2026-03-05 03:43:30', NULL),
(47, 1, 'Kisumu Polytechnic Conference Centre', 'kisumu-polytechnic-conference-centre', NULL, 'Hospital Road', 'Kisumu', 'Kisumu', 'Kenya', '40100', -0.10150000, 34.75800000, 400, '[\"WiFi\", \"Parking\", \"Conference Rooms\", \"Catering\", \"Auditorium\"]', NULL, NULL, 'info@kisumupolytechnic.ac.ke', '+254572020266', 'https://www.kisumupolytechnic.ac.ke', NULL, NULL, NULL, 1, '2026-03-05 03:43:30', '2026-03-05 03:43:30', NULL),
(48, 1, 'Winam Gulf Conference Centre', 'winam-gulf-conference-centre', NULL, 'Dunga Road', 'Kisumu', 'Kisumu', 'Kenya', '40100', -0.10002000, 34.75500000, 350, '[\"WiFi\", \"Parking\", \"Conference Rooms\", \"Catering\", \"Lake Views\"]', NULL, NULL, 'winamgulf@kisumu.go.ke', '+254572024500', 'https://www.kisumu.go.ke', NULL, NULL, NULL, 1, '2026-03-05 03:43:30', '2026-03-05 03:43:30', NULL),
(49, 1, 'Jaramogi Oginga Odinga University Hall', 'jaramogi-oginga-odinga-university-hall', NULL, 'Bondo, Siaya Road', 'Kisumu', 'Kisumu', 'Kenya', '40601', -0.09860000, 34.26000000, 1000, '[\"WiFi\", \"Parking\", \"Auditorium\", \"Conference Rooms\", \"Catering\"]', NULL, NULL, 'info@jooust.ac.ke', '+254572022190', 'https://www.jooust.ac.ke', NULL, NULL, NULL, 1, '2026-03-05 03:43:30', '2026-03-05 03:43:30', NULL),
(50, 1, 'Lake Basin Development Authority Convention Centre', 'lake-basin-development-authority-convention-centre', NULL, 'Kenyatta Avenue, Milimani', 'Kisumu', 'Kisumu', 'Kenya', '40100', -0.10400000, 34.76200000, 800, '[\"WiFi\", \"Parking\", \"Conference Rooms\", \"Catering\", \"Exhibition Hall\"]', NULL, NULL, 'info@lbda.co.ke', '+254572020600', 'https://www.lbda.co.ke', NULL, NULL, NULL, 1, '2026-03-05 03:43:30', '2026-03-05 03:43:30', NULL),
(51, 1, 'Maseno University Conference Centre', 'maseno-university-conference-centre', NULL, 'Maseno, Kisumu-Busia Road', 'Kisumu', 'Kisumu', 'Kenya', '40105', -0.00563000, 34.59993000, 700, '[\"WiFi\", \"Parking\", \"Auditorium\", \"Conference Rooms\", \"Catering\", \"Accommodation\"]', NULL, NULL, 'info@maseno.ac.ke', '+254572021229', 'https://www.maseno.ac.ke', NULL, NULL, NULL, 1, '2026-03-05 03:43:30', '2026-03-05 03:43:30', NULL),
(52, 1, 'Dunga Beach Community Camp', 'dunga-beach-community-camp', NULL, 'Dunga Beach, Lake Victoria', 'Kisumu', 'Kisumu', 'Kenya', '40100', -0.12500000, 34.74996000, 500, '[\"Parking\", \"Outdoor Grounds\", \"Lakefront\", \"Catering\", \"Boat Hire\", \"Camping\"]', NULL, NULL, 'info@dungabeach.co.ke', '+254726644000', 'https://www.dungabeach.co.ke', NULL, NULL, NULL, 1, '2026-03-05 03:43:30', '2026-03-05 03:43:30', NULL),
(53, 1, 'PrideInn Azure Hotel Kisumu', 'prideinn-azure-hotel-kisumu', NULL, 'Millimani Area, Kisumu-Nairobi Highway', 'Kisumu', 'Kisumu', 'Kenya', '40100', -0.09300000, 34.77000000, 450, '[\"WiFi\", \"Parking\", \"Pool\", \"Conference Rooms\", \"Catering\", \"Gym\"]', NULL, NULL, 'azure@prideinnhotels.com', '+254706066688', 'https://www.prideinnhotels.com', NULL, NULL, NULL, 1, '2026-03-05 03:43:30', '2026-03-05 03:43:30', NULL),
(54, 1, 'Siaya County Council Hall', 'siaya-county-council-hall', NULL, 'Oginga Odinga Street, CBD', 'Kisumu', 'Kisumu', 'Kenya', '40100', -0.10028000, 34.76018000, 600, '[\"Parking\", \"Conference Rooms\", \"Main Hall\", \"Catering\"]', NULL, NULL, 'info@kisumucounty.go.ke', '+254726500100', 'https://www.kisumucounty.go.ke', NULL, NULL, NULL, 1, '2026-03-05 03:43:30', '2026-03-05 03:43:30', NULL),
(55, 1, 'Kisumu County Showground', 'kisumu-county-showground', NULL, 'Nairobi Road', 'Kisumu', 'Kisumu', 'Kenya', '40100', -0.09100000, 34.78000000, 10000, '[\"Parking\", \"Outdoor Grounds\", \"Exhibition Halls\", \"Tenting Available\", \"Security\"]', NULL, NULL, 'info@kisumushowground.co.ke', '+254572022601', 'https://www.asak.org', NULL, NULL, NULL, 1, '2026-03-05 03:43:30', '2026-03-05 03:43:30', NULL),
(56, 1, 'Kisumu Museum & Conference Centre', 'kisumu-museum-conference-centre', NULL, 'Nairobi Road', 'Kisumu', 'Kisumu', 'Kenya', '40100', -0.09500000, 34.77200000, 300, '[\"Parking\", \"Gardens\", \"Conference Room\", \"Snake Park\", \"Catering\"]', NULL, NULL, 'kisumumuseum@museums.or.ke', '+254572020180', 'https://www.museums.or.ke', NULL, NULL, NULL, 1, '2026-03-05 03:43:30', '2026-03-05 03:43:30', NULL),
(57, 1, 'Radisson Hotel & Conference Centre Nairobi Airport', 'radisson-hotel-conference-centre-nairobi-airport', NULL, 'Opposite JKIA Terminal 1C, Airport North Road', 'Nairobi', 'Nairobi', 'Kenya', '00519', -1.31928000, 36.92783000, 600, '[\"WiFi\", \"Parking\", \"Pool\", \"Conference Rooms\", \"Catering\", \"Airport Shuttle\"]', NULL, NULL, 'info.nairobiairport@radissonhotels.com', '+254709100000', 'https://www.radissonhotels.com', NULL, NULL, NULL, 1, '2026-03-05 03:43:30', '2026-03-05 03:43:30', NULL),
(58, 1, 'Nairobi GTC (Grand Tower Centre)', 'nairobi-gtc-grand-tower-centre', NULL, 'Westlands, Waiyaki Way', 'Nairobi', 'Nairobi', 'Kenya', '00800', -1.26800000, 36.79800000, 500, '[\"WiFi\", \"Parking\", \"Conference Rooms\", \"Business Centre\", \"Catering\"]', NULL, NULL, 'info@nairobgtc.co.ke', '+254710290000', 'https://www.nairobi-gtc.co.ke', NULL, NULL, NULL, 1, '2026-03-05 03:43:30', '2026-03-05 03:43:30', NULL),
(59, 1, 'Trademark Hotel Nairobi', 'trademark-hotel-nairobi', NULL, 'Village Market, Gigiri', 'Nairobi', 'Nairobi', 'Kenya', '00621', -1.21503000, 36.74503000, 300, '[\"WiFi\", \"Parking\", \"Pool\", \"Conference Rooms\", \"Catering\", \"Rooftop Terrace\"]', NULL, NULL, 'info@trademarkhotelnairobi.com', '+254703073000', 'https://www.trademarkhotelnairobi.com', NULL, NULL, NULL, 1, '2026-03-05 03:43:30', '2026-03-05 03:43:30', NULL),
(60, 1, 'Tamarind Tree Hotel Nairobi', 'tamarind-tree-hotel-nairobi', NULL, 'Karen Hardy, Ngong Road', 'Nairobi', 'Nairobi', 'Kenya', '00502', -1.31500000, 36.78600000, 400, '[\"WiFi\", \"Parking\", \"Pool\", \"Conference Rooms\", \"Catering\", \"Gardens\"]', NULL, NULL, 'info@tamarindtree.co.ke', '+254709990099', 'https://www.tamarindtree.co.ke', NULL, NULL, NULL, 1, '2026-03-05 03:43:30', '2026-03-05 03:43:30', NULL),
(61, 1, 'Pride Centre Nairobi', 'pride-centre-nairobi', NULL, 'Westlands, Sarit Centre Area', 'Nairobi', 'Nairobi', 'Kenya', '00800', -1.26470000, 36.80660000, 800, '[\"WiFi\", \"Parking\", \"Conference Rooms\", \"Exhibition Hall\", \"Catering\", \"Auditorium\"]', NULL, NULL, 'events@pridecentre.co.ke', '+254720503503', 'https://www.pridecentre.co.ke', NULL, NULL, NULL, 1, '2026-03-05 03:43:30', '2026-03-05 03:43:30', NULL),
(62, 1, 'Arboretum Grounds Nairobi', 'arboretum-grounds-nairobi', NULL, 'State House Road, Off Arboretum Drive', 'Nairobi', 'Nairobi', 'Kenya', '00200', -1.27900000, 36.81100000, 8000, '[\"Parking\", \"Outdoor Grounds\", \"Natural Setting\", \"Tenting Available\"]', NULL, NULL, 'info@nairobiarboretum.org', '+254202742131', 'https://www.nairobiarboretum.org', NULL, NULL, NULL, 1, '2026-03-05 03:43:30', '2026-03-05 03:43:30', NULL),
(63, 1, 'NHIF Conference Centre Nairobi', 'nhif-conference-centre-nairobi', NULL, 'Hospital Road, Upper Hill', 'Nairobi', 'Nairobi', 'Kenya', '00200', -1.29200000, 36.81500000, 400, '[\"WiFi\", \"Parking\", \"Conference Rooms\", \"Catering\", \"A/V Equipment\"]', NULL, NULL, 'info@nhif.or.ke', '+254203862000', 'https://www.nhif.or.ke', NULL, NULL, NULL, 1, '2026-03-05 03:43:30', '2026-03-05 03:43:30', NULL),
(64, 1, 'Nairobi City Hall Grounds', 'nairobi-city-hall-grounds', NULL, 'City Hall Way, City Square', 'Nairobi', 'Nairobi', 'Kenya', '00200', -1.28670000, 36.82070000, 5000, '[\"Parking\", \"Outdoor Grounds\", \"Security\", \"Stage\"]', NULL, NULL, 'info@nairobi.go.ke', '+254202228880', 'https://www.nairobi.go.ke', NULL, NULL, NULL, 1, '2026-03-05 03:43:30', '2026-03-05 03:43:30', NULL),
(65, 1, 'Kenyatta International Convention Centre', 'kenyatta-international-convention-centre-1', NULL, 'Harambee Avenue', 'Nairobi', 'Nairobi', 'Kenya', '00200', -1.28353000, 36.82121000, 5000, '[\"WiFi\", \"Parking\", \"A/V Equipment\", \"Catering\", \"Air Conditioning\", \"Security\"]', NULL, NULL, 'info@kicc.co.ke', '+254202210800', 'https://kicc.co.ke', NULL, NULL, NULL, 1, '2026-03-06 09:58:05', '2026-03-06 09:58:05', NULL),
(66, 1, 'Radisson Blu Hotel Nairobi Upper Hill', 'radisson-blu-hotel-nairobi-upper-hill-1', NULL, 'Upper Hill, Hospital Road', 'Nairobi', 'Nairobi', 'Kenya', '00202', -1.29839000, 36.81338000, 1200, '[\"WiFi\", \"Parking\", \"Pool\", \"Gym\", \"Business Centre\", \"Catering\"]', NULL, NULL, 'info.nairobi@radissonblu.com', '+254709774000', 'https://www.radissonhotels.com', NULL, NULL, NULL, 1, '2026-03-06 09:58:05', '2026-03-06 09:58:05', NULL),
(67, 1, 'Villa Rosa Kempinski Nairobi', 'villa-rosa-kempinski-nairobi-1', NULL, 'Chiromo Road, Westlands', 'Nairobi', 'Nairobi', 'Kenya', '00800', -1.26649000, 36.80772000, 900, '[\"WiFi\", \"Valet Parking\", \"Pool\", \"Spa\", \"Ballroom\", \"Catering\", \"Business Centre\"]', NULL, NULL, 'reservations.nairobi@kempinski.com', '+254703049000', 'https://www.kempinski.com/nairobi', NULL, NULL, NULL, 1, '2026-03-06 09:58:05', '2026-03-06 09:58:05', NULL),
(68, 1, 'Hilton Nairobi', 'hilton-nairobi-1', NULL, 'Mama Ngina Street', 'Nairobi', 'Nairobi', 'Kenya', '00200', -1.28584000, 36.82289000, 1000, '[\"WiFi\", \"Parking\", \"Pool\", \"Conference Rooms\", \"Catering\", \"Business Centre\"]', NULL, NULL, 'nairobi@hilton.com', '+254202890000', 'https://www.hilton.com/nairobi', NULL, NULL, NULL, 1, '2026-03-06 09:58:05', '2026-03-06 09:58:05', NULL),
(69, 1, 'Nairobi Serena Hotel', 'nairobi-serena-hotel-1', NULL, 'Kenyatta Avenue & Processional Way', 'Nairobi', 'Nairobi', 'Kenya', '00200', -1.28878000, 36.80924000, 800, '[\"WiFi\", \"Parking\", \"Pool\", \"Spa\", \"Gardens\", \"Catering\", \"Ballroom\"]', NULL, NULL, 'reservations@serena.co.ke', '+254202822000', 'https://www.serenahotels.com', NULL, NULL, NULL, 1, '2026-03-06 09:58:05', '2026-03-06 09:58:05', NULL),
(70, 1, 'Intercontinental Nairobi', 'intercontinental-nairobi-1', NULL, 'City Hall Way', 'Nairobi', 'Nairobi', 'Kenya', '00200', -1.28676000, 36.81792000, 900, '[\"WiFi\", \"Parking\", \"Pool\", \"Conference Rooms\", \"Catering\"]', NULL, NULL, 'reservations@intercontinentalnairobi.com', '+254202320000', 'https://www.ihg.com/nairobi', NULL, NULL, NULL, 1, '2026-03-06 09:58:05', '2026-03-06 09:58:05', NULL),
(71, 1, 'Crowne Plaza Nairobi', 'crowne-plaza-nairobi-1', NULL, 'Upper Hill, Upperhill Road', 'Nairobi', 'Nairobi', 'Kenya', '00200', -1.29840000, 36.81671000, 600, '[\"WiFi\", \"Parking\", \"Pool\", \"Business Centre\", \"Catering\"]', NULL, NULL, 'info@crowneplazanairobi.co.ke', '+254709234000', 'https://www.ihg.com/crowneplaza/nairobi', NULL, NULL, NULL, 1, '2026-03-06 09:58:05', '2026-03-06 09:58:05', NULL),
(72, 1, 'Safari Park Hotel & Casino', 'safari-park-hotel-casino-1', NULL, 'Thika Road, Kasarani', 'Nairobi', 'Nairobi', 'Kenya', '00621', -1.21660000, 36.88325000, 3000, '[\"WiFi\", \"Parking\", \"Pool\", \"Casino\", \"Gardens\", \"Catering\", \"Outdoor Venues\"]', NULL, NULL, 'reservations@safaripark.co.ke', '+254202802000', 'https://www.safaripark.co.ke', NULL, NULL, NULL, 1, '2026-03-06 09:58:05', '2026-03-06 09:58:05', NULL),
(73, 1, 'Ole Sereni Hotel', 'ole-sereni-hotel-1', NULL, 'Mombasa Road, Nairobi National Park boundary', 'Nairobi', 'Nairobi', 'Kenya', '00100', -1.31651000, 36.83003000, 500, '[\"WiFi\", \"Parking\", \"Pool\", \"Conference Rooms\", \"Catering\", \"Wildlife Views\"]', NULL, NULL, 'reservations@olesereni.com', '+254731600555', 'https://www.oleserenihotel.com', NULL, NULL, NULL, 1, '2026-03-06 09:58:05', '2026-03-06 09:58:05', NULL),
(74, 1, 'Movenpick Hotel & Residences Nairobi', 'movenpick-hotel-residences-nairobi-1', NULL, 'Westlands, Chiromo Road', 'Nairobi', 'Nairobi', 'Kenya', '00800', -1.26332000, 36.80388000, 700, '[\"WiFi\", \"Parking\", \"Pool\", \"Spa\", \"Conference Rooms\", \"Catering\"]', NULL, NULL, 'hotel.nairobi@movenpick.com', '+254709101000', 'https://www.movenpick.com/nairobi', NULL, NULL, NULL, 1, '2026-03-06 09:58:05', '2026-03-06 09:58:05', NULL),
(75, 1, 'Sankara Nairobi', 'sankara-nairobi-1', NULL, 'Woodvale Grove, Westlands', 'Nairobi', 'Nairobi', 'Kenya', '00800', -1.26318000, 36.80180000, 400, '[\"WiFi\", \"Parking\", \"Pool\", \"Spa\", \"Conference Rooms\", \"Rooftop Bar\"]', NULL, NULL, 'info@sankara.com', '+254203742000', 'https://www.sankara.com', NULL, NULL, NULL, 1, '2026-03-06 09:58:05', '2026-03-06 09:58:05', NULL),
(76, 1, 'Tribe Hotel Nairobi', 'tribe-hotel-nairobi-1', NULL, 'Village Market, Gigiri', 'Nairobi', 'Nairobi', 'Kenya', '00621', -1.21674000, 36.75000000, 350, '[\"WiFi\", \"Parking\", \"Pool\", \"Spa\", \"Conference Rooms\", \"Art Gallery\"]', NULL, NULL, 'reservations@tribehotel.com', '+254203320000', 'https://www.tribehotel.com', NULL, NULL, NULL, 1, '2026-03-06 09:58:05', '2026-03-06 09:58:05', NULL),
(77, 1, 'Windsor Golf Hotel & Country Club', 'windsor-golf-hotel-country-club-1', NULL, 'Windsor Golf Estate, Ridgeways', 'Nairobi', 'Nairobi', 'Kenya', '00621', -1.18328000, 36.85002000, 600, '[\"WiFi\", \"Parking\", \"Pool\", \"Golf Course\", \"Ballroom\", \"Catering\", \"Gardens\"]', NULL, NULL, 'info@windsornairobi.com', '+254202062300', 'https://www.windsornairobi.com', NULL, NULL, NULL, 1, '2026-03-06 09:58:05', '2026-03-06 09:58:05', NULL),
(78, 1, 'The Boma Nairobi', 'the-boma-nairobi-1', NULL, 'Christian Community Services, Gitanga Road', 'Nairobi', 'Nairobi', 'Kenya', '00502', -1.31669000, 36.76668000, 500, '[\"WiFi\", \"Parking\", \"Pool\", \"Conference Rooms\", \"Catering\", \"Gardens\"]', NULL, NULL, 'info@thebomanairobi.com', '+254709112000', 'https://www.thebomanairobi.com', NULL, NULL, NULL, 1, '2026-03-06 09:58:05', '2026-03-06 09:58:05', NULL),
(79, 1, 'Laico Regency Hotel Nairobi', 'laico-regency-hotel-nairobi-1', NULL, 'Uhuru Highway', 'Nairobi', 'Nairobi', 'Kenya', '00200', -1.28331000, 36.82362000, 700, '[\"WiFi\", \"Parking\", \"Pool\", \"Conference Rooms\", \"Catering\", \"Business Centre\"]', NULL, NULL, 'reservations@laicoregency.com', '+254202211000', 'https://www.laicoregency.com', NULL, NULL, NULL, 1, '2026-03-06 09:58:05', '2026-03-06 09:58:05', NULL),
(80, 1, 'Southern Sun Mayfair Nairobi', 'southern-sun-mayfair-nairobi-1', NULL, 'Parklands Road', 'Nairobi', 'Nairobi', 'Kenya', '00800', -1.26496000, 36.82189000, 400, '[\"WiFi\", \"Parking\", \"Pool\", \"Conference Rooms\", \"Catering\"]', NULL, NULL, 'mayfairnairobi@tsogosun.com', '+254202740920', 'https://www.tsogosun.com/mayfair-nairobi', NULL, NULL, NULL, 1, '2026-03-06 09:58:05', '2026-03-06 09:58:05', NULL),
(81, 1, 'Doubletree by Hilton Nairobi Hurlingham', 'doubletree-by-hilton-nairobi-hurlingham-1', NULL, 'Argwings Kodhek Road, Hurlingham', 'Nairobi', 'Nairobi', 'Kenya', '00100', -1.29833000, 36.78333000, 500, '[\"WiFi\", \"Parking\", \"Pool\", \"Conference Rooms\", \"Catering\", \"Gym\"]', NULL, NULL, 'info.hurlingham@hilton.com', '+254709774100', 'https://www.hilton.com/doubletree-nairobi', NULL, NULL, NULL, 1, '2026-03-06 09:58:05', '2026-03-06 09:58:05', NULL),
(82, 1, 'Sarova Stanley Hotel', 'sarova-stanley-hotel-1', NULL, 'Corner of Kenyatta Avenue & Kimathi Street', 'Nairobi', 'Nairobi', 'Kenya', '00200', -1.28299000, 36.82128000, 600, '[\"WiFi\", \"Parking\", \"Pool\", \"Conference Rooms\", \"Catering\", \"Rooftop Terrace\"]', NULL, NULL, 'stanley@sarovahotels.com', '+254202753000', 'https://www.sarovahotels.com/stanley-nairobi', NULL, NULL, NULL, 1, '2026-03-06 09:58:05', '2026-03-06 09:58:05', NULL),
(83, 1, 'PrideInn Lantana Hotel Nairobi', 'prideinn-lantana-hotel-nairobi-1', NULL, 'Milimani Road, Upperhill', 'Nairobi', 'Nairobi', 'Kenya', '00200', -1.29963000, 36.81536000, 350, '[\"WiFi\", \"Parking\", \"Pool\", \"Conference Rooms\", \"Catering\"]', NULL, NULL, 'lantana@prideinnhotels.com', '+254202712400', 'https://www.prideinnhotels.com', NULL, NULL, NULL, 1, '2026-03-06 09:58:05', '2026-03-06 09:58:05', NULL),
(84, 1, 'Fairview Hotel Nairobi', 'fairview-hotel-nairobi-1', NULL, 'Bishops Road, Upper Hill', 'Nairobi', 'Nairobi', 'Kenya', '00200', -1.28545000, 36.82038000, 400, '[\"WiFi\", \"Parking\", \"Pool\", \"Gardens\", \"Conference Rooms\", \"Catering\"]', NULL, NULL, 'reservations@fairviewkenya.com', '+254202723211', 'https://www.fairviewkenya.com', NULL, NULL, NULL, 1, '2026-03-06 09:58:05', '2026-03-06 09:58:05', NULL),
(85, 1, 'Bomas of Kenya', 'bomas-of-kenya-1', NULL, 'Forest Edge Road, Langata', 'Nairobi', 'Nairobi', 'Kenya', '00517', -1.33335000, 36.74998000, 3500, '[\"Parking\", \"Outdoor Amphitheatre\", \"Cultural Performances\", \"Catering\"]', NULL, NULL, 'info@bomasofkenya.co.ke', '+254202891801', 'https://www.bomasofkenya.co.ke', NULL, NULL, NULL, 1, '2026-03-06 09:58:05', '2026-03-06 09:58:05', NULL),
(86, 1, 'Kenya National Theatre', 'kenya-national-theatre-1', NULL, 'Harry Thuku Road', 'Nairobi', 'Nairobi', 'Kenya', '00200', -1.28874000, 36.81351000, 800, '[\"Parking\", \"Stage\", \"Lighting\", \"Sound System\", \"Green Room\"]', NULL, NULL, 'info@kenyatheatre.com', '+254202220840', 'https://www.kenyatheatre.com', NULL, NULL, NULL, 1, '2026-03-06 09:58:05', '2026-03-06 09:58:05', NULL),
(87, 1, 'University of Nairobi Graduation Square', 'university-of-nairobi-graduation-square-1', NULL, 'University Way', 'Nairobi', 'Nairobi', 'Kenya', '00100', -1.27727000, 36.82241000, 5000, '[\"Parking\", \"Open Grounds\", \"Tenting\", \"Security\"]', NULL, NULL, 'vc@uonbi.ac.ke', '+254202318262', 'https://www.uonbi.ac.ke', NULL, NULL, NULL, 1, '2026-03-06 09:58:05', '2026-03-06 09:58:05', NULL),
(88, 1, 'Ufungamano Conference Centre', 'ufungamano-conference-centre-1', NULL, 'Ufungamano House, Mamlaka Road', 'Nairobi', 'Nairobi', 'Kenya', '00100', -1.29128000, 36.81246000, 500, '[\"WiFi\", \"Parking\", \"Conference Rooms\", \"Catering\", \"Accommodation\"]', NULL, NULL, 'info@ufungamano.co.ke', '+254202714622', 'https://www.ufungamano.co.ke', NULL, NULL, NULL, 1, '2026-03-06 09:58:05', '2026-03-06 09:58:05', NULL),
(89, 1, 'Strathmore University Conference Centre', 'strathmore-university-conference-centre-1', NULL, 'Ole Sangale Road, Madaraka', 'Nairobi', 'Nairobi', 'Kenya', '00200', -1.30949000, 36.81159000, 600, '[\"WiFi\", \"Parking\", \"Conference Rooms\", \"Catering\", \"Auditorium\", \"A/V Equipment\"]', NULL, NULL, 'conferences@strathmore.edu', '+254703034000', 'https://www.strathmore.edu', NULL, NULL, NULL, 1, '2026-03-06 09:58:05', '2026-03-06 09:58:05', NULL),
(90, 1, 'Kenya School of Monetary Studies', 'kenya-school-of-monetary-studies-1', NULL, 'Ruaraka, Thika Road', 'Nairobi', 'Nairobi', 'Kenya', '00621', -1.22660000, 36.88004000, 800, '[\"WiFi\", \"Parking\", \"Conference Rooms\", \"Catering\", \"Accommodation\", \"Pool\"]', NULL, NULL, 'info@ksms.or.ke', '+254202808000', 'https://www.ksms.or.ke', NULL, NULL, NULL, 1, '2026-03-06 09:58:05', '2026-03-06 09:58:05', NULL),
(91, 1, 'Carnivore Restaurant & Grounds', 'carnivore-restaurant-grounds-1', NULL, 'Langata Road, Wilson Airport', 'Nairobi', 'Nairobi', 'Kenya', '00517', -1.31741000, 36.79993000, 4000, '[\"Parking\", \"Outdoor Grounds\", \"Open-air Stage\", \"Catering\", \"Tenting Available\"]', NULL, NULL, 'bookings@carnivore.co.ke', '+254722205366', 'https://www.carnivore.co.ke', NULL, NULL, NULL, 1, '2026-03-06 09:58:05', '2026-03-06 09:58:05', NULL),
(92, 1, 'Nairobi Railway Museum', 'nairobi-railway-museum-1', NULL, 'Station Road, CBD', 'Nairobi', 'Nairobi', 'Kenya', '00200', -1.28922000, 36.82218000, 500, '[\"Parking\", \"Outdoor Grounds\", \"Heritage Exhibits\"]', NULL, NULL, 'info@railwaymuseum.co.ke', '+254202221211', 'https://www.railwaymuseum.co.ke', NULL, NULL, NULL, 1, '2026-03-06 09:58:05', '2026-03-06 09:58:05', NULL),
(93, 1, 'KCB Leadership Centre', 'kcb-leadership-centre-1', NULL, 'Karen, Ngong Road', 'Nairobi', 'Nairobi', 'Kenya', '00502', -1.31680000, 36.76992000, 400, '[\"WiFi\", \"Parking\", \"Conference Rooms\", \"Catering\", \"Accommodation\", \"Pool\", \"Gardens\"]', NULL, NULL, 'leadershipcentre@kcbgroup.com', '+254711087000', 'https://www.kcbgroup.com', NULL, NULL, NULL, 1, '2026-03-06 09:58:05', '2026-03-06 09:58:05', NULL),
(94, 1, 'CUEA Beatitude Centre', 'cuea-beatitude-centre-1', NULL, 'Lang\'ata South Road', 'Nairobi', 'Nairobi', 'Kenya', '00517', -1.33680000, 36.72999000, 600, '[\"WiFi\", \"Parking\", \"Conference Rooms\", \"Catering\", \"Chapel\", \"Gardens\"]', NULL, NULL, 'beatitude@cuea.edu', '+254202603100', 'https://www.cuea.edu', NULL, NULL, NULL, 1, '2026-03-06 09:58:05', '2026-03-06 09:58:05', NULL),
(95, 1, 'Imperial Hotel Kisumu', 'imperial-hotel-kisumu-1', NULL, 'Oginga Odinga Street', 'Kisumu', 'Kisumu', 'Kenya', '40100', -0.10213000, 34.76175000, 600, '[\"WiFi\", \"Parking\", \"Pool\", \"Conference Rooms\", \"Catering\"]', NULL, NULL, 'info@imperialhotelkisumu.com', '+254572022213', 'https://www.imperialhotelkisumu.com', NULL, NULL, NULL, 1, '2026-03-06 09:58:05', '2026-03-06 09:58:05', NULL),
(96, 1, 'Acacia Premier Hotel Kisumu', 'acacia-premier-hotel-kisumu-1', NULL, 'Kisumu Achola Road, Milimani', 'Kisumu', 'Kisumu', 'Kenya', '40100', -0.09220000, 34.76174000, 500, '[\"WiFi\", \"Parking\", \"Pool\", \"Conference Rooms\", \"Catering\", \"Gym\", \"Lakeside Views\"]', NULL, NULL, 'info@acaciapremier.com', '+254734100100', 'https://www.acaciapremier.com', NULL, NULL, NULL, 1, '2026-03-06 09:58:05', '2026-03-06 09:58:05', NULL),
(97, 1, 'Kisumu Hotel', 'kisumu-hotel-1', NULL, 'Oginga Odinga Road', 'Kisumu', 'Kisumu', 'Kenya', '40100', -0.10360000, 34.75900000, 300, '[\"WiFi\", \"Parking\", \"Restaurant\", \"Conference Rooms\", \"Catering\"]', NULL, NULL, 'info@kisumumhotel.co.ke', '+254572020205', 'https://www.kisumumhotel.co.ke', NULL, NULL, NULL, 1, '2026-03-06 09:58:05', '2026-03-06 09:58:05', NULL),
(98, 1, 'Sunset Hotel Kisumu', 'sunset-hotel-kisumu-1', NULL, 'Apindi Street', 'Kisumu', 'Kisumu', 'Kenya', '40100', -0.09496000, 34.76168000, 400, '[\"WiFi\", \"Parking\", \"Pool\", \"Conference Rooms\", \"Catering\", \"Lake Views\"]', NULL, NULL, 'info@sunsetkisumu.co.ke', '+254572021816', 'https://www.sunsetkisumu.co.ke', NULL, NULL, NULL, 1, '2026-03-06 09:58:05', '2026-03-06 09:58:05', NULL),
(99, 1, 'Vic Hotel Kisumu', 'vic-hotel-kisumu-1', NULL, 'Achieng Oneko Road', 'Kisumu', 'Kisumu', 'Kenya', '40100', -0.09864000, 34.76170000, 250, '[\"WiFi\", \"Parking\", \"Restaurant\", \"Conference Rooms\", \"Catering\"]', NULL, NULL, 'reservations@vickisumu.co.ke', '+254572020007', 'https://www.vickisumu.co.ke', NULL, NULL, NULL, 1, '2026-03-06 09:58:05', '2026-03-06 09:58:05', NULL),
(100, 1, 'Kiboko Bay Resort', 'kiboko-bay-resort-1', NULL, 'Dunga Beach Road', 'Kisumu', 'Kisumu', 'Kenya', '40100', -0.11671000, 34.74996000, 300, '[\"WiFi\", \"Parking\", \"Pool\", \"Beachfront\", \"Conference Rooms\", \"Catering\", \"Boat Hire\"]', NULL, NULL, 'info@kibokobay.com', '+254722207826', 'https://www.kibokobay.com', NULL, NULL, NULL, 1, '2026-03-06 09:58:05', '2026-03-06 09:58:05', NULL),
(101, 1, 'Lake Victoria Hotel Kisumu', 'lake-victoria-hotel-kisumu-1', NULL, 'Nairobi Road, Milimani', 'Kisumu', 'Kisumu', 'Kenya', '40100', -0.09665000, 34.76168000, 350, '[\"WiFi\", \"Parking\", \"Pool\", \"Conference Rooms\", \"Catering\", \"Lake Views\"]', NULL, NULL, 'info@lakevictoriahotel.co.ke', '+254572021818', 'https://www.lakevictoriahotel.co.ke', NULL, NULL, NULL, 1, '2026-03-06 09:58:05', '2026-03-06 09:58:05', NULL),
(102, 1, 'Pinecone Hotel Kisumu', 'pinecone-hotel-kisumu-1', NULL, 'Milimani Road', 'Kisumu', 'Kisumu', 'Kenya', '40100', -0.09862000, 34.76665000, 200, '[\"WiFi\", \"Parking\", \"Restaurant\", \"Conference Rooms\", \"Catering\"]', NULL, NULL, 'info@pinecone.co.ke', '+254722520220', 'https://www.pinecone.co.ke', NULL, NULL, NULL, 1, '2026-03-06 09:58:05', '2026-03-06 09:58:05', NULL),
(103, 1, 'Kisumu Impala Sanctuary', 'kisumu-impala-sanctuary-1', NULL, 'Hippo Point Road', 'Kisumu', 'Kisumu', 'Kenya', '40100', -0.08220000, 34.76170000, 200, '[\"Parking\", \"Outdoor Grounds\", \"Nature Walks\"]', NULL, NULL, 'info@kisumumwildlife.go.ke', '+254572020045', 'https://www.kws.go.ke', NULL, NULL, NULL, 1, '2026-03-06 09:58:05', '2026-03-06 09:58:05', NULL),
(104, 1, 'Tom Mboya Labour College', 'tom-mboya-labour-college-1', NULL, 'Tom Mboya Labour College Road', 'Kisumu', 'Kisumu', 'Kenya', '40100', -0.10002000, 34.76170000, 500, '[\"WiFi\", \"Parking\", \"Conference Rooms\", \"Catering\", \"Accommodation\", \"Auditorium\"]', NULL, NULL, 'info@tommboya.ac.ke', '+254572021455', 'https://www.tommboya.ac.ke', NULL, NULL, NULL, 1, '2026-03-06 09:58:05', '2026-03-06 09:58:05', NULL),
(105, 1, 'Kisumu Polytechnic Conference Centre', 'kisumu-polytechnic-conference-centre-1', NULL, 'Hospital Road', 'Kisumu', 'Kisumu', 'Kenya', '40100', -0.10150000, 34.75800000, 400, '[\"WiFi\", \"Parking\", \"Conference Rooms\", \"Catering\", \"Auditorium\"]', NULL, NULL, 'info@kisumupolytechnic.ac.ke', '+254572020266', 'https://www.kisumupolytechnic.ac.ke', NULL, NULL, NULL, 1, '2026-03-06 09:58:05', '2026-03-06 09:58:05', NULL),
(106, 1, 'Winam Gulf Conference Centre', 'winam-gulf-conference-centre-1', NULL, 'Dunga Road', 'Kisumu', 'Kisumu', 'Kenya', '40100', -0.10002000, 34.75500000, 350, '[\"WiFi\", \"Parking\", \"Conference Rooms\", \"Catering\", \"Lake Views\"]', NULL, NULL, 'winamgulf@kisumu.go.ke', '+254572024500', 'https://www.kisumu.go.ke', NULL, NULL, NULL, 1, '2026-03-06 09:58:05', '2026-03-06 09:58:05', NULL),
(107, 1, 'Jaramogi Oginga Odinga University Hall', 'jaramogi-oginga-odinga-university-hall-1', NULL, 'Bondo, Siaya Road', 'Kisumu', 'Kisumu', 'Kenya', '40601', -0.09860000, 34.26000000, 1000, '[\"WiFi\", \"Parking\", \"Auditorium\", \"Conference Rooms\", \"Catering\"]', NULL, NULL, 'info@jooust.ac.ke', '+254572022190', 'https://www.jooust.ac.ke', NULL, NULL, NULL, 1, '2026-03-06 09:58:05', '2026-03-06 09:58:05', NULL),
(108, 1, 'Lake Basin Development Authority Convention Centre', 'lake-basin-development-authority-convention-centre-1', NULL, 'Kenyatta Avenue, Milimani', 'Kisumu', 'Kisumu', 'Kenya', '40100', -0.10400000, 34.76200000, 800, '[\"WiFi\", \"Parking\", \"Conference Rooms\", \"Catering\", \"Exhibition Hall\"]', NULL, NULL, 'info@lbda.co.ke', '+254572020600', 'https://www.lbda.co.ke', NULL, NULL, NULL, 1, '2026-03-06 09:58:05', '2026-03-06 09:58:05', NULL),
(109, 1, 'Maseno University Conference Centre', 'maseno-university-conference-centre-1', NULL, 'Maseno, Kisumu-Busia Road', 'Kisumu', 'Kisumu', 'Kenya', '40105', -0.00563000, 34.59993000, 700, '[\"WiFi\", \"Parking\", \"Auditorium\", \"Conference Rooms\", \"Catering\", \"Accommodation\"]', NULL, NULL, 'info@maseno.ac.ke', '+254572021229', 'https://www.maseno.ac.ke', NULL, NULL, NULL, 1, '2026-03-06 09:58:05', '2026-03-06 09:58:05', NULL),
(110, 1, 'Dunga Beach Community Camp', 'dunga-beach-community-camp-1', NULL, 'Dunga Beach, Lake Victoria', 'Kisumu', 'Kisumu', 'Kenya', '40100', -0.12500000, 34.74996000, 500, '[\"Parking\", \"Outdoor Grounds\", \"Lakefront\", \"Catering\", \"Boat Hire\", \"Camping\"]', NULL, NULL, 'info@dungabeach.co.ke', '+254726644000', 'https://www.dungabeach.co.ke', NULL, NULL, NULL, 1, '2026-03-06 09:58:05', '2026-03-06 09:58:05', NULL),
(111, 1, 'PrideInn Azure Hotel Kisumu', 'prideinn-azure-hotel-kisumu-1', NULL, 'Millimani Area, Kisumu-Nairobi Highway', 'Kisumu', 'Kisumu', 'Kenya', '40100', -0.09300000, 34.77000000, 450, '[\"WiFi\", \"Parking\", \"Pool\", \"Conference Rooms\", \"Catering\", \"Gym\"]', NULL, NULL, 'azure@prideinnhotels.com', '+254706066688', 'https://www.prideinnhotels.com', NULL, NULL, NULL, 1, '2026-03-06 09:58:05', '2026-03-06 09:58:05', NULL),
(112, 1, 'Siaya County Council Hall', 'siaya-county-council-hall-1', NULL, 'Oginga Odinga Street, CBD', 'Kisumu', 'Kisumu', 'Kenya', '40100', -0.10028000, 34.76018000, 600, '[\"Parking\", \"Conference Rooms\", \"Main Hall\", \"Catering\"]', NULL, NULL, 'info@kisumucounty.go.ke', '+254726500100', 'https://www.kisumucounty.go.ke', NULL, NULL, NULL, 1, '2026-03-06 09:58:05', '2026-03-06 09:58:05', NULL),
(113, 1, 'Kisumu County Showground', 'kisumu-county-showground-1', NULL, 'Nairobi Road', 'Kisumu', 'Kisumu', 'Kenya', '40100', -0.09100000, 34.78000000, 10000, '[\"Parking\", \"Outdoor Grounds\", \"Exhibition Halls\", \"Tenting Available\", \"Security\"]', NULL, NULL, 'info@kisumushowground.co.ke', '+254572022601', 'https://www.asak.org', NULL, NULL, NULL, 1, '2026-03-06 09:58:05', '2026-03-06 09:58:05', NULL),
(114, 1, 'Kisumu Museum & Conference Centre', 'kisumu-museum-conference-centre-1', NULL, 'Nairobi Road', 'Kisumu', 'Kisumu', 'Kenya', '40100', -0.09500000, 34.77200000, 300, '[\"Parking\", \"Gardens\", \"Conference Room\", \"Snake Park\", \"Catering\"]', NULL, NULL, 'kisumumuseum@museums.or.ke', '+254572020180', 'https://www.museums.or.ke', NULL, NULL, NULL, 1, '2026-03-06 09:58:05', '2026-03-06 09:58:05', NULL),
(115, 1, 'Radisson Hotel & Conference Centre Nairobi Airport', 'radisson-hotel-conference-centre-nairobi-airport-1', NULL, 'Opposite JKIA Terminal 1C, Airport North Road', 'Nairobi', 'Nairobi', 'Kenya', '00519', -1.31928000, 36.92783000, 600, '[\"WiFi\", \"Parking\", \"Pool\", \"Conference Rooms\", \"Catering\", \"Airport Shuttle\"]', NULL, NULL, 'info.nairobiairport@radissonhotels.com', '+254709100000', 'https://www.radissonhotels.com', NULL, NULL, NULL, 1, '2026-03-06 09:58:05', '2026-03-06 09:58:05', NULL),
(116, 1, 'Nairobi GTC (Grand Tower Centre)', 'nairobi-gtc-grand-tower-centre-1', NULL, 'Westlands, Waiyaki Way', 'Nairobi', 'Nairobi', 'Kenya', '00800', -1.26800000, 36.79800000, 500, '[\"WiFi\", \"Parking\", \"Conference Rooms\", \"Business Centre\", \"Catering\"]', NULL, NULL, 'info@nairobgtc.co.ke', '+254710290000', 'https://www.nairobi-gtc.co.ke', NULL, NULL, NULL, 1, '2026-03-06 09:58:05', '2026-03-06 09:58:05', NULL),
(117, 1, 'Trademark Hotel Nairobi', 'trademark-hotel-nairobi-1', NULL, 'Village Market, Gigiri', 'Nairobi', 'Nairobi', 'Kenya', '00621', -1.21503000, 36.74503000, 300, '[\"WiFi\", \"Parking\", \"Pool\", \"Conference Rooms\", \"Catering\", \"Rooftop Terrace\"]', NULL, NULL, 'info@trademarkhotelnairobi.com', '+254703073000', 'https://www.trademarkhotelnairobi.com', NULL, NULL, NULL, 1, '2026-03-06 09:58:05', '2026-03-06 09:58:05', NULL),
(118, 1, 'Tamarind Tree Hotel Nairobi', 'tamarind-tree-hotel-nairobi-1', NULL, 'Karen Hardy, Ngong Road', 'Nairobi', 'Nairobi', 'Kenya', '00502', -1.31500000, 36.78600000, 400, '[\"WiFi\", \"Parking\", \"Pool\", \"Conference Rooms\", \"Catering\", \"Gardens\"]', NULL, NULL, 'info@tamarindtree.co.ke', '+254709990099', 'https://www.tamarindtree.co.ke', NULL, NULL, NULL, 1, '2026-03-06 09:58:05', '2026-03-06 09:58:05', NULL),
(119, 1, 'Pride Centre Nairobi', 'pride-centre-nairobi-1', NULL, 'Westlands, Sarit Centre Area', 'Nairobi', 'Nairobi', 'Kenya', '00800', -1.26470000, 36.80660000, 800, '[\"WiFi\", \"Parking\", \"Conference Rooms\", \"Exhibition Hall\", \"Catering\", \"Auditorium\"]', NULL, NULL, 'events@pridecentre.co.ke', '+254720503503', 'https://www.pridecentre.co.ke', NULL, NULL, NULL, 1, '2026-03-06 09:58:05', '2026-03-06 09:58:05', NULL),
(120, 1, 'Arboretum Grounds Nairobi', 'arboretum-grounds-nairobi-1', NULL, 'State House Road, Off Arboretum Drive', 'Nairobi', 'Nairobi', 'Kenya', '00200', -1.27900000, 36.81100000, 8000, '[\"Parking\", \"Outdoor Grounds\", \"Natural Setting\", \"Tenting Available\"]', NULL, NULL, 'info@nairobiarboretum.org', '+254202742131', 'https://www.nairobiarboretum.org', NULL, NULL, NULL, 1, '2026-03-06 09:58:05', '2026-03-06 09:58:05', NULL),
(121, 1, 'NHIF Conference Centre Nairobi', 'nhif-conference-centre-nairobi-1', NULL, 'Hospital Road, Upper Hill', 'Nairobi', 'Nairobi', 'Kenya', '00200', -1.29200000, 36.81500000, 400, '[\"WiFi\", \"Parking\", \"Conference Rooms\", \"Catering\", \"A/V Equipment\"]', NULL, NULL, 'info@nhif.or.ke', '+254203862000', 'https://www.nhif.or.ke', NULL, NULL, NULL, 1, '2026-03-06 09:58:05', '2026-03-06 09:58:05', NULL),
(122, 1, 'Nairobi City Hall Grounds', 'nairobi-city-hall-grounds-1', NULL, 'City Hall Way, City Square', 'Nairobi', 'Nairobi', 'Kenya', '00200', -1.28670000, 36.82070000, 5000, '[\"Parking\", \"Outdoor Grounds\", \"Security\", \"Stage\"]', NULL, NULL, 'info@nairobi.go.ke', '+254202228880', 'https://www.nairobi.go.ke', NULL, NULL, NULL, 1, '2026-03-06 09:58:05', '2026-03-06 09:58:05', NULL);
INSERT INTO `event_venues` (`id`, `client_id`, `name`, `slug`, `description`, `address`, `city`, `state`, `country`, `postal_code`, `latitude`, `longitude`, `capacity`, `amenities`, `images`, `contact_name`, `contact_email`, `contact_phone`, `website`, `operating_hours`, `parking_info`, `accessibility_info`, `is_active`, `created_at`, `updated_at`, `deleted_at`) VALUES
(123, 1, 'Kisumu County Hall', 'kisumu-county-hall', NULL, 'Oginga Odinga Street', 'Kisumu', 'Kisumu', 'Kenya', '40100', -0.09167000, 34.76778000, 800, '[\"WiFi\", \"Parking\", \"Conference Rooms\", \"A/V Equipment\", \"Security\", \"Catering\"]', NULL, NULL, 'info@kisumu.go.ke', '+254572020020', 'https://www.kisumu.go.ke', NULL, NULL, NULL, 1, '2026-03-06 09:58:05', '2026-03-06 09:58:05', NULL);

-- --------------------------------------------------------

--
-- Table structure for table `failed_jobs`
--

CREATE TABLE `failed_jobs` (
  `id` bigint UNSIGNED NOT NULL,
  `uuid` varchar(255) COLLATE utf8mb4_unicode_ci NOT NULL,
  `connection` text COLLATE utf8mb4_unicode_ci NOT NULL,
  `queue` text COLLATE utf8mb4_unicode_ci NOT NULL,
  `payload` longtext COLLATE utf8mb4_unicode_ci NOT NULL,
  `exception` longtext COLLATE utf8mb4_unicode_ci NOT NULL,
  `failed_at` timestamp NOT NULL DEFAULT CURRENT_TIMESTAMP
) ENGINE=InnoDB DEFAULT CHARSET=utf8mb4 COLLATE=utf8mb4_unicode_ci;

-- --------------------------------------------------------

--
-- Table structure for table `invoices`
--

CREATE TABLE `invoices` (
  `id` bigint UNSIGNED NOT NULL,
  `uuid` char(36) COLLATE utf8mb4_unicode_ci NOT NULL,
  `client_id` bigint UNSIGNED NOT NULL,
  `event_id` bigint UNSIGNED DEFAULT NULL,
  `user_id` bigint UNSIGNED NOT NULL,
  `customer_name` varchar(255) COLLATE utf8mb4_unicode_ci DEFAULT NULL,
  `customer_email` varchar(255) COLLATE utf8mb4_unicode_ci DEFAULT NULL,
  `customer_phone` varchar(30) COLLATE utf8mb4_unicode_ci DEFAULT NULL,
  `customer_address` text COLLATE utf8mb4_unicode_ci,
  `invoiceable_id` bigint UNSIGNED NOT NULL,
  `invoiceable_type` varchar(255) COLLATE utf8mb4_unicode_ci NOT NULL,
  `invoice_number` varchar(255) COLLATE utf8mb4_unicode_ci NOT NULL,
  `invoice_date` date NOT NULL,
  `due_date` date DEFAULT NULL,
  `subtotal` decimal(15,2) NOT NULL,
  `tax_amount` decimal(15,2) NOT NULL DEFAULT '0.00',
  `discount_amount` decimal(15,2) NOT NULL DEFAULT '0.00',
  `total_amount` decimal(15,2) NOT NULL,
  `currency` varchar(3) COLLATE utf8mb4_unicode_ci NOT NULL DEFAULT 'KES',
  `status` enum('draft','issued','paid','overdue','cancelled','refunded') COLLATE utf8mb4_unicode_ci NOT NULL DEFAULT 'issued',
  `payment_status` enum('unpaid','partial','paid','refunded') COLLATE utf8mb4_unicode_ci NOT NULL DEFAULT 'unpaid',
  `paid_at` timestamp NULL DEFAULT NULL,
  `pdf_path` varchar(255) COLLATE utf8mb4_unicode_ci DEFAULT NULL,
  `pdf_generated_at` timestamp NULL DEFAULT NULL,
  `sent_at` timestamp NULL DEFAULT NULL,
  `viewed_at` timestamp NULL DEFAULT NULL,
  `notes` text COLLATE utf8mb4_unicode_ci,
  `terms` text COLLATE utf8mb4_unicode_ci,
  `created_at` timestamp NULL DEFAULT NULL,
  `updated_at` timestamp NULL DEFAULT NULL,
  `deleted_at` timestamp NULL DEFAULT NULL
) ENGINE=InnoDB DEFAULT CHARSET=utf8mb4 COLLATE=utf8mb4_unicode_ci;

-- --------------------------------------------------------

--
-- Table structure for table `invoice_items`
--

CREATE TABLE `invoice_items` (
  `id` bigint UNSIGNED NOT NULL,
  `invoice_id` bigint UNSIGNED NOT NULL,
  `item_type` enum('ticket','vote_bundle','poll_entry','service_fee','discount','tax') COLLATE utf8mb4_unicode_ci NOT NULL,
  `description` varchar(255) COLLATE utf8mb4_unicode_ci NOT NULL,
  `quantity` int UNSIGNED NOT NULL DEFAULT '1',
  `unit_price` decimal(12,2) NOT NULL,
  `subtotal` decimal(15,2) NOT NULL,
  `discount_amount` decimal(15,2) NOT NULL DEFAULT '0.00',
  `tax_amount` decimal(15,2) NOT NULL DEFAULT '0.00',
  `total` decimal(15,2) NOT NULL,
  `meta` text COLLATE utf8mb4_unicode_ci,
  `created_at` timestamp NULL DEFAULT NULL,
  `updated_at` timestamp NULL DEFAULT NULL
) ENGINE=InnoDB DEFAULT CHARSET=utf8mb4 COLLATE=utf8mb4_unicode_ci;

-- --------------------------------------------------------

--
-- Table structure for table `jobs`
--

CREATE TABLE `jobs` (
  `id` bigint UNSIGNED NOT NULL,
  `queue` varchar(255) COLLATE utf8mb4_unicode_ci NOT NULL,
  `payload` longtext COLLATE utf8mb4_unicode_ci NOT NULL,
  `attempts` tinyint UNSIGNED NOT NULL,
  `reserved_at` int UNSIGNED DEFAULT NULL,
  `available_at` int UNSIGNED NOT NULL,
  `created_at` int UNSIGNED NOT NULL
) ENGINE=InnoDB DEFAULT CHARSET=utf8mb4 COLLATE=utf8mb4_unicode_ci;

-- --------------------------------------------------------

--
-- Table structure for table `job_batches`
--

CREATE TABLE `job_batches` (
  `id` varchar(255) COLLATE utf8mb4_unicode_ci NOT NULL,
  `name` varchar(255) COLLATE utf8mb4_unicode_ci NOT NULL,
  `total_jobs` int NOT NULL,
  `pending_jobs` int NOT NULL,
  `failed_jobs` int NOT NULL,
  `failed_job_ids` longtext COLLATE utf8mb4_unicode_ci NOT NULL,
  `options` mediumtext COLLATE utf8mb4_unicode_ci,
  `cancelled_at` int DEFAULT NULL,
  `created_at` int NOT NULL,
  `finished_at` int DEFAULT NULL
) ENGINE=InnoDB DEFAULT CHARSET=utf8mb4 COLLATE=utf8mb4_unicode_ci;

-- --------------------------------------------------------

--
-- Table structure for table `media`
--

CREATE TABLE `media` (
  `id` bigint UNSIGNED NOT NULL,
  `uuid` char(36) COLLATE utf8mb4_unicode_ci NOT NULL,
  `client_id` bigint UNSIGNED NOT NULL,
  `event_id` bigint UNSIGNED DEFAULT NULL,
  `uploader_id` bigint UNSIGNED NOT NULL,
  `file_name` varchar(255) COLLATE utf8mb4_unicode_ci NOT NULL,
  `file_path` varchar(255) COLLATE utf8mb4_unicode_ci NOT NULL,
  `file_type` enum('image','video','document','audio') COLLATE utf8mb4_unicode_ci NOT NULL,
  `mime_type` varchar(255) COLLATE utf8mb4_unicode_ci NOT NULL,
  `file_size` bigint UNSIGNED NOT NULL,
  `width` int UNSIGNED DEFAULT NULL,
  `height` int UNSIGNED DEFAULT NULL,
  `duration` int UNSIGNED DEFAULT NULL,
  `alt_text` varchar(255) COLLATE utf8mb4_unicode_ci DEFAULT NULL,
  `caption` text COLLATE utf8mb4_unicode_ci,
  `description` text COLLATE utf8mb4_unicode_ci,
  `thumbnails` json DEFAULT NULL,
  `is_public` tinyint(1) NOT NULL DEFAULT '1',
  `download_count` int UNSIGNED NOT NULL DEFAULT '0',
  `folder` varchar(255) COLLATE utf8mb4_unicode_ci DEFAULT NULL,
  `tags` json DEFAULT NULL,
  `created_at` timestamp NULL DEFAULT NULL,
  `updated_at` timestamp NULL DEFAULT NULL,
  `deleted_at` timestamp NULL DEFAULT NULL
) ENGINE=InnoDB DEFAULT CHARSET=utf8mb4 COLLATE=utf8mb4_unicode_ci;

--
-- Dumping data for table `media`
--

INSERT INTO `media` (`id`, `uuid`, `client_id`, `event_id`, `uploader_id`, `file_name`, `file_path`, `file_type`, `mime_type`, `file_size`, `width`, `height`, `duration`, `alt_text`, `caption`, `description`, `thumbnails`, `is_public`, `download_count`, `folder`, `tags`, `created_at`, `updated_at`, `deleted_at`) VALUES
(1, '48a73d14-0d5d-4011-9bc2-dc7ed5bbfbc3', 1, NULL, 2, 'post-image-1.jpg', 'media/posts/post-image-1.jpg', 'image', 'image/jpeg', 1715513, 1920, 1080, NULL, 'Featured image for post 1', 'Caption for image 1', NULL, '{\"large\": \"media/posts/thumbnails/large/post-image-1.jpg\", \"small\": \"media/posts/thumbnails/small/post-image-1.jpg\", \"medium\": \"media/posts/thumbnails/medium/post-image-1.jpg\"}', 1, 0, 'events/ikwa-awards', '[\"post\", \"featured\", \"content\"]', '2026-03-03 17:44:04', '2026-03-03 17:44:04', NULL),
(2, '4b87ac5b-f0c0-4be8-b63a-bc2e22974a36', 1, NULL, 2, 'post-image-2.jpg', 'media/posts/post-image-2.jpg', 'image', 'image/jpeg', 583993, 1920, 1080, NULL, 'Featured image for post 2', 'Caption for image 2', NULL, '{\"large\": \"media/posts/thumbnails/large/post-image-2.jpg\", \"small\": \"media/posts/thumbnails/small/post-image-2.jpg\", \"medium\": \"media/posts/thumbnails/medium/post-image-2.jpg\"}', 1, 0, 'events/ikwa-awards', '[\"post\", \"featured\", \"content\"]', '2026-03-03 17:44:04', '2026-03-03 17:44:04', NULL),
(3, 'fa694345-5f7c-4dbb-932f-163db8cd7626', 1, NULL, 3, 'post-image-3.jpg', 'media/posts/post-image-3.jpg', 'image', 'image/jpeg', 1987711, 1920, 1080, NULL, 'Featured image for post 3', 'Caption for image 3', NULL, '{\"large\": \"media/posts/thumbnails/large/post-image-3.jpg\", \"small\": \"media/posts/thumbnails/small/post-image-3.jpg\", \"medium\": \"media/posts/thumbnails/medium/post-image-3.jpg\"}', 1, 0, 'events/ikwa-awards', '[\"post\", \"featured\", \"content\"]', '2026-03-03 17:44:04', '2026-03-03 17:44:04', NULL),
(4, '17b3daa7-87e8-4869-bc5e-af81942e90be', 1, NULL, 2, 'post-image-4.jpg', 'media/posts/post-image-4.jpg', 'image', 'image/jpeg', 1174990, 1920, 1080, NULL, 'Featured image for post 4', 'Caption for image 4', NULL, '{\"large\": \"media/posts/thumbnails/large/post-image-4.jpg\", \"small\": \"media/posts/thumbnails/small/post-image-4.jpg\", \"medium\": \"media/posts/thumbnails/medium/post-image-4.jpg\"}', 1, 0, 'posts/2026', '[\"post\", \"featured\", \"content\"]', '2026-03-03 17:44:04', '2026-03-09 15:41:27', '2026-03-09 15:41:27'),
(5, '3705611d-a1e7-42e5-887c-1de0e01877cc', 1, NULL, 2, 'post-image-5.jpg', 'media/posts/post-image-5.jpg', 'image', 'image/jpeg', 1753569, 1920, 1080, NULL, 'Featured image for post 5', 'Caption for image 5', NULL, '{\"large\": \"media/posts/thumbnails/large/post-image-5.jpg\", \"small\": \"media/posts/thumbnails/small/post-image-5.jpg\", \"medium\": \"media/posts/thumbnails/medium/post-image-5.jpg\"}', 1, 0, 'posts/general', '[\"post\", \"featured\", \"content\"]', '2026-03-03 17:44:04', '2026-03-09 15:48:06', '2026-03-09 15:48:06'),
(6, '6a703a23-506c-4b94-b8b4-392e0bcd68ec', 1, NULL, 3, 'post-image-6.jpg', 'media/posts/post-image-6.jpg', 'image', 'image/jpeg', 560733, 1920, 1080, NULL, 'Featured image for post 6', 'Caption for image 6', NULL, '{\"large\": \"media/posts/thumbnails/large/post-image-6.jpg\", \"small\": \"media/posts/thumbnails/small/post-image-6.jpg\", \"medium\": \"media/posts/thumbnails/medium/post-image-6.jpg\"}', 1, 0, 'posts/general', '[\"post\", \"featured\", \"content\"]', '2026-03-03 17:44:04', '2026-03-03 17:44:04', NULL),
(7, '64880786-e2b0-4e4c-a5a0-d917f074a5f5', 1, NULL, 3, 'post-image-7.jpg', 'media/posts/post-image-7.jpg', 'image', 'image/jpeg', 531072, 1920, 1080, NULL, 'Featured image for post 7', 'Caption for image 7', NULL, '{\"large\": \"media/posts/thumbnails/large/post-image-7.jpg\", \"small\": \"media/posts/thumbnails/small/post-image-7.jpg\", \"medium\": \"media/posts/thumbnails/medium/post-image-7.jpg\"}', 1, 0, 'posts/2026', '[\"post\", \"featured\", \"content\"]', '2026-03-03 17:44:04', '2026-03-09 15:48:38', '2026-03-09 15:48:38'),
(8, 'a56a1e3e-0d7b-4717-82e8-a4959a548ea0', 2, NULL, 4, 'post-image-1.jpg', 'media/posts/post-image-1.jpg', 'image', 'image/jpeg', 1772082, 1920, 1080, NULL, 'Featured image for post 1', 'Caption for image 1', NULL, '{\"large\": \"media/posts/thumbnails/large/post-image-1.jpg\", \"small\": \"media/posts/thumbnails/small/post-image-1.jpg\", \"medium\": \"media/posts/thumbnails/medium/post-image-1.jpg\"}', 1, 0, 'posts/general', '[\"post\", \"featured\", \"content\"]', '2026-03-03 17:44:05', '2026-03-03 18:05:45', '2026-03-03 18:05:45'),
(9, 'e6ab6aa6-0f9c-4c4a-ab18-30098e5b0721', 2, NULL, 4, 'post-image-2.jpg', 'media/posts/post-image-2.jpg', 'image', 'image/jpeg', 719540, 1920, 1080, NULL, 'Featured image for post 2', 'Caption for image 2', NULL, '{\"large\": \"media/posts/thumbnails/large/post-image-2.jpg\", \"small\": \"media/posts/thumbnails/small/post-image-2.jpg\", \"medium\": \"media/posts/thumbnails/medium/post-image-2.jpg\"}', 1, 0, 'events/ikwa-awards', '[\"post\", \"featured\", \"content\"]', '2026-03-03 17:44:05', '2026-03-03 17:44:05', NULL),
(10, 'b4e5d818-66ba-48e0-9744-3d556419dc10', 2, NULL, 4, 'post-image-3.jpg', 'media/posts/post-image-3.jpg', 'image', 'image/jpeg', 553324, 1920, 1080, NULL, 'Featured image for post 3', 'Caption for image 3', NULL, '{\"large\": \"media/posts/thumbnails/large/post-image-3.jpg\", \"small\": \"media/posts/thumbnails/small/post-image-3.jpg\", \"medium\": \"media/posts/thumbnails/medium/post-image-3.jpg\"}', 1, 0, 'posts/general', '[\"post\", \"featured\", \"content\"]', '2026-03-03 17:44:05', '2026-03-03 18:10:35', '2026-03-03 18:10:35'),
(11, '802efabe-2e35-4eb8-a919-33f7a86a6c76', 2, NULL, 4, 'post-image-4.jpg', 'media/posts/post-image-4.jpg', 'image', 'image/jpeg', 1337262, 1920, 1080, NULL, 'Featured image for post 4', 'Caption for image 4', NULL, '{\"large\": \"media/posts/thumbnails/large/post-image-4.jpg\", \"small\": \"media/posts/thumbnails/small/post-image-4.jpg\", \"medium\": \"media/posts/thumbnails/medium/post-image-4.jpg\"}', 1, 0, 'posts/general', '[\"post\", \"featured\", \"content\"]', '2026-03-03 17:44:05', '2026-03-09 15:41:27', '2026-03-09 15:41:27'),
(12, 'f6e84d9e-79fb-4afa-9326-018d5b90ccc4', 2, NULL, 4, 'post-image-5.jpg', 'media/posts/post-image-5.jpg', 'image', 'image/jpeg', 767074, 1920, 1080, NULL, 'Featured image for post 5', 'Caption for image 5', NULL, '{\"large\": \"media/posts/thumbnails/large/post-image-5.jpg\", \"small\": \"media/posts/thumbnails/small/post-image-5.jpg\", \"medium\": \"media/posts/thumbnails/medium/post-image-5.jpg\"}', 1, 0, 'posts/2026', '[\"post\", \"featured\", \"content\"]', '2026-03-03 17:44:05', '2026-03-09 15:48:06', '2026-03-09 15:48:06'),
(13, '76bc72ed-ce25-4ea2-b07c-ce86742db1f0', 2, NULL, 4, 'post-image-6.jpg', 'media/posts/post-image-6.jpg', 'image', 'image/jpeg', 1371529, 1920, 1080, NULL, 'Featured image for post 6', 'Caption for image 6', NULL, '{\"large\": \"media/posts/thumbnails/large/post-image-6.jpg\", \"small\": \"media/posts/thumbnails/small/post-image-6.jpg\", \"medium\": \"media/posts/thumbnails/medium/post-image-6.jpg\"}', 1, 0, 'posts/2026', '[\"post\", \"featured\", \"content\"]', '2026-03-03 17:44:05', '2026-03-03 17:44:05', NULL),
(14, '7e39e001-9151-4720-96e0-8fac7b1ed0e0', 2, NULL, 4, 'post-image-7.jpg', 'media/posts/post-image-7.jpg', 'image', 'image/jpeg', 1144142, 1920, 1080, NULL, 'Featured image for post 7', 'Caption for image 7', NULL, '{\"large\": \"media/posts/thumbnails/large/post-image-7.jpg\", \"small\": \"media/posts/thumbnails/small/post-image-7.jpg\", \"medium\": \"media/posts/thumbnails/medium/post-image-7.jpg\"}', 1, 0, 'events/ikwa-awards', '[\"post\", \"featured\", \"content\"]', '2026-03-03 17:44:05', '2026-03-09 15:48:38', '2026-03-09 15:48:38'),
(15, '87b8bc84-a998-4b0f-baa9-e33bbb9c2a7a', 1, NULL, 2, 'mn27ShrdLbSS9vqrgb2pA6PVC5Z1oJf029ayk1yr.webp', 'posts/featured-images/mn27ShrdLbSS9vqrgb2pA6PVC5Z1oJf029ayk1yr.webp', 'image', 'image/webp', 328224, NULL, NULL, NULL, 'Top 10 Event Management Tips for 2026', NULL, NULL, NULL, 1, 0, 'posts/featured-images', NULL, '2026-03-03 18:23:17', '2026-03-03 18:23:17', NULL),
(16, 'd5d2e5fc-f808-46ba-abb7-4882921dd44d', 1, NULL, 3, 'GUKXmIsg0l8a2lydiCt5W2fxQhRnqOYIYYtaEZ4n.webp', 'posts/featured-images/GUKXmIsg0l8a2lydiCt5W2fxQhRnqOYIYYtaEZ4n.webp', 'image', 'image/webp', 169802, NULL, NULL, NULL, 'Understanding Ticket Types and Pricing Strategies', NULL, NULL, NULL, 1, 0, 'posts/featured-images', NULL, '2026-03-03 18:23:17', '2026-03-03 18:23:17', NULL);

-- --------------------------------------------------------

--
-- Table structure for table `migrations`
--

CREATE TABLE `migrations` (
  `id` int UNSIGNED NOT NULL,
  `migration` varchar(255) COLLATE utf8mb4_unicode_ci NOT NULL,
  `batch` int NOT NULL
) ENGINE=InnoDB DEFAULT CHARSET=utf8mb4 COLLATE=utf8mb4_unicode_ci;

--
-- Dumping data for table `migrations`
--

INSERT INTO `migrations` (`id`, `migration`, `batch`) VALUES
(1, '0000_01_01_000001_create_clients_table', 1),
(2, '0001_01_01_000000_create_users_table', 1),
(3, '0001_01_01_000001_create_cache_table', 1),
(4, '0001_01_01_000002_create_jobs_table', 1),
(5, '2024_01_01_000008_create_settings_table', 1),
(6, '2024_01_01_000009_create_activity_logs_table', 1),
(7, '2024_01_01_000010_create_audit_trails_table', 1),
(8, '2026_02_03_000001_create_event_categories_table', 1),
(9, '2026_02_03_000002_create_events_table', 1),
(10, '2026_02_03_000003_create_event_settings_table', 1),
(11, '2026_02_03_000004_create_nominee_categories_table', 1),
(12, '2026_02_03_000005_create_nominees_table', 1),
(13, '2026_02_03_000006_create_event_sponsors_table', 1),
(14, '2026_02_03_000007_create_event_judges_table', 1),
(15, '2026_02_03_000008_create_event_schedules_table', 1),
(16, '2026_02_03_000009_create_event_media_table', 1),
(17, '2026_02_03_000010_create_vote_bundles_table', 1),
(18, '2026_02_03_000011_create_vote_transactions_table', 1),
(19, '2026_02_03_000012_create_votes_table', 1),
(20, '2026_02_03_000013_create_vote_sessions_table', 1),
(21, '2026_02_03_000014_create_voting_codes_table', 1),
(22, '2026_02_03_000015_create_vote_statistics_table', 1),
(23, '2026_02_03_000016_create_polls_table', 1),
(24, '2026_02_03_000017_create_poll_options_table', 1),
(25, '2026_02_03_000018_create_poll_responses_table', 1),
(26, '2026_02_03_000019_create_event_managers_table', 1),
(27, '2026_02_03_000020_create_event_registrations_table', 1),
(28, '2026_02_03_000021_create_event_attendees_table', 1),
(29, '2026_02_03_000022_create_event_speakers_table', 1),
(30, '2026_02_03_000023_create_event_venues_table', 1),
(31, '2026_02_03_000024_create_event_feedback_table', 1),
(32, '2026_02_03_000025_create_event_notifications_table', 1),
(33, '2026_02_03_000026_create_voting_categories_table', 1),
(34, '2026_02_03_000027_create_voting_candidates_table', 1),
(35, '2026_02_03_000028_create_voting_results_table', 1),
(36, '2026_02_03_000029_create_voting_settings_table', 1),
(37, '2026_02_03_000030_create_voting_audit_logs_table', 1),
(38, '2026_02_03_000031_create_voting_delegates_table', 1),
(39, '2026_02_03_000032_create_voting_announcements_table', 1),
(40, '2026_02_03_000033_create_poll_questions_table', 1),
(41, '2026_02_03_000034_create_poll_analytics_table', 1),
(42, '2026_02_03_000035_create_poll_settings_table', 1),
(43, '2026_02_03_092737_create_permission_tables', 1),
(44, '2026_02_03_103756_create_ticket_types_table', 1),
(45, '2026_02_03_103855_create_promo_codes_table', 1),
(46, '2026_02_03_103856_create_ticket_purchases_table', 1),
(47, '2026_02_03_103857_create_ticket_purchase_items_table', 1),
(48, '2026_02_03_103857_create_tickets_table', 1),
(49, '2026_02_03_103858_create_ticket_qr_codes_table', 1),
(50, '2026_02_03_103859_create_ticket_check_ins_table', 1),
(51, '2026_02_03_103859_create_ticket_transfers_table', 1),
(52, '2026_02_03_103900_create_ticket_refunds_table', 1),
(53, '2026_02_03_103901_create_promo_code_usages_table', 1),
(54, '2026_02_03_110001_create_transactions_table', 1),
(55, '2026_02_03_110002_create_commission_splits_table', 1),
(56, '2026_02_03_110003_create_client_balances_table', 1),
(57, '2026_02_03_110004_create_payment_accounts_table', 1),
(58, '2026_02_03_110005_create_payouts_table', 1),
(59, '2026_02_03_110006_create_payout_items_table', 1),
(60, '2026_02_03_110007_create_refunds_table', 1),
(61, '2026_02_03_110008_create_revenue_reports_table', 1),
(62, '2026_02_03_110009_create_invoices_table', 1),
(63, '2026_02_03_110010_create_invoice_items_table', 1),
(64, '2026_02_03_120840_add_commission_rate_to_clients_table', 1),
(65, '2026_02_03_152614_create_post_categories_table', 1),
(66, '2026_02_03_152615_create_tags_table', 1),
(67, '2026_02_03_152616_create_posts_table', 1),
(68, '2026_02_03_152617_create_post_tag_table', 1),
(69, '2026_02_03_152618_create_comments_table', 1),
(70, '2026_02_03_152619_create_media_table', 1),
(71, '2026_02_03_152620_create_pages_table', 1),
(72, '2026_02_03_152621_create_content_blocks_table', 1),
(73, '2026_02_03_160001_create_notifications_table', 1),
(74, '2026_02_03_160002_create_email_templates_table', 1),
(75, '2026_02_03_160003_create_sms_templates_table', 1),
(76, '2026_02_05_081816_add_auth_fields_to_users_table', 1),
(77, '2026_02_05_081816_create_two_factor_tokens_table', 1),
(78, '2026_02_05_081818_create_organization_invitations_table', 1),
(79, '2026_02_05_112922_remove_unique_constraint_from_clients_email', 1),
(80, '2026_02_05_171427_add_type_to_clients_table', 1),
(81, '2026_02_07_120205_create_activity_log_table', 1),
(82, '2026_02_07_120338_add_event_column_to_activity_log_table', 1),
(83, '2026_02_07_120345_add_batch_uuid_column_to_activity_log_table', 1),
(84, '2026_02_09_123433_create_payment_gateway_settings_table', 1),
(85, '2026_02_09_123517_create_payment_gateway_logs_table', 1),
(86, '2026_02_09_130132_update_payment_gateway_columns_to_longtext', 1),
(87, '2026_02_09_194208_fix_events_table_schema', 1),
(88, '2026_02_10_094640_add_commission_rates_to_clients_table', 1),
(89, '2026_02_10_094717_add_commission_and_revenue_fields_to_events_table', 1),
(90, '2026_02_12_114436_add_voting_links_to_nominee_categories_table', 1),
(91, '2026_02_12_114708_add_voting_candidate_link_to_nominees_table', 1),
(92, '2026_02_12_120132_add_nomination_config_to_nominee_categories_table', 1),
(93, '2026_02_12_121954_add_nomination_data_to_nominees_table', 2),
(94, '2026_02_12_131701_add_selection_rules_to_nominee_categories_table', 3),
(95, '2026_02_12_160712_add_missing_columns_to_events_table', 4),
(96, '2026_02_26_000001_update_event_sponsors_tier_column', 5),
(97, '2026_02_26_000002_change_type_to_varchar_in_event_schedules', 6),
(98, '2026_03_02_000001_create_event_galleries_table', 7),
(99, '2026_03_02_000002_create_event_faqs_table', 7),
(100, '2026_03_02_000003_create_event_documents_table', 7),
(101, '2026_03_02_000005_add_venue_id_to_events_table', 8),
(102, '2026_03_02_000004_add_option_image_to_poll_options_table', 9),
(103, '2026_03_02_000005_extend_poll_type_enum', 10),
(104, '2026_03_03_000001_add_notes_to_payouts_table', 11),
(105, '2026_03_03_093704_add_customer_fields_to_invoices_table', 12),
(106, '2026_03_04_134959_normalize_role_names', 13),
(107, '2026_03_05_000001_nullify_client_id_on_superadmin_standalone_polls', 14),
(108, '2026_03_05_100001_add_approval_statuses_to_events_table', 15),
(109, '2026_03_09_202442_add_paystack_to_ticket_purchases_payment_method', 16),
(110, '2026_03_10_000001_add_paystack_to_vote_transactions_payment_method', 17),
(111, '2026_03_11_103701_fix_voter_phone_nullable_in_vote_transactions', 18),
(112, '2026_03_13_000001_add_paystack_subaccount_to_clients_table', 18),
(113, '2026_03_13_000002_add_gateway_fee_to_commission_splits_table', 18),
(114, '2026_03_13_000003_expand_commission_type_enum', 19),
(115, '2026_03_15_000001_add_attendee_fields_to_ticket_types_table', 20),
(116, '2026_03_15_000002_create_email_logs_table', 21),
(117, '2026_03_15_000001_add_airtel_money_to_ticket_purchases_payment_method', 22),
(118, '2026_03_15_000003_add_country_to_transactions_tables', 23),
(119, '2026_03_15_000004_create_contacts_table', 24);

-- --------------------------------------------------------

--
-- Table structure for table `model_has_permissions`
--

CREATE TABLE `model_has_permissions` (
  `permission_id` bigint UNSIGNED NOT NULL,
  `model_type` varchar(255) COLLATE utf8mb4_unicode_ci NOT NULL,
  `model_id` bigint UNSIGNED NOT NULL
) ENGINE=InnoDB DEFAULT CHARSET=utf8mb4 COLLATE=utf8mb4_unicode_ci;

-- --------------------------------------------------------

--
-- Table structure for table `model_has_roles`
--

CREATE TABLE `model_has_roles` (
  `role_id` bigint UNSIGNED NOT NULL,
  `model_type` varchar(255) COLLATE utf8mb4_unicode_ci NOT NULL,
  `model_id` bigint UNSIGNED NOT NULL
) ENGINE=InnoDB DEFAULT CHARSET=utf8mb4 COLLATE=utf8mb4_unicode_ci;

--
-- Dumping data for table `model_has_roles`
--

INSERT INTO `model_has_roles` (`role_id`, `model_type`, `model_id`) VALUES
(7, 'App\\Models\\User', 1),
(2, 'App\\Models\\User', 2),
(3, 'App\\Models\\User', 3),
(2, 'App\\Models\\User', 4),
(2, 'App\\Models\\User', 5),
(4, 'App\\Models\\User', 6),
(2, 'App\\Models\\User', 7),
(2, 'App\\Models\\User', 8),
(2, 'App\\Models\\User', 9),
(3, 'App\\Models\\User', 10),
(2, 'App\\Models\\User', 11),
(2, 'App\\Models\\User', 12),
(2, 'App\\Models\\User', 13);

-- --------------------------------------------------------

--
-- Table structure for table `nominees`
--

CREATE TABLE `nominees` (
  `id` bigint UNSIGNED NOT NULL,
  `uuid` char(36) COLLATE utf8mb4_unicode_ci NOT NULL,
  `event_id` bigint UNSIGNED NOT NULL,
  `category_id` bigint UNSIGNED NOT NULL,
  `voting_candidate_id` bigint UNSIGNED DEFAULT NULL,
  `code` varchar(20) COLLATE utf8mb4_unicode_ci NOT NULL,
  `name` varchar(255) COLLATE utf8mb4_unicode_ci NOT NULL,
  `slug` varchar(255) COLLATE utf8mb4_unicode_ci NOT NULL,
  `subtitle` varchar(255) COLLATE utf8mb4_unicode_ci DEFAULT NULL,
  `description` text COLLATE utf8mb4_unicode_ci,
  `nomination_data` json DEFAULT NULL,
  `image` varchar(500) COLLATE utf8mb4_unicode_ci DEFAULT NULL,
  `thumbnail` varchar(500) COLLATE utf8mb4_unicode_ci DEFAULT NULL,
  `video_url` varchar(500) COLLATE utf8mb4_unicode_ci DEFAULT NULL,
  `social_links` json DEFAULT NULL,
  `contact_email` varchar(255) COLLATE utf8mb4_unicode_ci DEFAULT NULL,
  `contact_phone` varchar(20) COLLATE utf8mb4_unicode_ci DEFAULT NULL,
  `sort_order` int NOT NULL DEFAULT '0',
  `is_active` tinyint(1) NOT NULL DEFAULT '1',
  `status` enum('pending','approved','rejected','promoted') COLLATE utf8mb4_unicode_ci NOT NULL DEFAULT 'pending',
  `is_winner` tinyint(1) NOT NULL DEFAULT '0',
  `winner_position` tinyint UNSIGNED DEFAULT NULL,
  `votes_count` bigint UNSIGNED NOT NULL DEFAULT '0',
  `votes_amount` decimal(15,2) NOT NULL DEFAULT '0.00',
  `meta` json DEFAULT NULL,
  `created_at` timestamp NULL DEFAULT NULL,
  `updated_at` timestamp NULL DEFAULT NULL,
  `deleted_at` timestamp NULL DEFAULT NULL
) ENGINE=InnoDB DEFAULT CHARSET=utf8mb4 COLLATE=utf8mb4_unicode_ci;

--
-- Dumping data for table `nominees`
--

INSERT INTO `nominees` (`id`, `uuid`, `event_id`, `category_id`, `voting_candidate_id`, `code`, `name`, `slug`, `subtitle`, `description`, `nomination_data`, `image`, `thumbnail`, `video_url`, `social_links`, `contact_email`, `contact_phone`, `sort_order`, `is_active`, `status`, `is_winner`, `winner_position`, `votes_count`, `votes_amount`, `meta`, `created_at`, `updated_at`, `deleted_at`) VALUES
(116, '62f4eed0-074e-48f3-9578-40db967df76a', 55, 44, 361, 'PZKADT', 'Jane Wanjiku', 'jane-wanjiku', 'County Governor', 'Nairobi', NULL, NULL, NULL, NULL, NULL, NULL, NULL, 0, 1, 'approved', 0, NULL, 0, 0.00, NULL, '2026-03-06 07:32:47', '2026-03-06 10:00:42', NULL),
(117, 'bb627457-b855-4368-90c8-ebbabb1b92e0', 55, 44, 362, 'ONHHTE', 'Aisha Mohamed', 'aisha-mohamed', 'CS Health', 'Mombasa', NULL, NULL, NULL, NULL, NULL, NULL, NULL, 1, 1, 'approved', 0, NULL, 0, 0.00, NULL, '2026-03-06 07:32:47', '2026-03-06 10:00:42', NULL),
(118, 'dcae235d-83e6-4410-aefa-c7f07e8b5e23', 55, 44, 363, 'SUKITB', 'Grace Njeri', 'grace-njeri', 'CEO NGO', 'Kiambu', NULL, NULL, NULL, NULL, NULL, NULL, NULL, 2, 1, 'approved', 0, NULL, 0, 0.00, NULL, '2026-03-06 07:32:47', '2026-03-06 10:00:42', NULL),
(119, '3e88ea53-188c-4c81-88b4-17e6a4805384', 55, 44, 364, 'QEQNSE', 'Beatrice Otieno', 'beatrice-otieno', 'MP', 'Kisumu', NULL, NULL, NULL, NULL, NULL, NULL, NULL, 3, 1, 'approved', 0, NULL, 0, 0.00, NULL, '2026-03-06 07:32:47', '2026-03-06 10:00:42', NULL),
(120, '2a51b17f-1efb-4d94-893c-9e997990c809', 55, 44, 365, 'VC6WAW', 'Sarah Kamau', 'sarah-kamau', 'Director Public Service', 'Nakuru', NULL, NULL, NULL, NULL, NULL, NULL, NULL, 4, 1, 'approved', 0, NULL, 0, 0.00, NULL, '2026-03-06 07:32:47', '2026-03-06 10:00:42', NULL),
(121, 'b54699e4-f94d-4b33-bfcb-097b82db2a50', 55, 44, 366, 'V4YWG5', 'Mercy Wangari', 'mercy-wangari', 'Principal', 'Narok', NULL, NULL, NULL, NULL, NULL, NULL, NULL, 5, 1, 'approved', 0, NULL, 0, 0.00, NULL, '2026-03-06 07:32:47', '2026-03-06 10:00:42', NULL),
(122, '2e756df8-b257-4c7f-b33e-d15d5f19bb6d', 55, 45, 367, 'PTM4IQ', 'Fatuma Hassan', 'fatuma-hassan', 'Founder Fintech', 'Nairobi', NULL, NULL, NULL, NULL, NULL, NULL, NULL, 0, 1, 'approved', 0, 2, 0, 0.00, NULL, '2026-03-06 07:32:47', '2026-03-10 06:09:39', NULL),
(123, 'feb42b78-628c-43f3-b815-3bd06e9ee753', 55, 45, 368, 'BC59NS', 'Lilian Mwangi', 'lilian-mwangi', 'CEO Manufacturing', 'Thika', NULL, NULL, NULL, NULL, NULL, NULL, NULL, 1, 1, 'approved', 0, 2, 0, 0.00, NULL, '2026-03-06 07:32:47', '2026-03-10 06:09:39', NULL),
(124, '52e6c663-e78a-4907-a8df-2d57d473375c', 55, 45, 369, 'SCOF4Y', 'Rose Kimani', 'rose-kimani', 'Agribusiness', 'Eldoret', NULL, NULL, NULL, NULL, NULL, NULL, NULL, 2, 1, 'approved', 1, 1, 1000, 2500.00, NULL, '2026-03-06 07:32:47', '2026-03-10 06:09:39', NULL),
(125, '17c4959b-bf5d-435d-af22-8cc0a3852737', 55, 45, 370, 'LBHW6O', 'Charity Odhiambo', 'charity-odhiambo', 'Retail Chain', 'Kisumu', NULL, NULL, NULL, NULL, NULL, NULL, NULL, 3, 1, 'approved', 0, 2, 0, 0.00, NULL, '2026-03-06 07:32:47', '2026-03-10 06:09:39', NULL),
(126, 'fa3a68e9-66f0-4d96-a7d2-1b3091dbcfd3', 55, 45, 371, '04YTVM', 'Ann Waweru', 'ann-waweru', 'Real Estate', 'Nairobi', NULL, NULL, NULL, NULL, NULL, NULL, NULL, 4, 1, 'approved', 0, 2, 0, 0.00, NULL, '2026-03-06 07:32:47', '2026-03-10 06:09:39', NULL),
(127, '52e50bc5-7ad4-4e0d-b3a3-338f92ede589', 55, 45, 372, '1HQAVW', 'Debra Muthoni', 'debra-muthoni', 'Export Business', 'Nyeri', NULL, NULL, NULL, NULL, NULL, NULL, NULL, 5, 1, 'approved', 0, 2, 0, 0.00, NULL, '2026-03-06 07:32:47', '2026-03-10 06:09:39', NULL),
(128, '9c615651-9906-4f97-bc4c-4bd5ce8fdf43', 55, 46, 373, 'QZQWKB', 'Diana Omondi', 'diana-omondi', 'Media Personality', 'Nairobi', NULL, NULL, NULL, NULL, NULL, NULL, NULL, 0, 1, 'approved', 0, 3, 3100, 7850.00, NULL, '2026-03-06 07:32:47', '2026-03-14 17:16:34', NULL),
(129, '26d2efcb-8c91-4c61-974f-b04945e5f5a5', 55, 46, 374, 'EMKZQX', 'Joyce Muthami', 'joyce-muthami', 'Artist', 'Machakos', NULL, NULL, NULL, NULL, NULL, NULL, NULL, 1, 1, 'approved', 0, 5, 0, 0.00, NULL, '2026-03-06 07:32:47', '2026-03-14 13:55:24', NULL),
(130, 'af0e831e-860d-47ed-b7a1-13285c05de43', 55, 46, 375, 'EQSPFP', 'Purity Njeri', 'purity-njeri', 'Author', 'Nairobi', NULL, NULL, NULL, NULL, NULL, NULL, NULL, 2, 1, 'approved', 0, 4, 1100, 2900.00, NULL, '2026-03-06 07:32:47', '2026-03-14 17:36:19', NULL),
(131, '512bd09d-afe6-4722-bcab-b7aa2af6a9cb', 55, 46, 376, 'FIRPBP', 'Esther Achieng', 'esther-achieng', 'Youth Activist', 'Kisumu', NULL, NULL, NULL, NULL, NULL, NULL, NULL, 3, 1, 'approved', 0, 2, 6010, 27550.00, NULL, '2026-03-06 07:32:47', '2026-03-14 17:16:34', NULL),
(132, 'a53af8fa-4a80-4b0e-a352-d59f91bd9e38', 55, 46, 377, 'N4ELV7', 'Vivian Kamoto', 'vivian-kamoto', 'Fashion Designer', 'Mombasa', NULL, NULL, NULL, NULL, NULL, NULL, NULL, 4, 1, 'approved', 1, 1, 6050, 30200.00, NULL, '2026-03-06 07:32:47', '2026-03-14 14:43:44', NULL),
(133, 'f81a0560-b726-47a4-92e2-c72efdf8da0f', 55, 46, 378, 'LCQX8D', 'Hellen Chepng\'eno', 'hellen-chepngeno', 'Marathon Champion', 'Eldoret', NULL, NULL, NULL, NULL, NULL, NULL, NULL, 5, 1, 'approved', 0, 5, 0, 0.00, NULL, '2026-03-06 07:32:47', '2026-03-14 13:55:24', NULL),
(134, '6b8d128c-78d7-4e1d-918a-eb9fb69505c2', 55, 47, 379, 'LZOIUL', 'Amina Yusuf', 'amina-yusuf', 'Student', 'Nairobi', NULL, NULL, NULL, NULL, NULL, NULL, NULL, 0, 1, 'approved', 0, 2, 0, 0.00, NULL, '2026-03-06 07:32:47', '2026-03-14 14:39:05', NULL),
(135, 'acfb9de4-3034-4829-86b9-509d133a9bb7', 55, 47, 380, 'X8A5SF', 'Carol Mwangi', 'carol-mwangi', 'Entrepreneur', 'Thika', NULL, NULL, NULL, NULL, NULL, NULL, NULL, 1, 1, 'approved', 0, 2, 0, 0.00, NULL, '2026-03-06 07:32:47', '2026-03-14 14:39:05', NULL),
(136, '89f58101-09f6-4287-b0ac-4fd92170d60b', 55, 47, 381, 'J394BW', 'Sharon Gathoni', 'sharon-gathoni', 'Model', 'Nairobi', NULL, NULL, NULL, NULL, NULL, NULL, NULL, 2, 1, 'approved', 0, 2, 0, 0.00, NULL, '2026-03-06 07:32:47', '2026-03-14 14:39:05', NULL),
(137, '4af5e259-2598-4bc5-9a41-165de835ee52', 55, 47, 382, '36WYDU', 'Tabitha Wanjiku', 'tabitha-wanjiku', 'Content Creator', 'Kisumu', NULL, NULL, NULL, NULL, NULL, NULL, NULL, 3, 1, 'approved', 1, 1, 5000, 25000.00, NULL, '2026-03-06 07:32:47', '2026-03-14 14:39:05', NULL),
(138, '169ee2ca-11ae-4660-9efb-4a21eacb502c', 55, 47, 383, 'E14KXK', 'Faith Maina', 'faith-maina', 'Community Leader', 'Nakuru', NULL, NULL, NULL, NULL, NULL, NULL, NULL, 4, 1, 'approved', 0, 2, 0, 0.00, NULL, '2026-03-06 07:32:47', '2026-03-14 14:39:05', NULL),
(139, 'e684e063-47e5-4f07-a1b1-04a6b68a72d2', 55, 47, 384, 'KZR0V8', 'Lucy Chebet', 'lucy-chebet', 'Athlete', 'Eldoret', NULL, NULL, NULL, NULL, NULL, NULL, NULL, 5, 1, 'approved', 0, 2, 0, 0.00, NULL, '2026-03-06 07:32:47', '2026-03-14 14:39:05', NULL),
(180, '2a0de374-1575-4136-bf8d-8ebb6c276878', 55, 57, NULL, 'FC49A9', 'Amina Osman', 'amina-osman', 'Community Organiser', 'Mombasa', NULL, NULL, NULL, NULL, NULL, NULL, NULL, 1, 1, 'approved', 0, NULL, 42, 0.00, NULL, '2026-03-10 08:03:26', '2026-03-10 08:03:26', NULL),
(181, '3d6ec387-7876-45e7-b22b-ee27664de91d', 55, 57, NULL, '593BE1', 'Purity Wanjiku', 'purity-wanjiku', 'Grassroots Advocate', 'Kiambu', NULL, NULL, NULL, NULL, NULL, NULL, NULL, 2, 1, 'approved', 0, NULL, 38, 0.00, NULL, '2026-03-10 08:03:26', '2026-03-10 08:03:26', NULL),
(182, 'eb2d800a-8ed9-433b-894c-27b4309daeea', 55, 57, NULL, '054D3F', 'Eunice Achieng', 'eunice-achieng', 'Social Entrepreneur', 'Kisumu', NULL, NULL, NULL, NULL, NULL, NULL, NULL, 3, 1, 'approved', 0, NULL, 61, 0.00, NULL, '2026-03-10 08:03:26', '2026-03-10 08:03:26', NULL),
(183, '3a90178d-8e86-4752-9621-534f6b29d342', 55, 57, NULL, 'A655CF', 'Beatrice Rotich', 'beatrice-rotich', 'Youth Mentor', 'Nandi', NULL, NULL, NULL, NULL, NULL, NULL, NULL, 4, 1, 'approved', 0, NULL, 29, 0.00, NULL, '2026-03-10 08:03:26', '2026-03-10 08:03:26', NULL),
(184, '6dd25f86-10e2-41ab-b36d-ff3a5f8ebab4', 55, 57, NULL, '1357E7', 'Grace Muthoni', 'grace-muthoni', 'Health Worker', 'Muranga', NULL, NULL, NULL, NULL, NULL, NULL, NULL, 5, 1, 'approved', 0, NULL, 54, 0.00, NULL, '2026-03-10 08:03:26', '2026-03-10 08:03:26', NULL),
(185, '9eaae395-d083-476c-a33b-cb223952cf23', 60, 59, NULL, 'TBI001', 'Amina Wanjiru', 'amina-wanjiru-60', 'Founder, GreenTech Africa', 'Pioneered affordable solar energy solutions across rural Kenya, connecting over 50,000 homes to clean electricity.', NULL, NULL, NULL, NULL, NULL, NULL, NULL, 1, 1, 'approved', 0, NULL, 0, 0.00, NULL, '2026-03-11 07:06:41', '2026-03-11 07:06:41', NULL),
(186, '5eff27d1-8dba-4578-add0-3a153a3d267c', 60, 59, NULL, 'TBI002', 'James Otieno', 'james-otieno-60', 'CEO, AgriLink Kenya', 'Built a digital marketplace connecting 10,000 smallholder farmers directly to buyers, cutting out middlemen and increasing farmer income by 35%.', NULL, NULL, NULL, NULL, NULL, NULL, NULL, 2, 1, 'approved', 0, NULL, 0, 0.00, NULL, '2026-03-11 07:06:41', '2026-03-11 07:06:41', NULL),
(187, 'ec60c158-2592-4b71-b015-7ddff223cf53', 60, 59, NULL, 'TBI003', 'Grace Muthoni', 'grace-muthoni-60', 'Co-founder, MediPay', 'Developed a micro-insurance platform that makes health cover accessible to Kenya\'s informal sector workers via mobile payments.', NULL, NULL, NULL, NULL, NULL, NULL, NULL, 3, 1, 'approved', 0, NULL, 0, 0.00, NULL, '2026-03-11 07:06:41', '2026-03-11 07:06:41', NULL),
(188, 'df81cc2d-f455-4009-90ef-6b1a9bf1a6e7', 60, 59, NULL, 'TBI004', 'David Kamau', 'david-kamau-60', 'Founder, EduRise Digital', 'Created an offline-first e-learning platform used by 200,000 students in low-connectivity areas across East Africa.', NULL, NULL, NULL, NULL, NULL, NULL, NULL, 4, 1, 'approved', 0, NULL, 0, 0.00, NULL, '2026-03-11 07:06:41', '2026-03-11 07:06:41', NULL),
(189, 'fe17e911-340e-4efd-858c-79b39315094a', 60, 59, NULL, 'TBI005', 'Sarah Chebet', 'sarah-chebet-60', 'Director, LogiMove', 'Digitised last-mile logistics for SMEs in tier-2 towns, reducing delivery costs by 40% through smart route optimisation.', NULL, NULL, NULL, NULL, NULL, NULL, NULL, 5, 1, 'approved', 0, NULL, 0, 0.00, NULL, '2026-03-11 07:06:41', '2026-03-11 07:06:41', NULL),
(190, 'e0e554b5-a84c-4d89-a852-fa4e6fb4ef8e', 62, 62, NULL, 'BST001', 'NovaPay Africa', 'novapay-africa-62', 'Instant cross-border payments', 'This nominee has been approved and is currently in the voting phase.', NULL, NULL, NULL, NULL, NULL, NULL, NULL, 1, 1, 'promoted', 0, NULL, 821, 8210.00, NULL, '2026-03-11 07:06:47', '2026-03-11 07:06:47', NULL),
(191, '57c27191-f049-4693-a749-97efe88f01ad', 62, 62, NULL, 'BST002', 'FarmConnect Kenya', 'farmconnect-kenya-62', 'Digital marketplace for farmers', 'This nominee has been approved and is currently in the voting phase.', NULL, NULL, NULL, NULL, NULL, NULL, NULL, 2, 1, 'promoted', 0, NULL, 654, 6540.00, NULL, '2026-03-11 07:06:47', '2026-03-11 07:06:47', NULL),
(192, '71a9e842-a013-4a70-bffe-c92112176a15', 62, 62, NULL, 'BST003', 'MediBridge EA', 'medibridge-ea-62', 'Telemedicine for rural communities', 'This nominee has been approved and is currently in the voting phase.', NULL, NULL, NULL, NULL, NULL, NULL, NULL, 3, 1, 'promoted', 0, NULL, 510, 5100.00, NULL, '2026-03-11 07:06:47', '2026-03-11 07:06:47', NULL),
(193, 'f628de09-72d7-4af1-b033-054927ac3019', 62, 62, NULL, 'BST004', 'SolarGrid Africa', 'solargrid-africa-62', 'Affordable solar for off-grid homes', 'This nominee has been approved and is currently in the voting phase.', NULL, NULL, NULL, NULL, NULL, NULL, NULL, 4, 1, 'promoted', 0, NULL, 389, 3890.00, NULL, '2026-03-11 07:06:47', '2026-03-11 07:06:47', NULL),
(194, 'f5337d40-e38f-4edd-b064-df1cbbf4dcba', 62, 62, NULL, 'BST005', 'EduFlow Digital', 'eduflow-digital-62', 'Offline-first learning platform', 'This nominee has been approved and is currently in the voting phase.', NULL, NULL, NULL, NULL, NULL, NULL, NULL, 5, 1, 'promoted', 0, NULL, 120, 1200.00, NULL, '2026-03-11 07:06:47', '2026-03-11 07:06:47', NULL),
(195, 'dc0a87c4-8fc6-494b-bfd9-45724144bf89', 62, 63, NULL, 'BDV001', 'Kofi Mensah', 'kofi-mensah-62', 'Full-stack engineer, Lagos', 'This nominee has been approved and is currently in the voting phase.', NULL, NULL, NULL, NULL, NULL, NULL, NULL, 1, 1, 'promoted', 0, NULL, 730, 7300.00, NULL, '2026-03-11 07:06:47', '2026-03-11 07:06:47', NULL),
(196, '8a9ec37e-1dc7-4d49-81e2-29f1d0aad50d', 62, 63, NULL, 'BDV002', 'Aisha Kariuki', 'aisha-kariuki-62', 'ML engineer, Nairobi', 'This nominee has been approved and is currently in the voting phase.', NULL, NULL, NULL, NULL, NULL, NULL, NULL, 2, 1, 'promoted', 0, NULL, 590, 5900.00, NULL, '2026-03-11 07:06:47', '2026-03-11 07:06:47', NULL),
(197, '10deef6e-eacd-4d1a-9636-7eb25978e043', 62, 63, NULL, 'BDV003', 'Samuel Osei', 'samuel-osei-62', 'DevOps architect, Accra', 'This nominee has been approved and is currently in the voting phase.', NULL, NULL, NULL, NULL, NULL, NULL, NULL, 3, 1, 'promoted', 0, NULL, 445, 4450.00, NULL, '2026-03-11 07:06:47', '2026-03-11 07:06:47', NULL),
(198, 'c6875d0b-31f6-43bd-a242-f27897250904', 62, 63, NULL, 'BDV004', 'Nanjira Waweru', 'nanjira-waweru-62', 'Security researcher, Nairobi', 'This nominee has been approved and is currently in the voting phase.', NULL, NULL, NULL, NULL, NULL, NULL, NULL, 4, 1, 'promoted', 0, NULL, 280, 2800.00, NULL, '2026-03-11 07:06:47', '2026-03-11 07:06:47', NULL),
(199, '3520b106-d992-4ffd-8361-7f3d633c57e3', 62, 64, NULL, 'BTP001', 'TuqioVote Platform', 'tuqiovote-platform-62', 'End-to-end voting & awards SaaS', 'This nominee has been approved and is currently in the voting phase.', NULL, NULL, NULL, NULL, NULL, NULL, NULL, 1, 1, 'promoted', 0, NULL, 945, 9450.00, NULL, '2026-03-11 07:06:47', '2026-03-11 07:06:47', NULL),
(200, 'ca7f9acc-1789-4a14-b4dc-5d4c1434d98c', 62, 64, NULL, 'BTP002', 'M-Kilimo App', 'm-kilimo-app-62', 'AI crop advisory via USSD', 'This nominee has been approved and is currently in the voting phase.', NULL, NULL, NULL, NULL, NULL, NULL, NULL, 2, 1, 'promoted', 0, NULL, 670, 6700.00, NULL, '2026-03-11 07:06:47', '2026-03-11 07:06:47', NULL),
(201, 'f9b13199-d2a0-4e57-bb65-09c907378d35', 62, 64, NULL, 'BTP003', 'HealthID Kenya', 'healthid-kenya-62', 'National digital health records', 'This nominee has been approved and is currently in the voting phase.', NULL, NULL, NULL, NULL, NULL, NULL, NULL, 3, 1, 'promoted', 0, NULL, 480, 4800.00, NULL, '2026-03-11 07:06:47', '2026-03-11 07:06:47', NULL),
(202, '6f4ab347-1570-46cd-903d-467ec91dc376', 62, 64, NULL, 'BTP004', 'RideSync EA', 'ridesync-ea-62', 'Multi-modal urban mobility app', 'This nominee has been approved and is currently in the voting phase.', NULL, NULL, NULL, NULL, NULL, NULL, NULL, 4, 1, 'promoted', 0, NULL, 315, 3150.00, NULL, '2026-03-11 07:06:47', '2026-03-11 07:06:47', NULL),
(203, '89640892-649e-481e-ab8f-b812e0d2cf9a', 55, 57, NULL, 'IK0030', 'Joshua Ngumbau John', 'joshua-ngumbau-john', NULL, 'something good i have done', '{\"submitted_at\": \"2026-03-14T13:30:18.379187Z\", \"nominator_name\": \"Joshua Ngumbau John\", \"nominator_email\": \"joshujohn03@gmail.com\", \"nominator_phone\": \"+254757140682\", \"application_answers\": []}', 'voting/nominees/yyYA14J1NAlnFjCRE0jfVmKuvjLRf6mhaX4ieVEE.webp', 'voting/nominees/yyYA14J1NAlnFjCRE0jfVmKuvjLRf6mhaX4ieVEE.webp', NULL, NULL, NULL, NULL, 0, 0, 'pending', 0, NULL, 0, 0.00, NULL, '2026-03-14 10:30:18', '2026-03-14 10:30:18', NULL),
(204, '98614795-558b-4625-a449-c0306875d2c7', 55, 58, NULL, 'IK0031', 'Joshua munene Njagi', 'joshua-munene-njagi', NULL, NULL, '{\"submitted_at\": \"2026-03-14T13:35:13.503044Z\", \"nominator_name\": \"Joshua munene Njagi\", \"nominator_email\": \"joshujohn03@gmail.com\", \"nominator_phone\": \"+256757140682\", \"application_answers\": {\"undefined\": \"Lorem ipsum dolor sit amet consectetur adipiscing elit sem facilisi metus, vestibulum cubilia potenti volutpat risus porttitor fusce elementum bibendum magna dictum, posuere proin feugiat nascetur condimentum ligula ante cursus felis. Curae facilisi non diam lacinia augue vestibulum aliquet maecenas magna venenatis neque, praesent sociosqu est lobortis orci leo ante duis urna porttitor. Nostra lacinia diam aliquet iaculis fermentum risus tellus placerat inceptos interdum eros tristique, ultrices suspendisse nunc ligula urna nisl rutrum odio habitant volutpat.\"}}', NULL, NULL, NULL, NULL, NULL, NULL, 0, 0, 'pending', 0, NULL, 0, 0.00, NULL, '2026-03-14 10:35:13', '2026-03-14 10:35:13', NULL),
(205, '88e0dc7d-8c39-487a-992c-647009328aaf', 55, 58, NULL, 'IK0032', 'Joshua Ngumbau John', 'joshua-ngumbau-john', NULL, NULL, '{\"submitted_at\": \"2026-03-14T13:51:49.843559Z\", \"nominator_name\": \"Joshua Ngumbau John\", \"nominator_email\": \"joshujohn03@gmail.com\", \"nominator_phone\": \"+254757140682\", \"application_answers\": {\"q0\": \"https://www.linkedin.com/analytics/profile-views/\", \"q1\": \"Lorem ipsum dolor sit amet consectetur adipiscing, elit vel purus rhoncus congue. Leo himenaeos mattis aliquam inceptos ultrices velit lacinia, nisi primis varius rutrum mauris eu, ligula mollis posuere placerat felis ullamcorper. Volutpat nostra velit eu pellentesque at torquent cursus senectus mollis, urna inceptos imperdiet dignissim hac litora pharetra vestibulum sem, cum curabitur nisi natoque rutrum fames convallis nam.\", \"q2\": \"4-7 years\", \"q3\": \"kenya\", \"q4\": \"6-20\", \"q5\": \"Lorem ipsum dolor sit amet consectetur adipiscing, elit vel purus rhoncus congue. Leo himenaeos mattis aliquam inceptos ultrices velit lacinia, nisi primis varius rutrum mauris eu, ligula mollis posuere placerat felis ullamcorper. Volutpat nostra velit eu pellentesque at torquent cursus senectus mollis, urna inceptos imperdiet dignissim hac litora pharetra vestibulum sem, cum curabitur nisi natoque rutrum fames convallis nam.\\r\\n\\r\\nLorem ipsum dolor sit amet consectetur adipiscing, elit vel purus rhoncus congue. Leo himenaeos mattis aliquam inceptos ultrices velit lacinia, nisi primis varius rutrum mauris eu, ligula mollis posuere placerat felis ullamcorper. Volutpat nostra velit eu pellentesque at torquent cursus senectus mollis, urna inceptos imperdiet dignissim hac litora pharetra vestibulum sem, cum curabitur nisi natoque rutrum fames convallis nam\", \"q6\": \"Lorem ipsum dolor sit amet consectetur adipiscing, elit vel purus rhoncus congue. Leo himenaeos mattis aliquam inceptos ultrices velit lacinia, nisi primis varius rutrum mauris eu, ligula mollis posuere placerat felis ullamcorper. Volutpat nostra velit eu pellentesque at torquent cursus senectus mollis, urna inceptos imperdiet dignissim hac litora pharetra vestibulum sem, cum curabitur nisi natoque rutrum fames convallis nam.\"}}', 'voting/nominees/E7JKLUuFAM2vE2du1ILhlt5cYISSrn3R8K4u7IBi.webp', 'voting/nominees/E7JKLUuFAM2vE2du1ILhlt5cYISSrn3R8K4u7IBi.webp', NULL, NULL, NULL, NULL, 0, 0, 'pending', 0, NULL, 0, 0.00, NULL, '2026-03-14 10:51:49', '2026-03-14 10:51:49', NULL),
(206, '633a679d-8fad-4bfc-ae24-f3d9ceee022a', 55, 57, NULL, 'IK0033', 'Joshua Testing', 'joshua-testing', NULL, 'Lorem ipsum dolor sit amet consectetur adipiscing elit netus, lobortis interdum duis magnis eleifend aliquam tempor, dictumst litora hendrerit nam id ligula scelerisque. Eros tincidunt mollis purus vivamus tempus neque enim, placerat porttitor diam congue quis donec, consequat cum pharetra dictumst augue sociis. Dis sollicitudin vulputate vitae nullam mollis mattis, pharetra imperdiet tellus vehicu', '{\"submitted_at\": \"2026-03-14T13:57:03.413012Z\", \"nominator_name\": \"Joshua Testing\", \"nominator_email\": \"joshujohn03@gmail.com\", \"nominator_phone\": \"+254757140682\", \"application_answers\": []}', 'voting/nominees/C2qXXT46s3ph425OxZ5L2LhG8r3HKvrnwPhOy7l5.webp', 'voting/nominees/C2qXXT46s3ph425OxZ5L2LhG8r3HKvrnwPhOy7l5.webp', NULL, NULL, NULL, NULL, 0, 0, 'pending', 0, NULL, 0, 0.00, NULL, '2026-03-14 10:57:03', '2026-03-14 10:57:03', NULL),
(207, '0cc4748f-a747-4564-9fd4-f1e891c6a833', 55, 57, NULL, 'IK0034', 'Joshua testing 2', 'joshua-testing-2', NULL, 'Lorem ipsum dolor sit amet consectetur adipiscing elit, ornare metus porta morbi taciti pellentesque, ut commodo ad fames fringilla phasellus. Fermentum faucibus curabitur consequat lacinia tortor per sem quisque ante ligula, sapien proin neque lacus eget pulvinar leo magna egestas. Interdum magna fermentum venenatis lobortis mollis nascetur eros cras feugiat nisl urna nec semper magnis fusce, nibh placerat eget hac arcu accumsan erat ad sociosqu platea sagittis aliquam orci.', '{\"submitted_at\": \"2026-03-14T14:03:15.213749Z\", \"nominator_name\": \"Joshua Ngumbau John\", \"nominator_email\": \"joshujohn03@gmail.com\", \"nominator_phone\": \"+21109771234567\", \"application_answers\": []}', 'voting/nominees/u8NIn4xWKHwOETh0QQSfFpi6ArjhqtZUS9oRpdds.jpg', 'voting/nominees/u8NIn4xWKHwOETh0QQSfFpi6ArjhqtZUS9oRpdds.jpg', NULL, NULL, NULL, NULL, 0, 0, 'pending', 0, NULL, 0, 0.00, NULL, '2026-03-14 11:03:15', '2026-03-14 11:03:15', NULL),
(208, '5b7ff9c2-a9b7-43d1-8dcd-c7c437937ed4', 55, 57, NULL, 'IK0035', 'Joshua Ngumbau John', 'joshua-ngumbau-john-1', NULL, 'Lorem ipsum dolor sit amet consectetur adipiscing elit lacus lobortis, parturient purus eget venenatis suscipit tempor arcu lectus, dictumst sollicitudin aenean fames tristique platea ornare urna. Condimentum praesent iaculis odio vulputate diam fringilla ante, tristique suspendisse purus nibh convallis malesuada nisi montes, hendrerit sodales vel cum potenti ullamcorper. Integer ornare montes posuere arcu donec accumsan, quisque porta conubia viverra nec vulputate, facilisi condimentum taciti fermentum bibendum', '{\"submitted_at\": \"2026-03-14T14:21:38.040637Z\", \"nominator_name\": \"Joshua Ngumbau John\", \"nominator_email\": \"joshujohn03@gmail.com\", \"nominator_phone\": \"+254757140682\", \"application_answers\": []}', 'voting/nominees/gWpKakgg41VMVNlJytOWIL9JvRPBZvWfNql2mxtQ.webp', 'voting/nominees/gWpKakgg41VMVNlJytOWIL9JvRPBZvWfNql2mxtQ.webp', NULL, NULL, NULL, NULL, 0, 0, 'pending', 0, NULL, 0, 0.00, NULL, '2026-03-14 11:21:38', '2026-03-14 11:21:38', NULL),
(209, 'c71f7ffc-9abe-4e20-bf82-b627fbb70196', 55, 57, NULL, 'IK0036', 'joshua john', 'joshua-john', NULL, 'Lorem ipsum dolor sit amet consectetur adipiscing elit ut cras, morbi donec integer magnis duis habitasse sagittis interdum justo, per et vel gravida phasellus pharetra quis cubilia. Auctor et vivamus montes quisque scelerisque platea cras venenatis natoque, cursus dignissim tristique vitae ligula sociis rhoncus varius aliquet, himenaeos urna dictumst quis lacus fusce libero lacinia. Enim iaculis lacus nisl magnis facilisi cras tellus, ut posuere pharetra duis commodo vitae tristique litora, leo porta accumsan libero purus tincidunt.', '{\"submitted_at\": \"2026-03-14T14:25:56.515535Z\", \"nominator_name\": \"joshua john\", \"nominator_email\": \"joshujohn03@gmail.com\", \"nominator_phone\": \"+254757140682\", \"application_answers\": []}', 'voting/nominees/RjzgQImVK3C6tuIiiHGWArKEAAVBOkjL4mmseIzo.webp', 'voting/nominees/RjzgQImVK3C6tuIiiHGWArKEAAVBOkjL4mmseIzo.webp', NULL, NULL, NULL, NULL, 0, 0, 'approved', 0, NULL, 0, 0.00, NULL, '2026-03-14 11:25:56', '2026-03-14 12:04:01', NULL),
(210, 'df128978-685e-46b8-83f0-c133829a4724', 55, 57, NULL, 'IK0037', 'Joshua Ngumbau', 'joshua-ngumbau', NULL, 'Lorem ipsum dolor sit amet consectetur adipiscing elit aptent facilisis justo inceptos, vel ultricies dictum et lacinia egestas facilisi aenean in cum, scelerisque mi leo sem himenaeos magna auctor augue proin est. Pretium lobortis ad placerat etiam congue sagittis nec venenatis conubia, sociosqu pellentesque massa egestas phasellus molestie nibh dui habitasse magna, vivamus sed hendrerit mattis feugiat odio id ligula. Iaculis dictum duis maecenas at sagittis nascetur molestie lacinia mus vivamus dis viverra, potenti natoque imperdiet vulputate quisque rhoncus augue habitasse senectus tellus massa.', '{\"submitted_at\": \"2026-03-14T14:37:19.455168Z\", \"nominator_name\": \"Joshua Ngumbau\", \"nominator_email\": \"joshujohn03@gmail.com\", \"nominator_phone\": \"+254757140682\", \"application_answers\": []}', 'voting/nominees/RQ5p71B2Ri8RIwBmzZhykmRX29rJ2KMd9A4O3O5f.webp', 'voting/nominees/RQ5p71B2Ri8RIwBmzZhykmRX29rJ2KMd9A4O3O5f.webp', NULL, NULL, NULL, NULL, 0, 0, 'pending', 0, NULL, 0, 0.00, NULL, '2026-03-14 11:37:19', '2026-03-14 11:37:19', NULL),
(211, '15f3dc21-29a5-45a6-a7dc-f7adf354c024', 55, 57, NULL, 'IK0038', 'Test Nominee', 'test-nominee', NULL, 'Testing the nomination form speed', '{\"submitted_at\": \"2026-03-14T14:45:17.486748Z\", \"nominator_name\": \"Joshua Munene\", \"nominator_email\": \"joshujohn03@gmail.com\", \"nominator_phone\": \"+254757140682\", \"application_answers\": []}', NULL, NULL, NULL, NULL, NULL, NULL, 0, 0, 'pending', 0, NULL, 0, 0.00, NULL, '2026-03-14 11:45:17', '2026-03-14 11:45:17', NULL),
(212, '44a62f3f-2f82-4440-b04c-f2ce3ee47c25', 55, 57, NULL, 'IK0039', 'joshua', 'joshua', NULL, 'Lorem ipsum dolor sit amet consectetur adipiscing elit ligula sed, suscipit cursus dis est accumsan nec habitant. Quam dui ullamcorper sagittis fames sed leo tempus facilisis porta, orci cum cras fringilla dignissim eros praesent nibh tincidunt hac, convallis tristique habitasse maecenas rhoncus tortor fusce venenatis. Molestie maecenas suscipit mattis purus fringilla laoreet malesuada orci at lectus turpis, vestibulum tellus etiam nullam aliquet placerat mi non dictum', '{\"submitted_at\": \"2026-03-14T14:47:57.080297Z\", \"nominator_name\": \"joshua\", \"nominator_email\": \"joshujohn03@gmail.com\", \"nominator_phone\": \"+254757140682\", \"application_answers\": []}', 'voting/nominees/9o9gEla644gVO9kwvRSoLvIpfy988LEhFVUU1H18.webp', 'voting/nominees/9o9gEla644gVO9kwvRSoLvIpfy988LEhFVUU1H18.webp', NULL, NULL, NULL, NULL, 0, 0, 'approved', 0, NULL, 0, 0.00, NULL, '2026-03-14 11:47:57', '2026-03-14 12:03:39', NULL),
(635, '334a95ac-d7a0-443f-ae50-b94ef0c615ea', 66, 92, NULL, 'C01N01', 'Eunice Njeri', 'eunice-njeri-female-artist-of-the-year', 'Gospel Worship Artist', 'Kenya\'s most celebrated female gospel voice, known for soul-stirring worship anthems.', NULL, 'voting/nominees/nYxFIbBlSLvEbiQFg3ADuBCb3sb8wVp5Nas2LIc3.webp', 'voting/nominees/nYxFIbBlSLvEbiQFg3ADuBCb3sb8wVp5Nas2LIc3.webp', NULL, '[]', NULL, NULL, 1, 1, 'approved', 0, 2, 410, 40900.00, '[]', '2026-03-26 09:20:45', '2026-03-26 18:14:34', NULL),
(636, '69207418-991b-43d0-9425-61b963772682', 66, 92, NULL, 'C01N02', 'Size 8 Reborn', 'size-8-reborn-female-artist-of-the-year', 'Gospel Singer & Evangelist', 'From secular fame to gospel glory — Size 8 Reborn has inspired millions with her music and testimony.', NULL, NULL, NULL, NULL, '[]', NULL, NULL, 2, 1, 'approved', 1, 1, 500, 30000.00, '[]', '2026-03-26 09:20:45', '2026-03-26 12:54:04', NULL),
(637, '9cce6a99-2b51-441a-9f4d-f6b1fc4340c6', 66, 92, NULL, 'C01N03', 'Mercy Masika', 'mercy-masika-female-artist-of-the-year', 'Gospel Singer & Songwriter', 'Award-winning gospel artist known for her heartfelt compositions and powerful vocal delivery.', NULL, NULL, NULL, NULL, '[]', NULL, NULL, 3, 1, 'approved', 0, 3, 0, 0.00, '[]', '2026-03-26 09:20:45', '2026-03-26 12:54:04', NULL),
(638, '7940ff79-95e0-4170-859d-987bd64a58b2', 66, 92, NULL, 'C01N04', 'Gloria Muliro', 'gloria-muliro-female-artist-of-the-year', 'Gospel Songstress', 'Celebrated gospel songstress with a regional following across East Africa.', NULL, NULL, NULL, NULL, '[]', NULL, NULL, 4, 1, 'approved', 0, 3, 0, 0.00, '[]', '2026-03-26 09:20:45', '2026-03-26 12:54:04', NULL),
(639, '50d7ea05-0533-4751-9848-c46b2a39e897', 66, 93, NULL, 'C02N01', 'Bahati', 'bahati-male-artist-of-the-year', 'Gospel/Afro-Gospel Artist', 'Multi-award-winning gospel artist whose music bridges faith and culture for a new generation.', NULL, NULL, NULL, NULL, '[]', NULL, NULL, 1, 1, 'approved', 0, NULL, 0, 0.00, '[]', '2026-03-26 09:20:45', '2026-03-26 09:33:47', NULL),
(640, '67e899e4-f104-4205-80e5-69c732dccf51', 66, 93, NULL, 'C02N02', 'Guardian Angel', 'guardian-angel-male-artist-of-the-year', 'Gospel Artist', 'One of Kenya\'s most consistent gospel voices, known for his anthems of faith and perseverance.', NULL, NULL, NULL, NULL, '[]', NULL, NULL, 2, 1, 'approved', 0, NULL, 0, 0.00, '[]', '2026-03-26 09:20:45', '2026-03-26 09:33:50', NULL),
(641, '2c3b71fd-d312-4b5c-8fdc-06e70f85d5a7', 66, 93, NULL, 'C02N03', 'Daddy Owen', 'daddy-owen-male-artist-of-the-year', 'Gospel Artist', 'Veteran gospel icon known for his unique blend of Kenyan rhythms and gospel truth.', NULL, NULL, NULL, NULL, '[]', NULL, NULL, 3, 1, 'approved', 0, NULL, 0, 0.00, '[]', '2026-03-26 09:20:45', '2026-03-26 09:33:48', NULL),
(642, '4ecb0316-b670-4cbd-935c-675a014c0e66', 66, 93, NULL, 'C02N04', 'Willy Paul', 'willy-paul-male-artist-of-the-year', 'Gospel Artist', 'Prolific gospel hit-maker whose music has topped charts across East Africa.', NULL, NULL, NULL, NULL, '[]', NULL, NULL, 4, 1, 'approved', 0, NULL, 0, 0.00, '[]', '2026-03-26 09:20:45', '2026-03-26 09:33:51', NULL),
(643, '8de99c50-c213-4447-8a7e-34a110807895', 66, 94, NULL, 'C03N01', 'Refomed', 'refomed-emerging-gospel-artist-of-the-year', 'Afro-Gospel Artist', 'Fresh gospel talent making waves with a unique sound blending afrobeats and worship.', NULL, NULL, NULL, NULL, '[]', NULL, NULL, 1, 1, 'approved', 0, NULL, 0, 0.00, '[]', '2026-03-26 09:20:45', '2026-03-26 09:33:54', NULL),
(644, 'be1f662f-eed7-4a2a-baaa-6828ad8ab578', 66, 94, NULL, 'C03N02', 'Christo Fabulous', 'christo-fabulous-emerging-gospel-artist-of-the-year', 'Gospel Rapper & Artist', 'Dynamic young gospel rapper delivering hard-hitting messages of faith and transformation.', NULL, NULL, NULL, NULL, '[]', NULL, NULL, 2, 1, 'approved', 0, NULL, 0, 0.00, '[]', '2026-03-26 09:20:45', '2026-03-26 09:33:51', NULL),
(645, '9289b3ce-8873-4f4e-a429-0f03d35e6ef3', 66, 94, NULL, 'C03N03', 'Winnie Wakesho', 'winnie-wakesho-emerging-gospel-artist-of-the-year', 'Gospel Singer', 'Emerging songstress with a powerful voice and a growing catalogue of inspirational gospel songs.', NULL, NULL, NULL, NULL, '[]', NULL, NULL, 3, 1, 'approved', 0, NULL, 0, 0.00, '[]', '2026-03-26 09:20:45', '2026-03-26 09:34:01', NULL),
(646, '820934db-6113-44bb-9e72-383d96a52cb8', 66, 94, NULL, 'C03N04', 'Mwamba', 'mwamba-emerging-gospel-artist-of-the-year', 'Gospel Artist', 'Rising gospel artist capturing audiences with authentic storytelling and strong vocal ability.', NULL, NULL, NULL, NULL, '[]', NULL, NULL, 4, 1, 'approved', 0, NULL, 0, 0.00, '[]', '2026-03-26 09:20:45', '2026-03-26 09:33:52', NULL),
(647, '1771bb30-9b71-4ad1-8e93-937a6d952e84', 66, 95, NULL, 'C04N01', 'Amenishika — Eunice Njeri', 'amenishika-eunice-njeri-gospel-song-of-the-year', 'Gospel Song', 'A powerful declaration of God\'s faithfulness that resonated across Kenya and the diaspora.', NULL, NULL, NULL, NULL, '[]', NULL, NULL, 1, 1, 'approved', 0, NULL, 0, 0.00, '[]', '2026-03-26 09:20:45', '2026-03-26 09:34:02', NULL),
(648, 'ac8bcdbe-e4fe-4167-8ba8-1c3ebbd5fbdf', 66, 95, NULL, 'C04N02', 'Kamata — Guardian Angel', 'kamata-guardian-angel-gospel-song-of-the-year', 'Gospel Song', 'An uplifting anthem encouraging believers to hold onto faith through life\'s challenges.', NULL, NULL, NULL, NULL, '[]', NULL, NULL, 2, 1, 'approved', 0, NULL, 0, 0.00, '[]', '2026-03-26 09:20:45', '2026-03-26 09:34:02', NULL),
(649, '2559b013-b20d-47b6-90ac-df3c5c6bc39d', 66, 95, NULL, 'C04N03', 'Wangu — Bahati', 'wangu-bahati-gospel-song-of-the-year', 'Gospel Song', 'A heartfelt love song to God that became a worship anthem in churches across the region.', NULL, NULL, NULL, NULL, '[]', NULL, NULL, 3, 1, 'approved', 0, NULL, 0, 0.00, '[]', '2026-03-26 09:20:45', '2026-03-26 09:34:05', NULL),
(650, '8b499323-128b-4c6c-981b-aceb58a0e433', 66, 95, NULL, 'C04N04', 'Mwema — Mercy Masika', 'mwema-mercy-masika-gospel-song-of-the-year', 'Gospel Song', 'A timeless gospel classic celebrating God\'s goodness that continues to inspire millions.', NULL, NULL, NULL, NULL, '[]', NULL, NULL, 4, 1, 'approved', 0, NULL, 0, 0.00, '[]', '2026-03-26 09:20:45', '2026-03-26 09:34:03', NULL),
(651, '4dc80277-a6c1-4b72-93be-9c471f5f4ef2', 66, 96, NULL, 'C05N01', 'Niambie — Eunice Njeri', 'niambie-eunice-njeri-gospel-video-of-the-year', 'Gospel Music Video', 'A visually stunning music video with cinematic storytelling and powerful worship imagery.', NULL, NULL, NULL, NULL, '[]', NULL, NULL, 1, 1, 'approved', 0, NULL, 0, 0.00, '[]', '2026-03-26 09:20:45', '2026-03-26 09:34:11', NULL),
(652, '4c2d6418-9965-450e-b44a-42d0b2382b19', 66, 96, NULL, 'C05N02', 'Mateke — Size 8', 'mateke-size-8-gospel-video-of-the-year', 'Gospel Music Video', 'A vibrant, high-energy video celebrating freedom and joy in faith.', NULL, NULL, NULL, NULL, '[]', NULL, NULL, 2, 1, 'approved', 0, NULL, 0, 0.00, '[]', '2026-03-26 09:20:45', '2026-03-26 09:34:09', NULL),
(653, '52d6e901-cd92-4aba-92ee-e93bcc702557', 66, 96, NULL, 'C05N03', 'Vanity — Daddy Owen', 'vanity-daddy-owen-gospel-video-of-the-year', 'Gospel Music Video', 'A thought-provoking video challenging materialism and pointing viewers to eternal values.', NULL, NULL, NULL, NULL, '[]', NULL, NULL, 3, 1, 'approved', 0, NULL, 0, 0.00, '[]', '2026-03-26 09:20:45', '2026-03-26 09:34:13', NULL),
(654, 'cb4a4dfc-7c95-4c89-b39b-67cf41aa4dc1', 66, 96, NULL, 'C05N04', 'Double Double — Gloria Muliro', 'double-double-gloria-muliro-gospel-video-of-the-year', 'Gospel Music Video', 'A joyful, well-produced video that brought laughter and praise together beautifully.', NULL, NULL, NULL, NULL, '[]', NULL, NULL, 4, 1, 'approved', 0, NULL, 0, 0.00, '[]', '2026-03-26 09:20:45', '2026-03-26 09:34:06', NULL),
(655, '636cf2e3-ec30-4caa-87ed-4532149db4e3', 66, 97, NULL, 'C06N01', 'Bahati x Guardian Angel', 'bahati-x-guardian-angel-gospel-collaboration-of-the-year', 'Gospel Collaboration', 'Two powerhouse gospel voices uniting for an unforgettable ministry collaboration.', NULL, NULL, NULL, NULL, '[]', NULL, NULL, 1, 1, 'pending', 0, NULL, 0, 0.00, '[]', '2026-03-26 09:20:45', '2026-03-26 09:20:45', NULL),
(656, 'e42e4e68-7656-4f72-a885-77466a3e9549', 66, 97, NULL, 'C06N02', 'Daddy Owen x Willy Paul', 'daddy-owen-x-willy-paul-gospel-collaboration-of-the-year', 'Gospel Collaboration', 'Two giants of Kenyan gospel combining their strengths for a chart-topping release.', NULL, NULL, NULL, NULL, '[]', NULL, NULL, 2, 1, 'pending', 0, NULL, 0, 0.00, '[]', '2026-03-26 09:20:45', '2026-03-26 09:20:45', NULL),
(657, '725886b4-238a-49a4-be41-863359011845', 66, 97, NULL, 'C06N03', 'Mercy Masika x Gloria Muliro', 'mercy-masika-x-gloria-muliro-gospel-collaboration-of-the-year', 'Gospel Collaboration', 'Two celebrated songstresses blending their voices in a harmony of worship and praise.', NULL, NULL, NULL, NULL, '[]', NULL, NULL, 3, 1, 'pending', 0, NULL, 0, 0.00, '[]', '2026-03-26 09:20:45', '2026-03-26 09:20:45', NULL),
(658, 'e97d994c-73b8-4da6-9ca4-c88b4fec521c', 66, 97, NULL, 'C06N04', 'Eunice Njeri x Size 8 Reborn', 'eunice-njeri-x-size-8-reborn-gospel-collaboration-of-the-year', 'Gospel Collaboration', 'Two of Kenya\'s most beloved gospel artists joining forces for a powerful ministry record.', NULL, NULL, NULL, NULL, '[]', NULL, NULL, 4, 1, 'pending', 0, NULL, 0, 0.00, '[]', '2026-03-26 09:20:45', '2026-03-26 09:20:45', NULL),
(659, '7a053bb3-736c-44d5-aa71-f60492207059', 66, 98, NULL, 'C07N01', 'Aaron Rimbui', 'aaron-rimbui-audio-producer-of-the-year', 'Music Producer & Composer', 'Veteran multi-award-winning producer whose work has shaped the Kenyan gospel sound for over two decades.', NULL, NULL, NULL, NULL, '[]', NULL, NULL, 1, 1, 'approved', 0, NULL, 0, 0.00, '[]', '2026-03-26 09:20:45', '2026-03-26 09:34:15', NULL),
(660, 'e2a97172-fc38-4b67-9a6c-02417ab3df29', 66, 98, NULL, 'C07N02', 'David Mativo', 'david-mativo-audio-producer-of-the-year', 'Music Producer', 'Prolific gospel music producer behind some of Kenya\'s biggest gospel hits of the year.', NULL, NULL, NULL, NULL, '[]', NULL, NULL, 2, 1, 'approved', 0, NULL, 0, 0.00, '[]', '2026-03-26 09:20:45', '2026-03-26 09:34:16', NULL),
(661, 'c7713cc6-303a-43be-a273-f7c021fba2bc', 66, 98, NULL, 'C07N03', 'Teddy B', 'teddy-b-audio-producer-of-the-year', 'Music Producer', 'In-demand producer known for creating fresh gospel sounds that resonate with youth audiences.', NULL, NULL, NULL, NULL, '[]', NULL, NULL, 3, 1, 'approved', 0, NULL, 0, 0.00, '[]', '2026-03-26 09:20:45', '2026-03-26 09:34:16', NULL),
(662, '436b33a1-dfc8-4342-b650-13be8dc4a5ac', 66, 98, NULL, 'C07N04', 'Musyoka', 'musyoka-audio-producer-of-the-year', 'Music Producer', 'Talented producer delivering high-quality gospel productions with authentic African musical elements.', NULL, NULL, NULL, NULL, '[]', NULL, NULL, 4, 1, 'approved', 0, NULL, 0, 0.00, '[]', '2026-03-26 09:20:45', '2026-03-26 09:34:16', NULL),
(663, '436cf025-7b16-484d-8db9-db039f20e0ce', 66, 99, NULL, 'C08N01', 'Enos Olik', 'enos-olik-video-director-of-the-year', 'Music Video Director', 'Award-winning director known for compelling visual narratives in gospel and mainstream music videos.', NULL, NULL, NULL, NULL, '[]', NULL, NULL, 1, 1, 'approved', 0, NULL, 0, 0.00, '[]', '2026-03-26 09:20:45', '2026-03-26 09:34:18', NULL),
(664, '497ee83c-0d8d-487e-9567-6ffbd9d11d34', 66, 99, NULL, 'C08N02', 'Kevin Waweru', 'kevin-waweru-video-director-of-the-year', 'Music Video Director', 'Creative director renowned for cinematic gospel music videos with strong visual storytelling.', NULL, NULL, NULL, NULL, '[]', NULL, NULL, 2, 1, 'pending', 0, NULL, 0, 0.00, '[]', '2026-03-26 09:20:45', '2026-03-26 09:20:45', NULL),
(665, 'c6b34a18-023b-4a69-9b35-f8ffd58525a7', 66, 99, NULL, 'C08N03', 'Abiud Ochieng', 'abiud-ochieng-video-director-of-the-year', 'Music Video Director', 'Innovative director bringing fresh creative concepts to gospel music video production.', NULL, NULL, NULL, NULL, '[]', NULL, NULL, 3, 1, 'approved', 0, NULL, 0, 0.00, '[]', '2026-03-26 09:20:45', '2026-03-26 09:34:17', NULL),
(666, 'f70db381-f3ac-4d7b-98ca-95f33026816f', 66, 99, NULL, 'C08N04', 'Eric Brown', 'eric-brown-video-director-of-the-year', 'Music Video Director', 'Versatile director who consistently delivers high-quality gospel video productions on budget.', NULL, NULL, NULL, NULL, '[]', NULL, NULL, 4, 1, 'pending', 0, NULL, 0, 0.00, '[]', '2026-03-26 09:20:45', '2026-03-26 09:20:45', NULL),
(667, 'db0051a2-c154-4fa9-a112-9b80db16052e', 66, 100, NULL, 'C09N01', 'Kamau Njoroge', 'kamau-njoroge-photography-of-the-year', 'Photographer', 'Award-winning photographer specialising in event and portrait photography capturing the essence of gospel ministry.', NULL, NULL, NULL, NULL, '[]', NULL, NULL, 1, 1, 'pending', 0, NULL, 0, 0.00, '[]', '2026-03-26 09:20:45', '2026-03-26 09:20:45', NULL),
(668, '950fffd7-7af6-415e-b3bc-a9d68c4c4c6b', 66, 100, NULL, 'C09N02', 'Aisha Wanjiru', 'aisha-wanjiru-photography-of-the-year', 'Photographer', 'Creative photographer known for vibrant imagery that brings gospel events and artists to life.', NULL, NULL, NULL, NULL, '[]', NULL, NULL, 2, 1, 'pending', 0, NULL, 0, 0.00, '[]', '2026-03-26 09:20:45', '2026-03-26 09:20:45', NULL),
(669, 'ac8691b7-e1d5-4c2d-8a8a-14d48e37faa0', 66, 100, NULL, 'C09N03', 'Martin Odhiambo', 'martin-odhiambo-photography-of-the-year', 'Photographer', 'Seasoned photographer with an eye for capturing powerful worship moments and gospel event highlights.', NULL, NULL, NULL, NULL, '[]', NULL, NULL, 3, 1, 'approved', 0, NULL, 0, 0.00, '[]', '2026-03-26 09:20:45', '2026-03-26 09:33:58', NULL),
(670, 'c58c2099-faf7-47f6-a88c-db0fd5b41961', 66, 100, NULL, 'C09N04', 'Grace Nyambura', 'grace-nyambura-photography-of-the-year', 'Photographer', 'Talented photographer whose work celebrates the beauty and diversity of Kenya\'s gospel music community.', NULL, NULL, NULL, NULL, '[]', NULL, NULL, 4, 1, 'pending', 0, NULL, 0, 0.00, '[]', '2026-03-26 09:20:45', '2026-03-26 09:20:45', NULL);

-- --------------------------------------------------------

--
-- Table structure for table `nominee_categories`
--

CREATE TABLE `nominee_categories` (
  `id` bigint UNSIGNED NOT NULL,
  `uuid` char(36) COLLATE utf8mb4_unicode_ci NOT NULL,
  `event_id` bigint UNSIGNED NOT NULL,
  `voting_category_id` bigint UNSIGNED DEFAULT NULL,
  `name` varchar(255) COLLATE utf8mb4_unicode_ci NOT NULL,
  `slug` varchar(255) COLLATE utf8mb4_unicode_ci NOT NULL,
  `description` text COLLATE utf8mb4_unicode_ci,
  `image` varchar(500) COLLATE utf8mb4_unicode_ci DEFAULT NULL,
  `sort_order` int NOT NULL DEFAULT '0',
  `is_active` tinyint(1) NOT NULL DEFAULT '1',
  `voting_enabled` tinyint(1) NOT NULL DEFAULT '1',
  `nomination_status` enum('collecting','reviewing','promoted','voting') COLLATE utf8mb4_unicode_ci NOT NULL DEFAULT 'collecting',
  `nomination_starts_at` timestamp NULL DEFAULT NULL,
  `nomination_ends_at` timestamp NULL DEFAULT NULL,
  `nomination_type` enum('admin_only','public_nomination','application_form') COLLATE utf8mb4_unicode_ci NOT NULL DEFAULT 'admin_only',
  `nomination_questions` json DEFAULT NULL,
  `selection_method` enum('manual','automatic') COLLATE utf8mb4_unicode_ci NOT NULL DEFAULT 'manual',
  `top_nominees_count` int NOT NULL DEFAULT '5',
  `selection_criteria` enum('votes_count','votes_amount','votes_percentage') COLLATE utf8mb4_unicode_ci NOT NULL DEFAULT 'votes_count',
  `minimum_votes` int NOT NULL DEFAULT '0',
  `max_winners` tinyint UNSIGNED NOT NULL DEFAULT '1',
  `display_type` enum('grid','list','carousel') COLLATE utf8mb4_unicode_ci NOT NULL DEFAULT 'grid',
  `nominees_per_row` tinyint UNSIGNED NOT NULL DEFAULT '3',
  `meta` json DEFAULT NULL,
  `created_at` timestamp NULL DEFAULT NULL,
  `updated_at` timestamp NULL DEFAULT NULL,
  `deleted_at` timestamp NULL DEFAULT NULL
) ENGINE=InnoDB DEFAULT CHARSET=utf8mb4 COLLATE=utf8mb4_unicode_ci;

--
-- Dumping data for table `nominee_categories`
--

INSERT INTO `nominee_categories` (`id`, `uuid`, `event_id`, `voting_category_id`, `name`, `slug`, `description`, `image`, `sort_order`, `is_active`, `voting_enabled`, `nomination_status`, `nomination_starts_at`, `nomination_ends_at`, `nomination_type`, `nomination_questions`, `selection_method`, `top_nominees_count`, `selection_criteria`, `minimum_votes`, `max_winners`, `display_type`, `nominees_per_row`, `meta`, `created_at`, `updated_at`, `deleted_at`) VALUES
(44, '5d7242bd-9fb9-418a-8b37-5ed93c18fdd3', 55, 64, 'Top 100 Women in Leadership', 'top-100-leadership', 'Women in governance, public sector & civil society', NULL, 0, 1, 1, 'promoted', NULL, NULL, 'admin_only', NULL, 'manual', 5, 'votes_count', 0, 1, 'grid', 3, NULL, '2026-03-06 07:32:20', '2026-03-06 07:32:20', NULL),
(45, '1d142a9d-d428-4ca6-a3af-1597bf0830a4', 55, 65, 'Top 100 Business & Brands', 'top-100-business', 'Outstanding women entrepreneurs & business leaders', NULL, 0, 1, 1, 'promoted', NULL, NULL, 'admin_only', NULL, 'manual', 5, 'votes_count', 0, 1, 'grid', 3, NULL, '2026-03-06 07:32:47', '2026-03-06 07:32:47', NULL),
(46, 'af870608-aa59-4369-8a0e-26af5b438dcb', 55, 66, '100 Women of Influence', '100-influential', 'Women driving cultural & social change', NULL, 0, 1, 1, 'promoted', NULL, NULL, 'admin_only', NULL, 'manual', 5, 'votes_count', 0, 1, 'grid', 3, NULL, '2026-03-06 07:32:47', '2026-03-06 07:32:47', NULL),
(47, 'c2d575c0-7151-4bb0-a8f7-cd15f05c128f', 55, 67, 'Miss Independent Kenya', 'miss-independent', 'Inspiring young women aged 18-30', NULL, 0, 1, 1, 'promoted', NULL, NULL, 'admin_only', NULL, 'manual', 5, 'votes_count', 0, 1, 'grid', 3, NULL, '2026-03-06 07:32:47', '2026-03-06 07:32:47', NULL),
(57, '31df1577-1a09-4815-8acf-555759b668a7', 55, NULL, 'Outstanding Community Leader', 'outstanding-community-leader', 'Recognising women driving grassroots impact across all 47 counties.', 'voting/nominee-categories/jnIjwQ8KdsQDLUf37Lr53xUEsrWFU1BhswsEyAM1.webp', 5, 1, 1, 'collecting', NULL, NULL, 'public_nomination', NULL, 'automatic', 5, 'votes_count', 0, 1, 'grid', 3, NULL, '2026-03-10 08:03:26', '2026-03-14 09:27:04', NULL),
(58, '8a9638e8-6c88-42ee-8be8-33015a28b94a', 55, NULL, 'Young Entrepreneur of the Year', 'young-entrepreneur-of-the-year', 'Women aged 18-35 who have built scalable businesses in the last 5 years.', NULL, 6, 1, 0, 'collecting', NULL, NULL, 'application_form', '\"[{\\\"label\\\":\\\"LinkedIn or Website URL\\\",\\\"type\\\":\\\"text\\\",\\\"required\\\":false,\\\"placeholder\\\":\\\"https:\\\\/\\\\/...\\\"},{\\\"label\\\":\\\"What business achievement are you most proud of?\\\",\\\"type\\\":\\\"textarea\\\",\\\"required\\\":true,\\\"placeholder\\\":\\\"Describe with measurable impact (min 100 words)\\\"},{\\\"label\\\":\\\"Years of business experience\\\",\\\"type\\\":\\\"select\\\",\\\"required\\\":true,\\\"options\\\":[\\\"Less than 1 year\\\",\\\"1-3 years\\\",\\\"4-7 years\\\",\\\"8-15 years\\\",\\\"15+ years\\\"]},{\\\"label\\\":\\\"Which county is your business based in?\\\",\\\"type\\\":\\\"text\\\",\\\"required\\\":true,\\\"placeholder\\\":\\\"e.g. Nairobi\\\"},{\\\"label\\\":\\\"How many people does your business employ?\\\",\\\"type\\\":\\\"select\\\",\\\"required\\\":true,\\\"options\\\":[\\\"Just me\\\",\\\"2-5\\\",\\\"6-20\\\",\\\"21-50\\\",\\\"50+\\\"]},{\\\"label\\\":\\\"Describe your community impact\\\",\\\"type\\\":\\\"textarea\\\",\\\"required\\\":true,\\\"placeholder\\\":\\\"How has your business impacted your community?\\\"},{\\\"label\\\":\\\"Any awards or media recognition?\\\",\\\"type\\\":\\\"textarea\\\",\\\"required\\\":false,\\\"placeholder\\\":\\\"List any awards, press mentions, or TV coverage\\\"}]\"', 'manual', 5, 'votes_count', 0, 1, 'grid', 3, NULL, '2026-03-10 08:03:26', '2026-03-10 08:03:26', NULL),
(59, '788ee815-061d-422b-a45c-407692636db8', 60, NULL, 'Top Business Innovator', 'top-business-innovator', 'Awarded to a business leader who has demonstrated exceptional innovation and impact. Nominees are selected by the Tuqio panel.', NULL, 1, 1, 0, 'reviewing', NULL, NULL, 'admin_only', NULL, 'manual', 5, 'votes_count', 0, 1, 'grid', 3, NULL, '2026-03-11 07:06:41', '2026-03-11 07:06:41', NULL),
(60, 'd0ad9f48-1057-4994-a287-f506c83e8db8', 60, NULL, 'Community Champion', 'community-champion', 'Nominate a person who has made a measurable positive impact in their community through entrepreneurship or social innovation. Nominations are open to the public.', NULL, 2, 1, 0, 'collecting', '2026-03-10 07:06:41', '2026-03-25 07:06:41', 'public_nomination', NULL, 'manual', 5, 'votes_count', 0, 1, 'grid', 3, NULL, '2026-03-11 07:06:41', '2026-03-11 07:06:41', NULL),
(61, '95f6d0d5-a9f1-4271-a678-b72c99e700b5', 60, NULL, 'Rising Startup of the Year', 'rising-startup-of-the-year', 'Apply or nominate a startup that has been operating for under 5 years and has demonstrated exceptional growth, innovation, or social impact. Complete the full application form.', NULL, 3, 1, 0, 'collecting', '2026-03-10 07:06:41', '2026-03-25 07:06:41', 'application_form', '\"[{\\\"key\\\":\\\"business_name\\\",\\\"label\\\":\\\"Business \\\\/ Startup Name\\\",\\\"type\\\":\\\"text\\\",\\\"required\\\":true},{\\\"key\\\":\\\"years_in_business\\\",\\\"label\\\":\\\"Years in Operation\\\",\\\"type\\\":\\\"number\\\",\\\"required\\\":true},{\\\"key\\\":\\\"county\\\",\\\"label\\\":\\\"Business County\\\",\\\"type\\\":\\\"select\\\",\\\"required\\\":true,\\\"options\\\":[\\\"Nairobi\\\",\\\"Mombasa\\\",\\\"Kisumu\\\",\\\"Nakuru\\\",\\\"Other\\\"]},{\\\"key\\\":\\\"revenue_range\\\",\\\"label\\\":\\\"Annual Revenue Range\\\",\\\"type\\\":\\\"select\\\",\\\"required\\\":true,\\\"options\\\":[\\\"Under KES 500K\\\",\\\"KES 500K\\\\u20132M\\\",\\\"KES 2M\\\\u201310M\\\",\\\"Over KES 10M\\\"]},{\\\"key\\\":\\\"impact_statement\\\",\\\"label\\\":\\\"Describe the business impact (max 300 words)\\\",\\\"type\\\":\\\"textarea\\\",\\\"required\\\":true},{\\\"key\\\":\\\"pitch_link\\\",\\\"label\\\":\\\"Pitch Deck or Website Link (optional)\\\",\\\"type\\\":\\\"text\\\",\\\"required\\\":false}]\"', 'manual', 5, 'votes_count', 0, 1, 'grid', 3, NULL, '2026-03-11 07:06:41', '2026-03-11 07:06:41', NULL),
(62, 'c9692ec8-c4fb-45d9-8061-2eb10294d349', 62, 78, 'Best Startup 2026', 'best-startup-2026', 'Admin-curated category. Voting is now live.', NULL, 1, 1, 1, 'promoted', NULL, NULL, 'admin_only', NULL, 'manual', 5, 'votes_count', 0, 1, 'grid', 3, NULL, '2026-03-11 07:06:47', '2026-03-11 07:06:47', NULL),
(63, 'ce8259be-054a-4bda-a853-f4c1db74e4e2', 62, 79, 'Best Developer 2026', 'best-developer-2026', 'Admin-curated category. Voting is now live.', NULL, 2, 1, 1, 'promoted', NULL, NULL, 'admin_only', NULL, 'manual', 5, 'votes_count', 0, 1, 'grid', 3, NULL, '2026-03-11 07:06:47', '2026-03-11 07:06:47', NULL),
(64, 'c68344dd-50f3-4d3e-91f4-574dbce0661c', 62, 80, 'Best Tech Product 2026', 'best-tech-product-2026', 'Admin-curated category. Voting is now live.', NULL, 3, 1, 1, 'promoted', NULL, NULL, 'admin_only', NULL, 'manual', 5, 'votes_count', 0, 1, 'grid', 3, NULL, '2026-03-11 07:06:47', '2026-03-11 07:06:47', NULL),
(92, 'ecb04e48-7d8a-4279-8049-1ddf80510f48', 66, NULL, 'Female Artist of the Year', 'female-artist-of-the-year', 'Recognising the best in Female Artist of the Year.', 'voting/nominee-categories/jy4tsDTM5VTjMZiwOmnuGb7lzjyHQBoyiCCf2NKZ.webp', 1, 1, 1, 'promoted', '2026-02-28 21:00:00', '2026-07-15 20:59:59', 'public_nomination', '[{\"key\": \"nominee_name\", \"type\": \"text\", \"label\": \"Nominee\'s Full Name\", \"required\": true}, {\"key\": \"nominee_phone\", \"type\": \"tel\", \"label\": \"Nominee\'s Phone Number\", \"required\": false}, {\"key\": \"nominee_email\", \"type\": \"email\", \"label\": \"Nominee\'s Email Address\", \"required\": false}, {\"key\": \"nominee_county\", \"type\": \"text\", \"label\": \"Nominee\'s County / Location\", \"required\": true}, {\"key\": \"why_nominate\", \"type\": \"textarea\", \"label\": \"Why are you nominating this person?\", \"required\": true, \"min_length\": 80}, {\"key\": \"nominee_impact\", \"type\": \"textarea\", \"label\": \"How has this person impacted gospel music in Kenya?\", \"required\": true, \"min_length\": 80}, {\"key\": \"nominee_social\", \"type\": \"text\", \"label\": \"Nominee\'s Social Media Handle(s)\", \"required\": false, \"placeholder\": \"@handle on Instagram / TikTok / YouTube\"}, {\"key\": \"nominee_work_link\", \"type\": \"url\", \"label\": \"Link to Nominee\'s Best Work\", \"required\": false, \"placeholder\": \"YouTube / SoundCloud / Spotify link\"}]', 'manual', 5, 'votes_count', 0, 1, 'grid', 3, NULL, '2026-03-26 09:20:45', '2026-03-26 11:08:46', NULL),
(93, '1b2ad66d-4adb-4aee-884d-a62d0c008a59', 66, NULL, 'Male Artist of the Year', 'male-artist-of-the-year', 'Recognising the best in Male Artist of the Year.', 'voting/nominee-categories/J2iwzHHe1z7N51p3S0bFPhUxNYoHHGARghbxkkDm.jpg', 2, 1, 1, 'collecting', '2026-02-28 21:00:00', '2026-07-15 20:59:59', 'public_nomination', '[{\"key\": \"nominee_name\", \"type\": \"text\", \"label\": \"Nominee\'s Full Name\", \"required\": true}, {\"key\": \"nominee_phone\", \"type\": \"tel\", \"label\": \"Nominee\'s Phone Number\", \"required\": false}, {\"key\": \"nominee_email\", \"type\": \"email\", \"label\": \"Nominee\'s Email Address\", \"required\": false}, {\"key\": \"nominee_county\", \"type\": \"text\", \"label\": \"Nominee\'s County / Location\", \"required\": true}, {\"key\": \"why_nominate\", \"type\": \"textarea\", \"label\": \"Why are you nominating this person?\", \"required\": true, \"min_length\": 80}, {\"key\": \"nominee_impact\", \"type\": \"textarea\", \"label\": \"How has this person impacted gospel music in Kenya?\", \"required\": true, \"min_length\": 80}, {\"key\": \"nominee_social\", \"type\": \"text\", \"label\": \"Nominee\'s Social Media Handle(s)\", \"required\": false, \"placeholder\": \"@handle on Instagram / TikTok / YouTube\"}, {\"key\": \"nominee_work_link\", \"type\": \"url\", \"label\": \"Link to Nominee\'s Best Work\", \"required\": false, \"placeholder\": \"YouTube / SoundCloud / Spotify link\"}]', 'manual', 5, 'votes_count', 0, 1, 'grid', 3, NULL, '2026-03-26 09:20:45', '2026-03-26 11:08:59', NULL),
(94, 'cd5657e6-64e3-4cda-ad25-ffb5cddcac64', 66, NULL, 'Emerging Gospel Artist of the Year', 'emerging-gospel-artist-of-the-year', 'Recognising the best in Emerging Gospel Artist of the Year.', 'voting/nominee-categories/twTfaOAZnqMR5jKOl22OO9P2oHa992cjPsz0Yoxx.webp', 3, 1, 1, 'collecting', '2026-02-28 21:00:00', '2026-07-15 20:59:59', 'public_nomination', '[{\"key\": \"nominee_name\", \"type\": \"text\", \"label\": \"Nominee\'s Full Name\", \"required\": true}, {\"key\": \"nominee_phone\", \"type\": \"tel\", \"label\": \"Nominee\'s Phone Number\", \"required\": false}, {\"key\": \"nominee_email\", \"type\": \"email\", \"label\": \"Nominee\'s Email Address\", \"required\": false}, {\"key\": \"nominee_county\", \"type\": \"text\", \"label\": \"Nominee\'s County / Location\", \"required\": true}, {\"key\": \"why_nominate\", \"type\": \"textarea\", \"label\": \"Why are you nominating this person?\", \"required\": true, \"min_length\": 80}, {\"key\": \"nominee_impact\", \"type\": \"textarea\", \"label\": \"How has this person impacted gospel music in Kenya?\", \"required\": true, \"min_length\": 80}, {\"key\": \"nominee_social\", \"type\": \"text\", \"label\": \"Nominee\'s Social Media Handle(s)\", \"required\": false, \"placeholder\": \"@handle on Instagram / TikTok / YouTube\"}, {\"key\": \"nominee_work_link\", \"type\": \"url\", \"label\": \"Link to Nominee\'s Best Work\", \"required\": false, \"placeholder\": \"YouTube / SoundCloud / Spotify link\"}]', 'manual', 5, 'votes_count', 0, 1, 'grid', 3, NULL, '2026-03-26 09:20:45', '2026-03-26 11:10:33', NULL),
(95, '806cef85-370e-47b8-b7b5-b667dc55f3a6', 66, NULL, 'Gospel Song of the Year', 'gospel-song-of-the-year', 'Recognising the best in Gospel Song of the Year.', 'voting/nominee-categories/9BWLxevXvIQMWTWPtcZuNZGY0FKycH1rzSnrCeGs.jpg', 4, 1, 1, 'collecting', '2026-02-28 21:00:00', '2026-07-15 20:59:59', 'public_nomination', '[{\"key\": \"nominee_name\", \"type\": \"text\", \"label\": \"Nominee\'s Full Name\", \"required\": true}, {\"key\": \"nominee_phone\", \"type\": \"tel\", \"label\": \"Nominee\'s Phone Number\", \"required\": false}, {\"key\": \"nominee_email\", \"type\": \"email\", \"label\": \"Nominee\'s Email Address\", \"required\": false}, {\"key\": \"nominee_county\", \"type\": \"text\", \"label\": \"Nominee\'s County / Location\", \"required\": true}, {\"key\": \"why_nominate\", \"type\": \"textarea\", \"label\": \"Why are you nominating this person?\", \"required\": true, \"min_length\": 80}, {\"key\": \"nominee_impact\", \"type\": \"textarea\", \"label\": \"How has this person impacted gospel music in Kenya?\", \"required\": true, \"min_length\": 80}, {\"key\": \"nominee_social\", \"type\": \"text\", \"label\": \"Nominee\'s Social Media Handle(s)\", \"required\": false, \"placeholder\": \"@handle on Instagram / TikTok / YouTube\"}, {\"key\": \"nominee_work_link\", \"type\": \"url\", \"label\": \"Link to Nominee\'s Best Work\", \"required\": false, \"placeholder\": \"YouTube / SoundCloud / Spotify link\"}]', 'manual', 5, 'votes_count', 0, 1, 'grid', 3, NULL, '2026-03-26 09:20:45', '2026-03-26 11:09:11', NULL),
(96, '19ef7bee-ece4-4e53-8dc7-7f980bb3b738', 66, NULL, 'Gospel Video of the Year', 'gospel-video-of-the-year', 'Recognising the best in Gospel Video of the Year.', 'voting/nominee-categories/A17XTg841g5OAlO01VHoEl5yE4Mz5oDYOuWu46bK.webp', 5, 1, 1, 'collecting', '2026-02-28 21:00:00', '2026-07-15 20:59:59', 'public_nomination', '[{\"key\": \"nominee_name\", \"type\": \"text\", \"label\": \"Nominee\'s Full Name\", \"required\": true}, {\"key\": \"nominee_phone\", \"type\": \"tel\", \"label\": \"Nominee\'s Phone Number\", \"required\": false}, {\"key\": \"nominee_email\", \"type\": \"email\", \"label\": \"Nominee\'s Email Address\", \"required\": false}, {\"key\": \"nominee_county\", \"type\": \"text\", \"label\": \"Nominee\'s County / Location\", \"required\": true}, {\"key\": \"why_nominate\", \"type\": \"textarea\", \"label\": \"Why are you nominating this person?\", \"required\": true, \"min_length\": 80}, {\"key\": \"nominee_impact\", \"type\": \"textarea\", \"label\": \"How has this person impacted gospel music in Kenya?\", \"required\": true, \"min_length\": 80}, {\"key\": \"nominee_social\", \"type\": \"text\", \"label\": \"Nominee\'s Social Media Handle(s)\", \"required\": false, \"placeholder\": \"@handle on Instagram / TikTok / YouTube\"}, {\"key\": \"nominee_work_link\", \"type\": \"url\", \"label\": \"Link to Nominee\'s Best Work\", \"required\": false, \"placeholder\": \"YouTube / SoundCloud / Spotify link\"}]', 'manual', 5, 'votes_count', 0, 1, 'grid', 3, NULL, '2026-03-26 09:20:45', '2026-03-26 11:09:43', NULL),
(97, '55300450-9819-49e5-93d9-1c42c86869da', 66, NULL, 'Gospel Collaboration of the Year', 'gospel-collaboration-of-the-year', 'Recognising the best in Gospel Collaboration of the Year.', 'voting/nominee-categories/Wwjzr5iAOnngIhqoE8IRcNk8BmfPpeioqnQkKbu1.webp', 6, 1, 1, 'collecting', NULL, NULL, 'admin_only', NULL, 'manual', 5, 'votes_count', 0, 1, 'grid', 3, NULL, '2026-03-26 09:20:45', '2026-03-26 11:09:39', NULL),
(98, 'dad95206-505c-41e3-ac7d-913f2441ad0c', 66, NULL, 'Audio Producer of the Year', 'audio-producer-of-the-year', 'Recognising the best in Audio Producer of the Year.', NULL, 7, 1, 1, 'collecting', '2026-02-28 21:00:00', '2026-07-15 20:59:59', 'public_nomination', '[{\"key\": \"nominee_name\", \"type\": \"text\", \"label\": \"Nominee\'s Full Name\", \"required\": true}, {\"key\": \"nominee_phone\", \"type\": \"tel\", \"label\": \"Nominee\'s Phone Number\", \"required\": false}, {\"key\": \"nominee_email\", \"type\": \"email\", \"label\": \"Nominee\'s Email Address\", \"required\": false}, {\"key\": \"nominee_county\", \"type\": \"text\", \"label\": \"Nominee\'s County / Location\", \"required\": true}, {\"key\": \"why_nominate\", \"type\": \"textarea\", \"label\": \"Why are you nominating this person?\", \"required\": true, \"min_length\": 80}, {\"key\": \"nominee_impact\", \"type\": \"textarea\", \"label\": \"How has this person impacted gospel music in Kenya?\", \"required\": true, \"min_length\": 80}, {\"key\": \"nominee_social\", \"type\": \"text\", \"label\": \"Nominee\'s Social Media Handle(s)\", \"required\": false, \"placeholder\": \"@handle on Instagram / TikTok / YouTube\"}, {\"key\": \"nominee_work_link\", \"type\": \"url\", \"label\": \"Link to Nominee\'s Best Work\", \"required\": false, \"placeholder\": \"YouTube / SoundCloud / Spotify link\"}]', 'manual', 5, 'votes_count', 0, 1, 'grid', 3, NULL, '2026-03-26 09:20:45', '2026-03-26 09:20:45', NULL),
(99, 'b7735da2-6a33-4ec2-b5a3-221511b91c04', 66, NULL, 'Video Director of the Year', 'video-director-of-the-year', 'Recognising the best in Video Director of the Year.', 'voting/nominee-categories/bikzfKKxFRhCxTSUGt0KL5z4Sz3fvhNIPu2m4ryP.webp', 8, 1, 1, 'collecting', '2026-02-28 21:00:00', '2026-07-15 20:59:59', 'public_nomination', '[{\"key\": \"nominee_name\", \"type\": \"text\", \"label\": \"Nominee\'s Full Name\", \"required\": true}, {\"key\": \"nominee_phone\", \"type\": \"tel\", \"label\": \"Nominee\'s Phone Number\", \"required\": false}, {\"key\": \"nominee_email\", \"type\": \"email\", \"label\": \"Nominee\'s Email Address\", \"required\": false}, {\"key\": \"nominee_county\", \"type\": \"text\", \"label\": \"Nominee\'s County / Location\", \"required\": true}, {\"key\": \"why_nominate\", \"type\": \"textarea\", \"label\": \"Why are you nominating this person?\", \"required\": true, \"min_length\": 80}, {\"key\": \"nominee_impact\", \"type\": \"textarea\", \"label\": \"How has this person impacted gospel music in Kenya?\", \"required\": true, \"min_length\": 80}, {\"key\": \"nominee_social\", \"type\": \"text\", \"label\": \"Nominee\'s Social Media Handle(s)\", \"required\": false, \"placeholder\": \"@handle on Instagram / TikTok / YouTube\"}, {\"key\": \"nominee_work_link\", \"type\": \"url\", \"label\": \"Link to Nominee\'s Best Work\", \"required\": false, \"placeholder\": \"YouTube / SoundCloud / Spotify link\"}]', 'manual', 5, 'votes_count', 0, 1, 'grid', 3, NULL, '2026-03-26 09:20:45', '2026-03-26 11:09:34', NULL),
(100, 'bb782540-76be-4ac8-b62d-3552ea4b9212', 66, NULL, 'Photography of the Year', 'photography-of-the-year', 'Recognising the best in Photography of the Year.', 'voting/nominee-categories/NFZvjXIV83dw1iNTxTDAzzrXk8UbuNKUPy6WPmkv.webp', 9, 1, 1, 'collecting', '2026-02-28 21:00:00', '2026-07-15 20:59:59', 'public_nomination', '[{\"key\": \"nominee_name\", \"type\": \"text\", \"label\": \"Nominee\'s Full Name\", \"required\": true}, {\"key\": \"nominee_phone\", \"type\": \"tel\", \"label\": \"Nominee\'s Phone Number\", \"required\": false}, {\"key\": \"nominee_email\", \"type\": \"email\", \"label\": \"Nominee\'s Email Address\", \"required\": false}, {\"key\": \"nominee_county\", \"type\": \"text\", \"label\": \"Nominee\'s County / Location\", \"required\": true}, {\"key\": \"why_nominate\", \"type\": \"textarea\", \"label\": \"Why are you nominating this person?\", \"required\": true, \"min_length\": 80}, {\"key\": \"nominee_impact\", \"type\": \"textarea\", \"label\": \"How has this person impacted gospel music in Kenya?\", \"required\": true, \"min_length\": 80}, {\"key\": \"nominee_social\", \"type\": \"text\", \"label\": \"Nominee\'s Social Media Handle(s)\", \"required\": false, \"placeholder\": \"@handle on Instagram / TikTok / YouTube\"}, {\"key\": \"nominee_work_link\", \"type\": \"url\", \"label\": \"Link to Nominee\'s Best Work\", \"required\": false, \"placeholder\": \"YouTube / SoundCloud / Spotify link\"}]', 'manual', 5, 'votes_count', 0, 1, 'grid', 3, NULL, '2026-03-26 09:20:45', '2026-03-26 11:09:48', NULL);

-- --------------------------------------------------------

--
-- Table structure for table `notifications`
--

CREATE TABLE `notifications` (
  `id` char(36) COLLATE utf8mb4_unicode_ci NOT NULL,
  `type` varchar(255) COLLATE utf8mb4_unicode_ci NOT NULL,
  `notifiable_type` varchar(255) COLLATE utf8mb4_unicode_ci NOT NULL,
  `notifiable_id` bigint UNSIGNED NOT NULL,
  `data` text COLLATE utf8mb4_unicode_ci NOT NULL,
  `read_at` timestamp NULL DEFAULT NULL,
  `created_at` timestamp NULL DEFAULT NULL,
  `updated_at` timestamp NULL DEFAULT NULL
) ENGINE=InnoDB DEFAULT CHARSET=utf8mb4 COLLATE=utf8mb4_unicode_ci;

-- --------------------------------------------------------

--
-- Table structure for table `organization_invitations`
--

CREATE TABLE `organization_invitations` (
  `id` bigint UNSIGNED NOT NULL,
  `client_id` bigint UNSIGNED NOT NULL,
  `email` varchar(255) COLLATE utf8mb4_unicode_ci NOT NULL,
  `token` varchar(64) COLLATE utf8mb4_unicode_ci NOT NULL,
  `role` varchar(255) COLLATE utf8mb4_unicode_ci NOT NULL,
  `invited_by` bigint UNSIGNED NOT NULL,
  `expires_at` timestamp NOT NULL,
  `accepted_at` timestamp NULL DEFAULT NULL,
  `created_at` timestamp NULL DEFAULT NULL,
  `updated_at` timestamp NULL DEFAULT NULL
) ENGINE=InnoDB DEFAULT CHARSET=utf8mb4 COLLATE=utf8mb4_unicode_ci;

-- --------------------------------------------------------

--
-- Table structure for table `pages`
--

CREATE TABLE `pages` (
  `id` bigint UNSIGNED NOT NULL,
  `uuid` char(36) COLLATE utf8mb4_unicode_ci NOT NULL,
  `client_id` bigint UNSIGNED NOT NULL,
  `event_id` bigint UNSIGNED DEFAULT NULL,
  `parent_id` bigint UNSIGNED DEFAULT NULL,
  `author_id` bigint UNSIGNED NOT NULL,
  `title` varchar(255) COLLATE utf8mb4_unicode_ci NOT NULL,
  `slug` varchar(255) COLLATE utf8mb4_unicode_ci NOT NULL,
  `content` longtext COLLATE utf8mb4_unicode_ci NOT NULL,
  `template` enum('default','full-width','sidebar-left','sidebar-right') COLLATE utf8mb4_unicode_ci NOT NULL DEFAULT 'default',
  `featured_image` varchar(255) COLLATE utf8mb4_unicode_ci DEFAULT NULL,
  `status` enum('draft','published','archived') COLLATE utf8mb4_unicode_ci NOT NULL DEFAULT 'draft',
  `published_at` timestamp NULL DEFAULT NULL,
  `is_homepage` tinyint(1) NOT NULL DEFAULT '0',
  `is_in_menu` tinyint(1) NOT NULL DEFAULT '0',
  `menu_order` int NOT NULL DEFAULT '0',
  `seo_title` varchar(255) COLLATE utf8mb4_unicode_ci DEFAULT NULL,
  `seo_description` text COLLATE utf8mb4_unicode_ci,
  `seo_keywords` text COLLATE utf8mb4_unicode_ci,
  `og_image` varchar(255) COLLATE utf8mb4_unicode_ci DEFAULT NULL,
  `canonical_url` varchar(255) COLLATE utf8mb4_unicode_ci DEFAULT NULL,
  `created_at` timestamp NULL DEFAULT NULL,
  `updated_at` timestamp NULL DEFAULT NULL,
  `deleted_at` timestamp NULL DEFAULT NULL
) ENGINE=InnoDB DEFAULT CHARSET=utf8mb4 COLLATE=utf8mb4_unicode_ci;

--
-- Dumping data for table `pages`
--

INSERT INTO `pages` (`id`, `uuid`, `client_id`, `event_id`, `parent_id`, `author_id`, `title`, `slug`, `content`, `template`, `featured_image`, `status`, `published_at`, `is_homepage`, `is_in_menu`, `menu_order`, `seo_title`, `seo_description`, `seo_keywords`, `og_image`, `canonical_url`, `created_at`, `updated_at`, `deleted_at`) VALUES
(1, 'a4b5475c-5248-4216-bffd-49c49150e3b5', 1, NULL, NULL, 2, 'Home', 'home', '<h1>Welcome to Tuqio Hub Demo</h1>\n<p>Your premier event management and ticketing platform. We help organizations create, manage, and promote exceptional events that bring people together.</p>\n<h2>Why Choose Us?</h2>\n<ul>\n<li>Easy-to-use event management tools</li>\n<li>Secure ticketing and payment processing</li>\n<li>Real-time voting and engagement features</li>\n<li>Comprehensive analytics and reporting</li>\n<li>24/7 customer support</li>\n</ul>\n<p>Get started today and transform the way you manage events!</p>', 'full-width', NULL, 'published', '2026-02-01 17:44:08', 1, 1, 1, 'Tuqio Hub Demo - Event Management Platform', 'Welcome to Tuqio Hub Demo, your premier event management and ticketing platform.', 'events, ticketing, event management, tuqio hub demo', NULL, NULL, '2026-03-03 17:44:08', '2026-03-03 17:44:08', NULL),
(2, '453e9b29-c6a7-4309-a2fb-0758efd7f8fa', 1, NULL, NULL, 2, 'About Us', 'about', '<h1>About Tuqio Hub Demo</h1>\n<p>We are passionate about creating technology that brings people together through exceptional event experiences.</p>\n<h2>Our Mission</h2>\n<p>To empower event organizers with innovative tools that simplify management, enhance attendee experiences, and drive engagement.</p>\n<h2>Our Vision</h2>\n<p>To be the leading event management platform that transforms how organizations connect with their audiences.</p>\n<h2>What We Offer</h2>\n<p>From ticketing to voting, from registration to analytics, we provide comprehensive solutions for all your event needs.</p>', 'sidebar-right', NULL, 'published', '2026-02-06 17:44:08', 0, 1, 2, 'About Tuqio Hub Demo', 'Learn more about Tuqio Hub Demo and our mission to transform event management.', 'about, company, mission, tuqio hub demo', NULL, NULL, '2026-03-03 17:44:08', '2026-03-03 17:44:08', NULL),
(3, '1f7aebc7-c938-4a0b-9728-c129b631b5ac', 1, NULL, NULL, 2, 'Contact Us', 'contact', '<h1>Contact Us</h1>\n<p>We\'d love to hear from you! Get in touch with our team for support, partnership inquiries, or general questions.</p>\n<h2>Get in Touch</h2>\n<p><strong>Email:</strong> support@tuqio-hub-demo.com<br>\n<strong>Phone:</strong> +254 700 000 000<br>\n<strong>Office Hours:</strong> Monday - Friday, 9:00 AM - 6:00 PM EAT</p>\n<h2>Support</h2>\n<p>For technical support, please visit our Help Center or submit a support ticket through your dashboard.</p>', 'sidebar-right', NULL, 'published', '2026-02-06 17:44:08', 0, 1, 3, 'Contact Tuqio Hub Demo', 'Get in touch with the Tuqio Hub Demo team. We\'re here to help!', 'contact, support, help, tuqio hub demo', NULL, NULL, '2026-03-03 17:44:08', '2026-03-03 17:44:08', NULL),
(4, 'f86b3092-56fa-4ed7-951d-118a72771ac8', 1, NULL, NULL, 2, 'Terms of Service', 'terms', '<h1>Terms of Service</h1>\n<p><strong>Last Updated:</strong> March 03, 2026</p>\n<h2>1. Acceptance of Terms</h2>\n<p>By accessing and using Tuqio Hub Demo, you accept and agree to be bound by the terms and provision of this agreement.</p>\n<h2>2. Use License</h2>\n<p>Permission is granted to temporarily use Tuqio Hub Demo for personal, non-commercial transitory viewing only.</p>\n<h2>3. User Account</h2>\n<p>You are responsible for maintaining the confidentiality of your account and password and for restricting access to your account.</p>\n<h2>4. Limitation of Liability</h2>\n<p>In no event shall Tuqio Hub Demo be liable for any damages arising out of the use or inability to use our services.</p>', 'default', NULL, 'published', '2026-01-02 17:44:08', 0, 0, 0, 'Terms of Service - Tuqio Hub Demo', 'Read our terms of service and user agreement.', 'terms, legal, agreement', NULL, NULL, '2026-03-03 17:44:08', '2026-03-03 17:44:08', NULL),
(5, 'af94b8ce-a96f-4515-b7d5-0be1355200cd', 1, NULL, NULL, 2, 'Privacy Policy', 'privacy', '<h1>Privacy Policy</h1>\n<p><strong>Last Updated:</strong> March 03, 2026</p>\n<h2>1. Information We Collect</h2>\n<p>We collect information you provide directly to us, such as when you create an account, purchase tickets, or contact us for support.</p>\n<h2>2. How We Use Your Information</h2>\n<p>We use the information we collect to provide, maintain, and improve our services, process transactions, and communicate with you.</p>\n<h2>3. Information Sharing</h2>\n<p>We do not sell, trade, or otherwise transfer your personally identifiable information to outside parties without your consent.</p>\n<h2>4. Data Security</h2>\n<p>We implement appropriate security measures to protect your personal information from unauthorized access.</p>', 'default', NULL, 'published', '2026-01-02 17:44:08', 0, 0, 0, 'Privacy Policy - Tuqio Hub Demo', 'Learn how we protect your privacy and handle your data.', 'privacy, data protection, gdpr', NULL, NULL, '2026-03-03 17:44:08', '2026-03-03 17:44:08', NULL),
(6, 'a87be309-0f73-4916-979b-5e9011424add', 1, NULL, NULL, 2, 'Frequently Asked Questions', 'faq', '<h1>Frequently Asked Questions</h1>\n<h2>How do I create an event?</h2>\n<p>Sign in to your account, navigate to the dashboard, and click \'Create Event\'. Follow the step-by-step wizard to set up your event.</p>\n<h2>How does ticketing work?</h2>\n<p>You can create multiple ticket types with different pricing. Attendees purchase tickets through our secure payment system, and receive digital tickets via email.</p>\n<h2>Can I customize my event page?</h2>\n<p>Yes! You can customize colors, add images, write descriptions, and include custom fields in your registration forms.</p>\n<h2>What payment methods do you support?</h2>\n<p>We support M-Pesa, credit/debit cards via Paystack, bank transfers, and cash payments.</p>\n<h2>How do I get support?</h2>\n<p>Contact our support team via email, live chat, or submit a support ticket through your dashboard.</p>', 'sidebar-left', NULL, 'published', '2026-02-11 17:44:08', 0, 1, 4, 'FAQ - Tuqio Hub Demo', 'Find answers to commonly asked questions about our platform.', 'faq, help, questions, support', NULL, NULL, '2026-03-03 17:44:08', '2026-03-03 17:44:08', NULL),
(7, 'adfbfe19-d87a-4cd7-b6bb-1fcae517434e', 1, NULL, NULL, 2, 'Services', 'services', '<h1>Our Services</h1>\n<p>Tuqio Hub Demo provides comprehensive event management solutions designed to make your events successful.</p>\n<h2>Event Management</h2>\n<p>Create, manage, and promote events with our intuitive platform. Handle registrations, track attendance, and engage your audience.</p>\n<h2>Ticketing Solutions</h2>\n<p>Secure, flexible ticketing with multiple pricing tiers, early bird discounts, and group booking options.</p>\n<h2>Voting & Polls</h2>\n<p>Engage your audience with real-time voting, polls, and interactive features that drive participation.</p>\n<h2>Analytics & Reporting</h2>\n<p>Gain insights into attendee behavior, ticket sales, and engagement metrics with our comprehensive analytics tools.</p>', 'default', NULL, 'published', '2026-02-16 17:44:08', 0, 1, 5, 'Our Services - Tuqio Hub Demo', 'Explore our comprehensive event management services.', 'services, event management, ticketing, voting', NULL, NULL, '2026-03-03 17:44:08', '2026-03-03 17:44:08', NULL),
(8, 'aee98532-3f0f-4392-b87c-134981c327ea', 1, NULL, 7, 2, 'Event Management', 'event-management', '<h1>Event Management Services</h1>\n<p>Our event management platform streamlines every aspect of organizing successful events.</p>\n<h2>Features</h2>\n<ul>\n<li>Customizable event pages</li>\n<li>Multi-tier ticketing</li>\n<li>Automated email communications</li>\n<li>Check-in and attendance tracking</li>\n<li>Real-time analytics and reporting</li>\n<li>Integration with payment gateways</li>\n</ul>\n<h2>Benefits</h2>\n<p>Save time, reduce costs, and create better experiences for your attendees with our all-in-one platform.</p>', 'default', NULL, 'published', '2026-02-16 17:44:08', 0, 0, 0, 'Event Management Services - Tuqio Hub Demo', 'Professional event management solutions for organizations of all sizes.', 'event management, planning, organization', NULL, NULL, '2026-03-03 17:44:08', '2026-03-03 17:44:08', NULL),
(9, 'c160ea55-9911-4826-b156-bdf2643e31af', 2, NULL, NULL, 4, 'Home', 'home', '<h1>Welcome to Tech Events Kenya</h1>\n<p>Your premier event management and ticketing platform. We help organizations create, manage, and promote exceptional events that bring people together.</p>\n<h2>Why Choose Us?</h2>\n<ul>\n<li>Easy-to-use event management tools</li>\n<li>Secure ticketing and payment processing</li>\n<li>Real-time voting and engagement features</li>\n<li>Comprehensive analytics and reporting</li>\n<li>24/7 customer support</li>\n</ul>\n<p>Get started today and transform the way you manage events!</p>', 'full-width', NULL, 'published', '2026-02-01 17:44:08', 1, 1, 1, 'Tech Events Kenya - Event Management Platform', 'Welcome to Tech Events Kenya, your premier event management and ticketing platform.', 'events, ticketing, event management, tech events kenya', NULL, NULL, '2026-03-03 17:44:08', '2026-03-03 17:44:08', NULL),
(10, 'caa493ef-4d1c-4af1-a296-b08c27ad2619', 2, NULL, NULL, 4, 'About Us', 'about', '<h1>About Tech Events Kenya</h1>\n<p>We are passionate about creating technology that brings people together through exceptional event experiences.</p>\n<h2>Our Mission</h2>\n<p>To empower event organizers with innovative tools that simplify management, enhance attendee experiences, and drive engagement.</p>\n<h2>Our Vision</h2>\n<p>To be the leading event management platform that transforms how organizations connect with their audiences.</p>\n<h2>What We Offer</h2>\n<p>From ticketing to voting, from registration to analytics, we provide comprehensive solutions for all your event needs.</p>', 'sidebar-right', NULL, 'published', '2026-02-06 17:44:08', 0, 1, 2, 'About Tech Events Kenya', 'Learn more about Tech Events Kenya and our mission to transform event management.', 'about, company, mission, tech events kenya', NULL, NULL, '2026-03-03 17:44:08', '2026-03-03 17:44:08', NULL),
(11, 'be13027f-8b37-4384-9c1f-eb60eaf095fd', 2, NULL, NULL, 4, 'Contact Us', 'contact', '<h1>Contact Us</h1>\n<p>We\'d love to hear from you! Get in touch with our team for support, partnership inquiries, or general questions.</p>\n<h2>Get in Touch</h2>\n<p><strong>Email:</strong> support@tech-events-kenya.com<br>\n<strong>Phone:</strong> +254 700 000 000<br>\n<strong>Office Hours:</strong> Monday - Friday, 9:00 AM - 6:00 PM EAT</p>\n<h2>Support</h2>\n<p>For technical support, please visit our Help Center or submit a support ticket through your dashboard.</p>', 'sidebar-right', NULL, 'published', '2026-02-06 17:44:08', 0, 1, 3, 'Contact Tech Events Kenya', 'Get in touch with the Tech Events Kenya team. We\'re here to help!', 'contact, support, help, tech events kenya', NULL, NULL, '2026-03-03 17:44:08', '2026-03-03 17:44:08', NULL),
(12, 'c91d338d-0cd5-46e4-9f03-b8ba88c0f8c6', 2, NULL, NULL, 4, 'Terms of Service', 'terms', '<h1>Terms of Service</h1>\n<p><strong>Last Updated:</strong> March 03, 2026</p>\n<h2>1. Acceptance of Terms</h2>\n<p>By accessing and using Tech Events Kenya, you accept and agree to be bound by the terms and provision of this agreement.</p>\n<h2>2. Use License</h2>\n<p>Permission is granted to temporarily use Tech Events Kenya for personal, non-commercial transitory viewing only.</p>\n<h2>3. User Account</h2>\n<p>You are responsible for maintaining the confidentiality of your account and password and for restricting access to your account.</p>\n<h2>4. Limitation of Liability</h2>\n<p>In no event shall Tech Events Kenya be liable for any damages arising out of the use or inability to use our services.</p>', 'default', NULL, 'published', '2026-01-02 17:44:08', 0, 0, 0, 'Terms of Service - Tech Events Kenya', 'Read our terms of service and user agreement.', 'terms, legal, agreement', NULL, NULL, '2026-03-03 17:44:08', '2026-03-03 17:44:08', NULL),
(13, '14861fb6-b314-41be-a74e-dc8cf0cde911', 2, NULL, NULL, 4, 'Privacy Policy', 'privacy', '<h1>Privacy Policy</h1>\n<p><strong>Last Updated:</strong> March 03, 2026</p>\n<h2>1. Information We Collect</h2>\n<p>We collect information you provide directly to us, such as when you create an account, purchase tickets, or contact us for support.</p>\n<h2>2. How We Use Your Information</h2>\n<p>We use the information we collect to provide, maintain, and improve our services, process transactions, and communicate with you.</p>\n<h2>3. Information Sharing</h2>\n<p>We do not sell, trade, or otherwise transfer your personally identifiable information to outside parties without your consent.</p>\n<h2>4. Data Security</h2>\n<p>We implement appropriate security measures to protect your personal information from unauthorized access.</p>', 'default', NULL, 'published', '2026-01-02 17:44:08', 0, 0, 0, 'Privacy Policy - Tech Events Kenya', 'Learn how we protect your privacy and handle your data.', 'privacy, data protection, gdpr', NULL, NULL, '2026-03-03 17:44:08', '2026-03-03 17:44:08', NULL),
(14, 'f05fe28e-feae-47a5-aa81-b02f48cbd262', 2, NULL, NULL, 4, 'Frequently Asked Questions', 'faq', '<h1>Frequently Asked Questions</h1>\n<h2>How do I create an event?</h2>\n<p>Sign in to your account, navigate to the dashboard, and click \'Create Event\'. Follow the step-by-step wizard to set up your event.</p>\n<h2>How does ticketing work?</h2>\n<p>You can create multiple ticket types with different pricing. Attendees purchase tickets through our secure payment system, and receive digital tickets via email.</p>\n<h2>Can I customize my event page?</h2>\n<p>Yes! You can customize colors, add images, write descriptions, and include custom fields in your registration forms.</p>\n<h2>What payment methods do you support?</h2>\n<p>We support M-Pesa, credit/debit cards via Paystack, bank transfers, and cash payments.</p>\n<h2>How do I get support?</h2>\n<p>Contact our support team via email, live chat, or submit a support ticket through your dashboard.</p>', 'sidebar-left', NULL, 'published', '2026-02-11 17:44:08', 0, 1, 4, 'FAQ - Tech Events Kenya', 'Find answers to commonly asked questions about our platform.', 'faq, help, questions, support', NULL, NULL, '2026-03-03 17:44:08', '2026-03-03 17:44:08', NULL),
(15, 'aba02207-6156-4b39-84df-c21590dc3052', 2, NULL, NULL, 4, 'Services', 'services', '<h1>Our Services</h1>\n<p>Tech Events Kenya provides comprehensive event management solutions designed to make your events successful.</p>\n<h2>Event Management</h2>\n<p>Create, manage, and promote events with our intuitive platform. Handle registrations, track attendance, and engage your audience.</p>\n<h2>Ticketing Solutions</h2>\n<p>Secure, flexible ticketing with multiple pricing tiers, early bird discounts, and group booking options.</p>\n<h2>Voting & Polls</h2>\n<p>Engage your audience with real-time voting, polls, and interactive features that drive participation.</p>\n<h2>Analytics & Reporting</h2>\n<p>Gain insights into attendee behavior, ticket sales, and engagement metrics with our comprehensive analytics tools.</p>', 'default', NULL, 'published', '2026-02-16 17:44:08', 0, 1, 5, 'Our Services - Tech Events Kenya', 'Explore our comprehensive event management services.', 'services, event management, ticketing, voting', NULL, NULL, '2026-03-03 17:44:08', '2026-03-03 17:44:08', NULL),
(16, '975df1f6-5995-46e4-bed9-b14b7f867603', 2, NULL, 15, 4, 'Event Management', 'event-management', '<h1>Event Management Services</h1>\n<p>Our event management platform streamlines every aspect of organizing successful events.</p>\n<h2>Features</h2>\n<ul>\n<li>Customizable event pages</li>\n<li>Multi-tier ticketing</li>\n<li>Automated email communications</li>\n<li>Check-in and attendance tracking</li>\n<li>Real-time analytics and reporting</li>\n<li>Integration with payment gateways</li>\n</ul>\n<h2>Benefits</h2>\n<p>Save time, reduce costs, and create better experiences for your attendees with our all-in-one platform.</p>', 'default', NULL, 'published', '2026-02-16 17:44:08', 0, 0, 0, 'Event Management Services - Tech Events Kenya', 'Professional event management solutions for organizations of all sizes.', 'event management, planning, organization', NULL, NULL, '2026-03-03 17:44:08', '2026-03-03 17:44:08', NULL);

-- --------------------------------------------------------

--
-- Table structure for table `password_reset_tokens`
--

CREATE TABLE `password_reset_tokens` (
  `email` varchar(255) COLLATE utf8mb4_unicode_ci NOT NULL,
  `token` varchar(255) COLLATE utf8mb4_unicode_ci NOT NULL,
  `created_at` timestamp NULL DEFAULT NULL
) ENGINE=InnoDB DEFAULT CHARSET=utf8mb4 COLLATE=utf8mb4_unicode_ci;

--
-- Dumping data for table `password_reset_tokens`
--

INSERT INTO `password_reset_tokens` (`email`, `token`, `created_at`) VALUES
('joshujohn03@gmail.com', '$2y$12$aL5Ty6oQvBkofThodqs69egFejiPy5pFyx.whIaVFSTXdTfYRnpj6', '2026-03-04 10:38:23'),
('ngumbaujohn05@gmail.com', '$2y$12$i1qufFIMFfEOdGhYzf/TPOY9IDa6bkpC9iLWrhwqRuDukkDDVCTD.', '2026-03-04 10:41:16');

-- --------------------------------------------------------

--
-- Table structure for table `payment_accounts`
--

CREATE TABLE `payment_accounts` (
  `id` bigint UNSIGNED NOT NULL,
  `uuid` char(36) COLLATE utf8mb4_unicode_ci NOT NULL,
  `client_id` bigint UNSIGNED NOT NULL,
  `account_type` enum('mpesa','bank_account','paystack_recipient','instasend') COLLATE utf8mb4_unicode_ci NOT NULL,
  `account_name` varchar(255) COLLATE utf8mb4_unicode_ci NOT NULL,
  `account_number` varchar(255) COLLATE utf8mb4_unicode_ci DEFAULT NULL,
  `account_details` text COLLATE utf8mb4_unicode_ci,
  `is_primary` tinyint(1) NOT NULL DEFAULT '0',
  `is_verified` tinyint(1) NOT NULL DEFAULT '0',
  `verification_status` enum('pending','verified','rejected','expired') COLLATE utf8mb4_unicode_ci NOT NULL DEFAULT 'pending',
  `verification_code` varchar(255) COLLATE utf8mb4_unicode_ci DEFAULT NULL,
  `verified_at` timestamp NULL DEFAULT NULL,
  `verified_by` bigint UNSIGNED DEFAULT NULL,
  `is_active` tinyint(1) NOT NULL DEFAULT '1',
  `last_used_at` timestamp NULL DEFAULT NULL,
  `created_at` timestamp NULL DEFAULT NULL,
  `updated_at` timestamp NULL DEFAULT NULL,
  `deleted_at` timestamp NULL DEFAULT NULL
) ENGINE=InnoDB DEFAULT CHARSET=utf8mb4 COLLATE=utf8mb4_unicode_ci;

--
-- Dumping data for table `payment_accounts`
--

INSERT INTO `payment_accounts` (`id`, `uuid`, `client_id`, `account_type`, `account_name`, `account_number`, `account_details`, `is_primary`, `is_verified`, `verification_status`, `verification_code`, `verified_at`, `verified_by`, `is_active`, `last_used_at`, `created_at`, `updated_at`, `deleted_at`) VALUES
(1, '41dd0d22-11b2-4966-a524-6ac60dba2e1c', 1, 'mpesa', 'Primary M-Pesa', '254712345678', '{\"phone_number\":\"254712345678\",\"account_name\":\"John Doe Events\",\"paybill\":null,\"till_number\":null}', 1, 1, 'verified', NULL, '2026-02-12 09:07:18', 2, 1, NULL, '2026-02-12 09:07:18', '2026-02-12 09:07:18', NULL),
(2, 'ff84e362-f1f6-4de7-be42-dc24b795c567', 1, 'mpesa', 'Secondary M-Pesa', '254723456789', '{\"phone_number\":\"254723456789\",\"account_name\":\"Jane Smith\",\"paybill\":null,\"till_number\":null}', 0, 1, 'verified', NULL, '2026-02-12 09:07:18', 2, 1, NULL, '2026-02-12 09:07:18', '2026-02-12 09:07:18', NULL),
(3, '962c7186-d511-40eb-bc7f-130e3eaf9554', 1, 'bank_account', 'KCB Bank Account', '1234567890', '{\"bank_name\":\"Kenya Commercial Bank\",\"account_number\":\"1234567890\",\"branch\":\"Nairobi Branch\",\"swift_code\":\"KCBLKENX\",\"account_holder\":\"Tuqio Hub Events Ltd\"}', 0, 1, 'verified', NULL, '2026-02-12 09:07:18', 2, 1, NULL, '2026-02-12 09:07:18', '2026-02-12 09:07:18', NULL),
(4, '7f6abc0f-af43-4b55-b8fc-208c7ae75273', 1, 'bank_account', 'Equity Bank Account', '0987654321', '{\"bank_name\":\"Equity Bank\",\"account_number\":\"0987654321\",\"branch\":\"Westlands Branch\",\"swift_code\":\"EQBLKENA\",\"account_holder\":\"Tuqio Hub Events Ltd\"}', 0, 0, 'pending', NULL, NULL, NULL, 1, NULL, '2026-02-12 09:07:18', '2026-02-12 09:07:18', NULL),
(5, '17b48d36-7c61-4fec-9ab6-429c55f04d6f', 1, 'paystack_recipient', 'Paystack Transfer Account', 'RCP_xxxxxxxxxx', '{\"recipient_code\":\"RCP_xxxxxxxxxx\",\"bank_code\":\"011\",\"account_name\":\"Tuqio Hub Events Ltd\",\"currency\":\"KES\"}', 0, 1, 'verified', NULL, '2026-02-12 09:07:18', 2, 1, NULL, '2026-02-12 09:07:18', '2026-03-03 16:33:10', NULL),
(6, '7ea702a4-6d2d-4791-91d3-6294f48654b0', 1, 'paystack_recipient', 'Paystack Transfer Account', 'RCP_JXETKBMDIW', '\"{\\\"recipient_code\\\":\\\"RCP_demo\\\",\\\"bank_code\\\":\\\"011\\\",\\\"account_name\\\":\\\"Tuqio Hub Demo\\\",\\\"currency\\\":\\\"KES\\\"}\"', 0, 1, 'verified', NULL, '2026-02-21 05:37:53', 1, 1, NULL, '2026-03-03 05:37:53', '2026-03-03 16:33:10', NULL),
(7, 'cfc3847c-7461-48ea-9559-650fa3e3502c', 1, 'paystack_recipient', 'Paystack Transfer Account', 'RCP_BJGURQFKWB', '\"{\\\"recipient_code\\\":\\\"RCP_demo\\\",\\\"bank_code\\\":\\\"011\\\",\\\"account_name\\\":\\\"Tuqio Hub Demo\\\",\\\"currency\\\":\\\"KES\\\"}\"', 0, 1, 'verified', NULL, '2026-02-21 05:38:13', 1, 1, NULL, '2026-03-03 05:38:13', '2026-03-03 16:33:10', NULL),
(8, '14815727-74f1-44cc-bd3b-02a8b6953d43', 1, 'paystack_recipient', 'Paystack Transfer Account', 'RCP_NEZWTTUSFX', '\"{\\\"recipient_code\\\":\\\"RCP_demo\\\",\\\"bank_code\\\":\\\"011\\\",\\\"account_name\\\":\\\"Tuqio Hub Demo\\\",\\\"currency\\\":\\\"KES\\\"}\"', 0, 1, 'verified', NULL, '2026-02-21 05:40:38', 1, 1, NULL, '2026-03-03 05:40:38', '2026-03-03 16:33:10', NULL),
(9, 'b8aaa61a-adfc-472d-80fb-14886db5dc08', 1, 'paystack_recipient', 'Paystack Transfer Account', 'RCP_6RQK0CFQI4', '\"{\\\"recipient_code\\\":\\\"RCP_demo\\\",\\\"bank_code\\\":\\\"011\\\",\\\"account_name\\\":\\\"Tuqio Hub Demo\\\",\\\"currency\\\":\\\"KES\\\"}\"', 1, 1, 'verified', NULL, '2026-02-21 05:41:16', 1, 1, NULL, '2026-03-03 05:41:16', '2026-03-27 03:54:34', NULL),
(10, 'c43ebba2-aee6-4941-96d7-767bb7c627b4', 6, 'paystack_recipient', 'Joshua Ngumbau John', '0757140682', NULL, 1, 1, 'verified', NULL, '2026-03-27 04:04:54', NULL, 1, NULL, '2026-03-27 04:04:51', '2026-03-27 04:05:13', NULL);

-- --------------------------------------------------------

--
-- Table structure for table `payment_gateway_logs`
--

CREATE TABLE `payment_gateway_logs` (
  `id` bigint UNSIGNED NOT NULL,
  `payment_gateway_setting_id` bigint UNSIGNED NOT NULL,
  `event_type` varchar(255) COLLATE utf8mb4_unicode_ci NOT NULL,
  `method` varchar(255) COLLATE utf8mb4_unicode_ci DEFAULT NULL,
  `request_data` longtext COLLATE utf8mb4_unicode_ci,
  `response_data` longtext COLLATE utf8mb4_unicode_ci,
  `response_code` int DEFAULT NULL,
  `status` varchar(255) COLLATE utf8mb4_unicode_ci NOT NULL,
  `error_message` longtext COLLATE utf8mb4_unicode_ci,
  `logged_at` timestamp NOT NULL
) ENGINE=InnoDB DEFAULT CHARSET=utf8mb4 COLLATE=utf8mb4_unicode_ci;

--
-- Dumping data for table `payment_gateway_logs`
--

INSERT INTO `payment_gateway_logs` (`id`, `payment_gateway_setting_id`, `event_type`, `method`, `request_data`, `response_data`, `response_code`, `status`, `error_message`, `logged_at`) VALUES
(1, 1, 'test', 'GET', NULL, '{\"status\":true,\"message\":\"Banks retrieved\",\"data\":[{\"id\":879,\"name\":\"78 Finance Company Ltd\",\"slug\":\"78-finance-company-ltd-ng\",\"code\":\"40195\",\"longcode\":\"110072\",\"gateway\":null,\"pay_with_bank\":false,\"supports_transfer\":true,\"available_for_direct_debit\":false,\"active\":true,\"country\":\"Nigeria\",\"currency\":\"NGN\",\"type\":\"nuban\",\"is_deleted\":false,\"createdAt\":\"2025-11-21T12:32:33.000Z\",\"updatedAt\":\"2025-11-21T12:32:33.000Z\"},{\"id\":707,\"name\":\"9jaPay Microfinance Bank\",\"slug\":\"9japay-microfinance-bank-ng\",\"code\":\"090629\",\"longcode\":\"090629\",\"gateway\":null,\"pay_with_bank\":false,\"supports_transfer\":true,\"available_for_direct_debit\":false,\"active\":true,\"country\":\"Nigeria\",\"currency\":\"NGN\",\"type\":\"nuban\",\"is_deleted\":false,\"createdAt\":\"2023-07-20T09:52:18.000Z\",\"updatedAt\":\"2026-02-10T08:10:53.000Z\"},{\"id\":302,\"name\":\"9mobile 9Payment Service Bank\",\"slug\":\"9mobile-9payment-service-bank-ng\",\"code\":\"120001\",\"longcode\":\"120001\",\"gateway\":\"\",\"pay_with_bank\":false,\"supports_transfer\":true,\"available_for_direct_debit\":false,\"active\":true,\"country\":\"Nigeria\",\"currency\":\"NGN\",\"type\":\"nuban\",\"is_deleted\":false,\"createdAt\":\"2022-05-31T06:50:27.000Z\",\"updatedAt\":\"2022-06-23T09:33:55.000Z\"},{\"id\":174,\"name\":\"Abbey Mortgage Bank\",\"slug\":\"abbey-mortgage-bank-ng\",\"code\":\"404\",\"longcode\":\"\",\"gateway\":null,\"pay_with_bank\":false,\"supports_transfer\":true,\"available_for_direct_debit\":false,\"active\":true,\"country\":\"Nigeria\",\"currency\":\"NGN\",\"type\":\"nuban\",\"is_deleted\":false,\"createdAt\":\"2020-12-07T16:19:09.000Z\",\"updatedAt\":\"2023-09-14T13:02:38.000Z\"},{\"id\":188,\"name\":\"Above Only MFB\",\"slug\":\"above-only-mfb\",\"code\":\"51204\",\"longcode\":\"\",\"gateway\":null,\"pay_with_bank\":false,\"supports_transfer\":true,\"available_for_direct_debit\":false,\"active\":true,\"country\":\"Nigeria\",\"currency\":\"NGN\",\"type\":\"nuban\",\"is_deleted\":false,\"createdAt\":\"2021-10-13T20:35:17.000Z\",\"updatedAt\":\"2021-10-13T20:35:17.000Z\"},{\"id\":627,\"name\":\"Abulesoro MFB\",\"slug\":\"abulesoro-mfb-ng\",\"code\":\"51312\",\"longcode\":\"\",\"gateway\":null,\"pay_with_bank\":false,\"supports_transfer\":true,\"available_for_direct_debit\":false,\"active\":true,\"country\":\"Nigeria\",\"currency\":\"NGN\",\"type\":\"nuban\",\"is_deleted\":false,\"createdAt\":\"2022-08-31T08:26:20.000Z\",\"updatedAt\":\"2022-08-31T08:26:20.000Z\"},{\"id\":1,\"name\":\"Access Bank\",\"slug\":\"access-bank\",\"code\":\"044\",\"longcode\":\"044150149\",\"gateway\":\"emandate\",\"pay_with_bank\":false,\"supports_transfer\":true,\"available_for_direct_debit\":true,\"active\":true,\"country\":\"Nigeria\",\"currency\":\"NGN\",\"type\":\"nuban\",\"is_deleted\":false,\"createdAt\":\"2016-07-14T10:04:29.000Z\",\"updatedAt\":\"2020-02-18T08:06:44.000Z\"},{\"id\":3,\"name\":\"Access Bank (Diamond)\",\"slug\":\"access-bank-diamond\",\"code\":\"063\",\"longcode\":\"063150162\",\"gateway\":\"emandate\",\"pay_with_bank\":false,\"supports_transfer\":true,\"available_for_direct_debit\":false,\"active\":true,\"country\":\"Nigeria\",\"currency\":\"NGN\",\"type\":\"nuban\",\"is_deleted\":false,\"createdAt\":\"2016-07-14T10:04:29.000Z\",\"updatedAt\":\"2020-02-18T08:06:48.000Z\"},{\"id\":495,\"name\":\"Accion Microfinance Bank\",\"slug\":\"accion-microfinance-bank-ng\",\"code\":\"602\",\"longcode\":\"\",\"gateway\":\"emandate\",\"pay_with_bank\":false,\"supports_transfer\":true,\"available_for_direct_debit\":false,\"active\":true,\"country\":\"Nigeria\",\"currency\":\"NGN\",\"type\":\"nuban\",\"is_deleted\":false,\"createdAt\":\"2022-07-28T14:22:56.000Z\",\"updatedAt\":\"2022-09-19T07:48:37.000Z\"},{\"id\":897,\"name\":\"Adamawa Mortgage Bank Limited\",\"slug\":\"adamawa-mortgage-bank-limited-ng\",\"code\":\"90102\",\"longcode\":\"070030\",\"gateway\":null,\"pay_with_bank\":false,\"supports_transfer\":false,\"available_for_direct_debit\":false,\"active\":true,\"country\":\"Nigeria\",\"currency\":\"NGN\",\"type\":\"nuban\",\"is_deleted\":false,\"createdAt\":\"2026-02-22T23:42:28.000Z\",\"updatedAt\":\"2026-02-22T23:42:28.000Z\"},{\"id\":687,\"name\":\"Aella MFB\",\"slug\":\"aella-mfb-ng\",\"code\":\"50315\",\"longcode\":\"50315\",\"gateway\":null,\"pay_with_bank\":false,\"supports_transfer\":true,\"available_for_direct_debit\":false,\"active\":true,\"country\":\"Nigeria\",\"currency\":\"NGN\",\"type\":\"nuban\",\"is_deleted\":false,\"createdAt\":\"2023-03-09T08:11:06.000Z\",\"updatedAt\":\"2024-07-30T10:51:33.000Z\"},{\"id\":780,\"name\":\"AG Mortgage Bank\",\"slug\":\"ag-mortgage-bank-ng\",\"code\":\"90077\",\"longcode\":\"100028\",\"gateway\":null,\"pay_with_bank\":false,\"supports_transfer\":true,\"available_for_direct_debit\":false,\"active\":true,\"country\":\"Nigeria\",\"currency\":\"NGN\",\"type\":\"nuban\",\"is_deleted\":false,\"createdAt\":\"2024-06-07T13:28:00.000Z\",\"updatedAt\":\"2024-06-07T13:28:00.000Z\"},{\"id\":676,\"name\":\"Ahmadu Bello University Microfinance Bank\",\"slug\":\"ahmadu-bello-university-microfinance-bank-ng\",\"code\":\"50036\",\"longcode\":\"\",\"gateway\":null,\"pay_with_bank\":false,\"supports_transfer\":true,\"available_for_direct_debit\":false,\"active\":true,\"country\":\"Nigeria\",\"currency\":\"NGN\",\"type\":\"nuban\",\"is_deleted\":false,\"createdAt\":\"2022-11-14T13:35:42.000Z\",\"updatedAt\":\"2022-11-14T13:35:42.000Z\"},{\"id\":300,\"name\":\"Airtel Smartcash PSB\",\"slug\":\"airtel-smartcash-psb-ng\",\"code\":\"120004\",\"longcode\":\"120004\",\"gateway\":\"\",\"pay_with_bank\":false,\"supports_transfer\":true,\"available_for_direct_debit\":false,\"active\":true,\"country\":\"Nigeria\",\"currency\":\"NGN\",\"type\":\"nuban\",\"is_deleted\":false,\"createdAt\":\"2022-05-30T14:03:00.000Z\",\"updatedAt\":\"2022-05-31T06:58:22.000Z\"},{\"id\":698,\"name\":\"AKU Microfinance Bank\",\"slug\":\"aku-mfb\",\"code\":\"51336\",\"longcode\":\"\",\"gateway\":null,\"pay_with_bank\":false,\"supports_transfer\":true,\"available_for_direct_debit\":false,\"active\":true,\"country\":\"Nigeria\",\"currency\":\"NGN\",\"type\":\"nuban\",\"is_deleted\":false,\"createdAt\":\"2023-05-04T15:12:34.000Z\",\"updatedAt\":\"2023-05-04T15:12:34.000Z\"},{\"id\":497,\"name\":\"Akuchukwu Microfinance Bank Limited\",\"slug\":\"akuchukwu-microfinance-bank-limited-ng\",\"code\":\"090561\",\"longcode\":\"090561\",\"gateway\":\"emandate\",\"pay_with_bank\":false,\"supports_transfer\":true,\"available_for_direct_debit\":false,\"active\":true,\"country\":\"Nigeria\",\"currency\":\"NGN\",\"type\":\"nuban\",\"is_deleted\":false,\"createdAt\":\"2022-07-28T14:22:56.000Z\",\"updatedAt\":\"2023-11-03T12:09:37.000Z\"},{\"id\":872,\"name\":\"Al-Barakah Microfinance Bank\",\"slug\":\"al-barakah-microfinance-bank-ng\",\"code\":\"50055\",\"longcode\":\"090133\",\"gateway\":null,\"pay_with_bank\":false,\"supports_transfer\":true,\"available_for_direct_debit\":false,\"active\":true,\"country\":\"Nigeria\",\"currency\":\"NGN\",\"type\":\"nuban\",\"is_deleted\":false,\"createdAt\":\"2025-10-17T10:08:10.000Z\",\"updatedAt\":\"2025-10-17T10:08:10.000Z\"},{\"id\":27,\"name\":\"ALAT by WEMA\",\"slug\":\"alat-by-wema\",\"code\":\"035A\",\"longcode\":\"035150103\",\"gateway\":\"emandate\",\"pay_with_bank\":false,\"supports_transfer\":true,\"available_for_direct_debit\":false,\"active\":true,\"country\":\"Nigeria\",\"currency\":\"NGN\",\"type\":\"nuban\",\"is_deleted\":false,\"createdAt\":\"2017-11-15T12:21:31.000Z\",\"updatedAt\":\"2022-05-31T15:54:34.000Z\"},{\"id\":857,\"name\":\"Alpha Morgan Bank\",\"slug\":\"alpha-morgan\",\"code\":\"108\",\"longcode\":\"000041\",\"gateway\":null,\"pay_with_bank\":false,\"supports_transfer\":true,\"available_for_direct_debit\":false,\"active\":true,\"country\":\"Nigeria\",\"currency\":\"NGN\",\"type\":\"nuban\",\"is_deleted\":false,\"createdAt\":\"2025-06-16T10:33:05.000Z\",\"updatedAt\":\"2025-06-16T10:33:05.000Z\"},{\"id\":790,\"name\":\"Alternative bank\",\"slug\":\"the-alternative-bank-ng\",\"code\":\"000304\",\"longcode\":\"000304\",\"gateway\":null,\"pay_with_bank\":false,\"supports_transfer\":true,\"available_for_direct_debit\":false,\"active\":true,\"country\":\"Nigeria\",\"currency\":\"NGN\",\"type\":\"nuban\",\"is_deleted\":false,\"createdAt\":\"2024-08-06T12:31:06.000Z\",\"updatedAt\":\"2025-02-19T13:05:14.000Z\"},{\"id\":179,\"name\":\"Amju Unique MFB\",\"slug\":\"amju-unique-mfb\",\"code\":\"50926\",\"longcode\":\"511080896\",\"gateway\":null,\"pay_with_bank\":false,\"supports_transfer\":true,\"available_for_direct_debit\":false,\"active\":true,\"country\":\"Nigeria\",\"currency\":\"NGN\",\"type\":\"nuban\",\"is_deleted\":false,\"createdAt\":\"2021-07-07T13:45:57.000Z\",\"updatedAt\":\"2021-07-07T13:45:57.000Z\"},{\"id\":614,\"name\":\"Aramoko MFB\",\"slug\":\"aramoko-mfb\",\"code\":\"50083\",\"longcode\":\"\",\"gateway\":null,\"pay_with_bank\":false,\"supports_transfer\":true,\"available_for_direct_debit\":false,\"active\":true,\"country\":\"Nigeria\",\"currency\":\"NGN\",\"type\":\"nuban\",\"is_deleted\":false,\"createdAt\":\"2022-08-10T09:48:24.000Z\",\"updatedAt\":\"2022-08-10T09:48:24.000Z\"},{\"id\":63,\"name\":\"ASO Savings and Loans\",\"slug\":\"asosavings\",\"code\":\"401\",\"longcode\":\"\",\"gateway\":null,\"pay_with_bank\":false,\"supports_transfer\":true,\"available_for_direct_debit\":false,\"active\":true,\"country\":\"Nigeria\",\"currency\":\"NGN\",\"type\":\"nuban\",\"is_deleted\":false,\"createdAt\":\"2018-09-23T05:52:38.000Z\",\"updatedAt\":\"2019-01-30T09:38:57.000Z\"},{\"id\":793,\"name\":\"Assets Microfinance Bank\",\"slug\":\"assets-microfinance-bank-ng\",\"code\":\"50092\",\"longcode\":\"50092\",\"gateway\":null,\"pay_with_bank\":false,\"supports_transfer\":true,\"available_for_direct_debit\":false,\"active\":true,\"country\":\"Nigeria\",\"currency\":\"NGN\",\"type\":\"nuban\",\"is_deleted\":false,\"createdAt\":\"2024-08-21T11:36:11.000Z\",\"updatedAt\":\"2024-08-21T11:36:11.000Z\"},{\"id\":297,\"name\":\"Astrapolaris MFB LTD\",\"slug\":\"astrapolaris-mfb\",\"code\":\"MFB50094\",\"longcode\":\"\",\"gateway\":null,\"pay_with_bank\":false,\"supports_transfer\":true,\"available_for_direct_debit\":false,\"active\":true,\"country\":\"Nigeria\",\"currency\":\"NGN\",\"type\":\"nuban\",\"is_deleted\":false,\"createdAt\":\"2022-05-25T10:46:17.000Z\",\"updatedAt\":\"2022-05-25T10:46:17.000Z\"},{\"id\":759,\"name\":\"AVUENEGBE MICROFINANCE BANK\",\"slug\":\"avuenegbe-microfinance-bank-ng\",\"code\":\"090478\",\"longcode\":\"090478\",\"gateway\":\"\",\"pay_with_bank\":false,\"supports_transfer\":true,\"available_for_direct_debit\":false,\"active\":true,\"country\":\"Nigeria\",\"currency\":\"NGN\",\"type\":\"nuban\",\"is_deleted\":false,\"createdAt\":\"2023-12-30T06:19:20.000Z\",\"updatedAt\":\"2023-12-30T06:19:20.000Z\"},{\"id\":778,\"name\":\"AWACASH MICROFINANCE BANK\",\"slug\":\"awacash-microfinance-bank-ng\",\"code\":\"51351\",\"longcode\":\"51351\",\"gateway\":null,\"pay_with_bank\":false,\"supports_transfer\":true,\"available_for_direct_debit\":false,\"active\":true,\"country\":\"Nigeria\",\"currency\":\"NGN\",\"type\":\"nuban\",\"is_deleted\":false,\"createdAt\":\"2024-05-20T10:27:56.000Z\",\"updatedAt\":\"2024-05-20T10:27:56.000Z\"},{\"id\":796,\"name\":\"AZTEC MICROFINANCE BANK LIMITED\",\"slug\":\"aztec-microfinance-bank-limited-ng\",\"code\":\"51337\",\"longcode\":\"090540\",\"gateway\":null,\"pay_with_bank\":false,\"supports_transfer\":true,\"available_for_direct_debit\":false,\"active\":true,\"country\":\"Nigeria\",\"currency\":\"NGN\",\"type\":\"nuban\",\"is_deleted\":false,\"createdAt\":\"2024-08-28T14:36:20.000Z\",\"updatedAt\":\"2024-08-28T14:36:20.000Z\"},{\"id\":181,\"name\":\"Bainescredit MFB\",\"slug\":\"bainescredit-mfb\",\"code\":\"51229\",\"longcode\":\"\",\"gateway\":null,\"pay_with_bank\":false,\"supports_transfer\":true,\"available_for_direct_debit\":false,\"active\":true,\"country\":\"Nigeria\",\"currency\":\"NGN\",\"type\":\"nuban\",\"is_deleted\":false,\"createdAt\":\"2021-07-12T14:41:18.000Z\",\"updatedAt\":\"2021-07-12T14:41:18.000Z\"},{\"id\":686,\"name\":\"Banc Corp Microfinance Bank\",\"slug\":\"banc-corp-microfinance-bank-ng\",\"code\":\"50117\",\"longcode\":\"50117\",\"gateway\":\"\",\"pay_with_bank\":false,\"supports_transfer\":true,\"available_for_direct_debit\":false,\"active\":true,\"country\":\"Nigeria\",\"currency\":\"NGN\",\"type\":\"nuban\",\"is_deleted\":false,\"createdAt\":\"2023-03-06T15:39:58.000Z\",\"updatedAt\":\"2023-03-06T15:39:58.000Z\"},{\"id\":880,\"name\":\"Bank78 Microfinance Bank\",\"slug\":\"bank78-microfinance-bank-ng\",\"code\":\"11072\",\"longcode\":\"090866\",\"gateway\":null,\"pay_with_bank\":false,\"supports_transfer\":true,\"available_for_direct_debit\":false,\"active\":true,\"country\":\"Nigeria\",\"currency\":\"NGN\",\"type\":\"nuban\",\"is_deleted\":false,\"createdAt\":\"2025-12-09T10:54:45.000Z\",\"updatedAt\":\"2025-12-09T10:54:45.000Z\"},{\"id\":832,\"name\":\"BANKIT MICROFINANCE BANK LTD\",\"slug\":\"bankit-microfinance-bank-ltd-ng\",\"code\":\"50572\",\"longcode\":\"090275\",\"gateway\":null,\"pay_with_bank\":false,\"supports_transfer\":true,\"available_for_direct_debit\":false,\"active\":true,\"country\":\"Nigeria\",\"currency\":\"NGN\",\"type\":\"nuban\",\"is_deleted\":false,\"createdAt\":\"2025-04-02T13:12:36.000Z\",\"updatedAt\":\"2025-04-02T13:12:36.000Z\"},{\"id\":689,\"name\":\"BANKLY MFB\",\"slug\":\"ampersand-microfinance-bank-ng\",\"code\":\"51341\",\"longcode\":\"\",\"gateway\":\"\",\"pay_with_bank\":false,\"supports_transfer\":true,\"available_for_direct_debit\":false,\"active\":true,\"country\":\"Nigeria\",\"currency\":\"NGN\",\"type\":\"nuban\",\"is_deleted\":false,\"createdAt\":\"2023-03-23T11:11:40.000Z\",\"updatedAt\":\"2024-10-22T07:32:28.000Z\"},{\"id\":777,\"name\":\"Baobab Microfinance Bank\",\"slug\":\"baobab-microfinance-bank-ng\",\"code\":\"MFB50992\",\"longcode\":\"MFB50992\",\"gateway\":\"null\",\"pay_with_bank\":false,\"supports_transfer\":true,\"available_for_direct_debit\":false,\"active\":true,\"country\":\"Nigeria\",\"currency\":\"NGN\",\"type\":\"nuban\",\"is_deleted\":false,\"createdAt\":\"2024-05-08T09:06:52.000Z\",\"updatedAt\":\"2024-05-08T09:06:52.000Z\"},{\"id\":783,\"name\":\"BellBank Microfinance Bank\",\"slug\":\"bellbank-microfinance-bank-ng\",\"code\":\"51100\",\"longcode\":\"51100\",\"gateway\":null,\"pay_with_bank\":false,\"supports_transfer\":true,\"available_for_direct_debit\":false,\"active\":true,\"country\":\"Nigeria\",\"currency\":\"NGN\",\"type\":\"nuban\",\"is_deleted\":false,\"createdAt\":\"2024-07-02T11:56:37.000Z\",\"updatedAt\":\"2024-07-02T11:56:37.000Z\"},{\"id\":589,\"name\":\"Benysta Microfinance Bank Limited\",\"slug\":\"benysta-microfinance-bank-limited\",\"code\":\"51267\",\"longcode\":\"51267\",\"gateway\":\"emandate\",\"pay_with_bank\":false,\"supports_transfer\":true,\"available_for_direct_debit\":false,\"active\":true,\"country\":\"Nigeria\",\"currency\":\"NGN\",\"type\":\"nuban\",\"is_deleted\":false,\"createdAt\":\"2022-07-28T14:22:56.000Z\",\"updatedAt\":\"2024-07-04T11:12:27.000Z\"},{\"id\":886,\"name\":\"Berachah Microfinance Bank Ltd.\",\"slug\":\"berachah-microfinance-bank-ltd-ng\",\"code\":\"50122\",\"longcode\":\"090618\",\"gateway\":null,\"pay_with_bank\":false,\"supports_transfer\":true,\"available_for_direct_debit\":false,\"active\":true,\"country\":\"Nigeria\",\"currency\":\"NGN\",\"type\":\"nuban\",\"is_deleted\":false,\"createdAt\":\"2026-01-16T10:40:16.000Z\",\"updatedAt\":\"2026-01-16T10:40:16.000Z\"},{\"id\":771,\"name\":\"Beststar Microfinance Bank\",\"slug\":\"beststar-microfinance-bank-ng\",\"code\":\"50123\",\"longcode\":\"090615\",\"gateway\":null,\"pay_with_bank\":false,\"supports_transfer\":true,\"available_for_direct_debit\":false,\"active\":true,\"country\":\"Nigeria\",\"currency\":\"NGN\",\"type\":\"nuban\",\"is_deleted\":false,\"createdAt\":\"2024-01-26T08:55:14.000Z\",\"updatedAt\":\"2024-01-26T08:55:14.000Z\"},{\"id\":816,\"name\":\"BOLD MFB\",\"slug\":\"bold-mfb-ng\",\"code\":\"50725\",\"longcode\":\"090753\",\"gateway\":\"\",\"pay_with_bank\":false,\"supports_transfer\":true,\"available_for_direct_debit\":false,\"active\":true,\"country\":\"Nigeria\",\"currency\":\"NGN\",\"type\":\"nuban\",\"is_deleted\":false,\"createdAt\":\"2024-12-20T11:31:23.000Z\",\"updatedAt\":\"2024-12-20T14:06:12.000Z\"},{\"id\":815,\"name\":\"Bosak Microfinance Bank\",\"slug\":\"bosak-microfinance-bank-ng\",\"code\":\"650\",\"longcode\":\"650\",\"gateway\":null,\"pay_with_bank\":false,\"supports_transfer\":true,\"available_for_direct_debit\":false,\"active\":true,\"country\":\"Nigeria\",\"currency\":\"NGN\",\"type\":\"nuban\",\"is_deleted\":false,\"createdAt\":\"2024-12-16T12:21:26.000Z\",\"updatedAt\":\"2024-12-16T12:21:26.000Z\"},{\"id\":108,\"name\":\"Bowen Microfinance Bank\",\"slug\":\"bowen-microfinance-bank\",\"code\":\"50931\",\"longcode\":\"\",\"gateway\":null,\"pay_with_bank\":false,\"supports_transfer\":true,\"available_for_direct_debit\":false,\"active\":true,\"country\":\"Nigeria\",\"currency\":\"NGN\",\"type\":\"nuban\",\"is_deleted\":false,\"createdAt\":\"2020-02-11T15:38:57.000Z\",\"updatedAt\":\"2020-02-11T15:38:57.000Z\"},{\"id\":697,\"name\":\"Branch International Finance Company Limited\",\"slug\":\"branch\",\"code\":\"FC40163\",\"longcode\":\"\",\"gateway\":null,\"pay_with_bank\":false,\"supports_transfer\":true,\"available_for_direct_debit\":false,\"active\":true,\"country\":\"Nigeria\",\"currency\":\"NGN\",\"type\":\"nuban\",\"is_deleted\":false,\"createdAt\":\"2023-05-04T09:49:07.000Z\",\"updatedAt\":\"2024-10-23T10:37:58.000Z\"},{\"id\":867,\"name\":\"Brent Mortgage bank\",\"slug\":\"brent-mortgage-bank-ng\",\"code\":\"90070\",\"longcode\":\"070015\",\"gateway\":null,\"pay_with_bank\":false,\"supports_transfer\":true,\"available_for_direct_debit\":false,\"active\":true,\"country\":\"Nigeria\",\"currency\":\"NGN\",\"type\":\"nuban\",\"is_deleted\":false,\"createdAt\":\"2025-09-17T06:54:19.000Z\",\"updatedAt\":\"2025-09-17T06:54:19.000Z\"},{\"id\":817,\"name\":\"BuyPower MFB\",\"slug\":\"buypower-mfb-ng\",\"code\":\"50645\",\"longcode\":\"50645\",\"gateway\":\"\",\"pay_with_bank\":false,\"supports_transfer\":true,\"available_for_direct_debit\":false,\"active\":true,\"country\":\"Nigeria\",\"currency\":\"NGN\",\"type\":\"nuban\",\"is_deleted\":false,\"createdAt\":\"2025-01-13T12:40:37.000Z\",\"updatedAt\":\"2025-01-13T15:31:54.000Z\"},{\"id\":82,\"name\":\"Carbon\",\"slug\":\"carbon\",\"code\":\"565\",\"longcode\":\"\",\"gateway\":\"digitalbankmandate\",\"pay_with_bank\":false,\"supports_transfer\":true,\"available_for_direct_debit\":false,\"active\":true,\"country\":\"Nigeria\",\"currency\":\"NGN\",\"type\":\"nuban\",\"is_deleted\":false,\"createdAt\":\"2020-06-16T08:15:31.000Z\",\"updatedAt\":\"2025-03-10T13:42:25.000Z\"},{\"id\":781,\"name\":\"Cashbridge Microfinance Bank Limited\",\"slug\":\"cashbridge-mfb-ng\",\"code\":\"51353\",\"longcode\":\"51353\",\"gateway\":null,\"pay_with_bank\":false,\"supports_transfer\":true,\"available_for_direct_debit\":false,\"active\":true,\"country\":\"Nigeria\",\"currency\":\"NGN\",\"type\":\"nuban\",\"is_deleted\":false,\"createdAt\":\"2024-06-27T13:01:40.000Z\",\"updatedAt\":\"2024-06-27T13:01:40.000Z\"},{\"id\":692,\"name\":\"CASHCONNECT MFB\",\"slug\":\"cashconnect-mfb-ng\",\"code\":\"865\",\"longcode\":\"865\",\"gateway\":\"\",\"pay_with_bank\":false,\"supports_transfer\":true,\"available_for_direct_debit\":false,\"active\":true,\"country\":\"Nigeria\",\"currency\":\"NGN\",\"type\":\"nuban\",\"is_deleted\":false,\"createdAt\":\"2023-04-05T14:29:19.000Z\",\"updatedAt\":\"2023-04-05T14:29:19.000Z\"},{\"id\":74,\"name\":\"CEMCS Microfinance Bank\",\"slug\":\"cemcs-microfinance-bank\",\"code\":\"50823\",\"longcode\":\"\",\"gateway\":null,\"pay_with_bank\":false,\"supports_transfer\":true,\"available_for_direct_debit\":false,\"active\":true,\"country\":\"Nigeria\",\"currency\":\"NGN\",\"type\":\"nuban\",\"is_deleted\":false,\"createdAt\":\"2020-03-23T15:06:13.000Z\",\"updatedAt\":\"2020-03-23T15:06:28.000Z\"},{\"id\":284,\"name\":\"Chanelle Microfinance Bank Limited\",\"slug\":\"chanelle-microfinance-bank-limited-ng\",\"code\":\"50171\",\"longcode\":\"50171\",\"gateway\":\"\",\"pay_with_bank\":false,\"supports_transfer\":true,\"available_for_direct_debit\":false,\"active\":true,\"country\":\"Nigeria\",\"currency\":\"NGN\",\"type\":\"nuban\",\"is_deleted\":false,\"createdAt\":\"2022-02-10T13:28:38.000Z\",\"updatedAt\":\"2022-02-10T13:28:38.000Z\"},{\"id\":704,\"name\":\"Chikum Microfinance bank\",\"slug\":\"chikum-microfinance-bank-ng\",\"code\":\"312\",\"longcode\":\"null\",\"gateway\":null,\"pay_with_bank\":false,\"supports_transfer\":true,\"available_for_direct_debit\":false,\"active\":true,\"country\":\"Nigeria\",\"currency\":\"NGN\",\"type\":\"nuban\",\"is_deleted\":false,\"createdAt\":\"2023-07-03T11:21:07.000Z\",\"updatedAt\":\"2023-07-03T11:21:07.000Z\"},{\"id\":2,\"name\":\"Citibank Nigeria\",\"slug\":\"citibank-nigeria\",\"code\":\"023\",\"longcode\":\"023150005\",\"gateway\":null,\"pay_with_bank\":false,\"supports_transfer\":true,\"available_for_direct_debit\":true,\"active\":true,\"country\":\"Nigeria\",\"currency\":\"NGN\",\"type\":\"nuban\",\"is_deleted\":false,\"createdAt\":\"2016-07-14T10:04:29.000Z\",\"updatedAt\":\"2020-02-18T20:24:02.000Z\"},{\"id\":755,\"name\":\"CITYCODE MORTAGE BANK\",\"slug\":\"citycode-mortage-bank-ng\",\"code\":\"070027\",\"longcode\":\"070027\",\"gateway\":\"\",\"pay_with_bank\":false,\"supports_transfer\":true,\"available_for_direct_debit\":false,\"active\":true,\"country\":\"Nigeria\",\"currency\":\"NGN\",\"type\":\"nuban\",\"is_deleted\":false,\"createdAt\":\"2023-12-30T06:16:39.000Z\",\"updatedAt\":\"2023-12-30T06:16:39.000Z\"},{\"id\":691,\"name\":\"Consumer Microfinance Bank\",\"slug\":\"consumer-microfinance-bank-ng\",\"code\":\"50910\",\"longcode\":\"50910\",\"gateway\":null,\"pay_with_bank\":false,\"supports_transfer\":true,\"available_for_direct_debit\":false,\"active\":true,\"country\":\"Nigeria\",\"currency\":\"NGN\",\"type\":\"nuban\",\"is_deleted\":false,\"createdAt\":\"2023-03-28T06:18:02.000Z\",\"updatedAt\":\"2023-03-28T06:18:02.000Z\"},{\"id\":874,\"name\":\"Cool Microfinance Bank Limited\",\"slug\":\"cool-microfinance-bank-limited-ng\",\"code\":\"51458\",\"longcode\":\"090842\",\"gateway\":null,\"pay_with_bank\":false,\"supports_transfer\":true,\"available_for_direct_debit\":false,\"active\":true,\"country\":\"Nigeria\",\"currency\":\"NGN\",\"type\":\"nuban\",\"is_deleted\":false,\"createdAt\":\"2025-11-06T13:26:41.000Z\",\"updatedAt\":\"2025-11-06T13:26:41.000Z\"},{\"id\":895,\"name\":\"Cooperative Mortgage Bank\",\"slug\":\"cooperative-mortgage-bank-ng\",\"code\":\"90089\",\"longcode\":\"070021\",\"gateway\":null,\"pay_with_bank\":false,\"supports_transfer\":false,\"available_for_direct_debit\":false,\"active\":true,\"country\":\"Nigeria\",\"currency\":\"NGN\",\"type\":\"nuban\",\"is_deleted\":false,\"createdAt\":\"2026-02-16T14:02:24.000Z\",\"updatedAt\":\"2026-02-16T14:02:24.000Z\"},{\"id\":283,\"name\":\"Corestep MFB\",\"slug\":\"corestep-mfb\",\"code\":\"50204\",\"longcode\":\"\",\"gateway\":null,\"pay_with_bank\":false,\"supports_transfer\":true,\"available_for_direct_debit\":false,\"active\":true,\"country\":\"Nigeria\",\"currency\":\"NGN\",\"type\":\"nuban\",\"is_deleted\":false,\"createdAt\":\"2022-02-09T14:33:06.000Z\",\"updatedAt\":\"2022-02-09T14:33:06.000Z\"},{\"id\":173,\"name\":\"Coronation Merchant Bank\",\"slug\":\"coronation-merchant-bank-ng\",\"code\":\"559\",\"longcode\":\"\",\"gateway\":null,\"pay_with_bank\":false,\"supports_transfer\":true,\"available_for_direct_debit\":false,\"active\":true,\"country\":\"Nigeria\",\"currency\":\"NGN\",\"type\":\"nuban\",\"is_deleted\":false,\"createdAt\":\"2020-11-24T10:25:07.000Z\",\"updatedAt\":\"2023-05-04T06:49:08.000Z\"},{\"id\":694,\"name\":\"County Finance Limited\",\"slug\":\"county-finance-limited\",\"code\":\"FC40128\",\"longcode\":\"\",\"gateway\":null,\"pay_with_bank\":false,\"supports_transfer\":true,\"available_for_direct_debit\":false,\"active\":true,\"country\":\"Nigeria\",\"currency\":\"NGN\",\"type\":\"nuban\",\"is_deleted\":false,\"createdAt\":\"2023-04-26T14:24:23.000Z\",\"updatedAt\":\"2023-04-26T14:24:23.000Z\"},{\"id\":829,\"name\":\"Credit Direct Limited\",\"slug\":\"credit-direct-limited-ng\",\"code\":\"40119\",\"longcode\":\"110049\",\"gateway\":null,\"pay_with_bank\":false,\"supports_transfer\":true,\"available_for_direct_debit\":false,\"active\":true,\"country\":\"Nigeria\",\"currency\":\"NGN\",\"type\":\"nuban\",\"is_deleted\":false,\"createdAt\":\"2025-03-15T18:14:25.000Z\",\"updatedAt\":\"2025-03-15T18:14:25.000Z\"},{\"id\":366,\"name\":\"Crescent MFB\",\"slug\":\"crescent-mfb\",\"code\":\"51297\",\"longcode\":\"\",\"gateway\":null,\"pay_with_bank\":false,\"supports_transfer\":true,\"available_for_direct_debit\":false,\"active\":true,\"country\":\"Nigeria\",\"currency\":\"NGN\",\"type\":\"nuban\",\"is_deleted\":false,\"createdAt\":\"2022-07-18T12:39:03.000Z\",\"updatedAt\":\"2022-07-18T12:39:03.000Z\"},{\"id\":634,\"name\":\"Crust Microfinance Bank\",\"slug\":\"crust-microfinance-bank-ng\",\"code\":\"090560\",\"longcode\":\"\",\"gateway\":\"\",\"pay_with_bank\":false,\"supports_transfer\":true,\"available_for_direct_debit\":false,\"active\":true,\"country\":\"Nigeria\",\"currency\":\"NGN\",\"type\":\"nuban\",\"is_deleted\":false,\"createdAt\":\"2022-09-22T09:14:25.000Z\",\"updatedAt\":\"2023-12-12T15:46:28.000Z\"},{\"id\":820,\"name\":\"CRUTECH MICROFINANCE BANK LTD\",\"slug\":\"crutech-microfinance-bank-ltd-ng\",\"code\":\"50216\",\"longcode\":\"090414\",\"gateway\":\"\",\"pay_with_bank\":false,\"supports_transfer\":true,\"available_for_direct_debit\":false,\"active\":true,\"country\":\"Nigeria\",\"currency\":\"NGN\",\"type\":\"nuban\",\"is_deleted\":false,\"createdAt\":\"2025-01-24T12:05:13.000Z\",\"updatedAt\":\"2025-04-15T15:27:51.000Z\"},{\"id\":865,\"name\":\"Dash Microfinance Bank\",\"slug\":\"dash-microfinance-bank-ng\",\"code\":\"51368\",\"longcode\":\"090845\",\"gateway\":null,\"pay_with_bank\":false,\"supports_transfer\":true,\"available_for_direct_debit\":false,\"active\":true,\"country\":\"Nigeria\",\"currency\":\"NGN\",\"type\":\"nuban\",\"is_deleted\":false,\"createdAt\":\"2025-09-12T15:03:26.000Z\",\"updatedAt\":\"2025-09-12T15:03:26.000Z\"},{\"id\":738,\"name\":\"Davenport MICROFINANCE BANK\",\"slug\":\"davenport-microfinance-bank-ng\",\"code\":\"51334\",\"longcode\":\"51334\",\"gateway\":\"\",\"pay_with_bank\":false,\"supports_transfer\":true,\"available_for_direct_debit\":false,\"active\":true,\"country\":\"Nigeria\",\"currency\":\"NGN\",\"type\":\"nuban\",\"is_deleted\":false,\"createdAt\":\"2023-11-20T13:30:56.000Z\",\"updatedAt\":\"2023-11-20T13:30:56.000Z\"},{\"id\":860,\"name\":\"Dillon Microfinance Bank\",\"slug\":\"dillon-microfinance-bank-ng\",\"code\":\"51450\",\"longcode\":\"09828\",\"gateway\":null,\"pay_with_bank\":false,\"supports_transfer\":true,\"available_for_direct_debit\":false,\"active\":true,\"country\":\"Nigeria\",\"currency\":\"NGN\",\"type\":\"nuban\",\"is_deleted\":false,\"createdAt\":\"2025-07-31T15:52:51.000Z\",\"updatedAt\":\"2025-07-31T15:52:51.000Z\"},{\"id\":637,\"name\":\"Dot Microfinance Bank\",\"slug\":\"dot-microfinance-bank-ng\",\"code\":\"50162\",\"longcode\":\"\",\"gateway\":null,\"pay_with_bank\":false,\"supports_transfer\":true,\"available_for_direct_debit\":false,\"active\":true,\"country\":\"Nigeria\",\"currency\":\"NGN\",\"type\":\"nuban\",\"is_deleted\":false,\"createdAt\":\"2022-11-03T14:39:09.000Z\",\"updatedAt\":\"2022-11-03T14:39:09.000Z\"},{\"id\":821,\"name\":\"EBSU Microfinance Bank\",\"slug\":\"ebsu-microfinance-bank-ng\",\"code\":\"50922\",\"longcode\":\"090427\",\"gateway\":null,\"pay_with_bank\":false,\"supports_transfer\":true,\"available_for_direct_debit\":false,\"active\":true,\"country\":\"Nigeria\",\"currency\":\"NGN\",\"type\":\"nuban\",\"is_deleted\":false,\"createdAt\":\"2025-02-10T13:06:52.000Z\",\"updatedAt\":\"2025-02-10T13:06:52.000Z\"},{\"id\":4,\"name\":\"Ecobank Nigeria\",\"slug\":\"ecobank-nigeria\",\"code\":\"050\",\"longcode\":\"050150010\",\"gateway\":null,\"pay_with_bank\":false,\"supports_transfer\":true,\"available_for_direct_debit\":true,\"active\":true,\"country\":\"Nigeria\",\"currency\":\"NGN\",\"type\":\"nuban\",\"is_deleted\":false,\"createdAt\":\"2016-07-14T10:04:29.000Z\",\"updatedAt\":\"2020-02-18T20:23:53.000Z\"},{\"id\":628,\"name\":\"Ekimogun MFB\",\"slug\":\"ekimogun-mfb-ng\",\"code\":\"50263\",\"longcode\":\"\",\"gateway\":null,\"pay_with_bank\":false,\"supports_transfer\":true,\"available_for_direct_debit\":false,\"active\":true,\"country\":\"Nigeria\",\"currency\":\"NGN\",\"type\":\"nuban\",\"is_deleted\":false,\"createdAt\":\"2022-08-31T08:26:39.000Z\",\"updatedAt\":\"2022-08-31T08:26:39.000Z\"},{\"id\":64,\"name\":\"Ekondo Microfinance Bank\",\"slug\":\"ekondo-microfinance-bank-ng\",\"code\":\"098\",\"longcode\":\"\",\"gateway\":null,\"pay_with_bank\":false,\"supports_transfer\":true,\"available_for_direct_debit\":false,\"active\":true,\"country\":\"Nigeria\",\"currency\":\"NGN\",\"type\":\"nuban\",\"is_deleted\":false,\"createdAt\":\"2018-09-23T05:55:06.000Z\",\"updatedAt\":\"2022-09-21T15:09:51.000Z\"},{\"id\":761,\"name\":\"EXCEL FINANCE BANK\",\"slug\":\"excel-finance-bank-ng\",\"code\":\"090678\",\"longcode\":\"090678\",\"gateway\":\"\",\"pay_with_bank\":false,\"supports_transfer\":true,\"available_for_direct_debit\":false,\"active\":true,\"country\":\"Nigeria\",\"currency\":\"NGN\",\"type\":\"nuban\",\"is_deleted\":false,\"createdAt\":\"2023-12-30T06:19:49.000Z\",\"updatedAt\":\"2023-12-30T06:19:49.000Z\"},{\"id\":167,\"name\":\"Eyowo\",\"slug\":\"eyowo\",\"code\":\"50126\",\"longcode\":\"\",\"gateway\":null,\"pay_with_bank\":false,\"supports_transfer\":true,\"available_for_direct_debit\":false,\"active\":true,\"country\":\"Nigeria\",\"currency\":\"NGN\",\"type\":\"nuban\",\"is_deleted\":false,\"createdAt\":\"2020-09-07T13:52:22.000Z\",\"updatedAt\":\"2020-11-24T10:03:21.000Z\"},{\"id\":677,\"name\":\"Fairmoney Microfinance Bank\",\"slug\":\"fairmoney-microfinance-bank-ng\",\"code\":\"51318\",\"longcode\":\"\",\"gateway\":null,\"pay_with_bank\":false,\"supports_transfer\":true,\"available_for_direct_debit\":false,\"active\":true,\"country\":\"Nigeria\",\"currency\":\"NGN\",\"type\":\"nuban\",\"is_deleted\":false,\"createdAt\":\"2022-11-15T12:33:47.000Z\",\"updatedAt\":\"2022-11-15T12:37:44.000Z\"},{\"id\":898,\"name\":\"FCMB MFB\",\"slug\":\"fcmb-mfb-ng\",\"code\":\"51241\",\"longcode\":\"51241\",\"gateway\":null,\"pay_with_bank\":false,\"supports_transfer\":true,\"available_for_direct_debit\":false,\"active\":true,\"country\":\"Nigeria\",\"currency\":\"NGN\",\"type\":\"nuban\",\"is_deleted\":false,\"createdAt\":\"2026-02-23T16:51:37.000Z\",\"updatedAt\":\"2026-02-23T16:51:37.000Z\"},{\"id\":767,\"name\":\"Fedeth MFB\",\"slug\":\"fedeth-mfb-ng\",\"code\":\"50298\",\"longcode\":\"090482\",\"gateway\":null,\"pay_with_bank\":false,\"supports_transfer\":true,\"available_for_direct_debit\":false,\"active\":true,\"country\":\"Nigeria\",\"currency\":\"NGN\",\"type\":\"nuban\",\"is_deleted\":false,\"createdAt\":\"2024-01-04T14:09:56.000Z\",\"updatedAt\":\"2024-01-04T14:09:56.000Z\"},{\"id\":6,\"name\":\"Fidelity Bank\",\"slug\":\"fidelity-bank\",\"code\":\"070\",\"longcode\":\"070150003\",\"gateway\":\"emandate\",\"pay_with_bank\":false,\"supports_transfer\":true,\"available_for_direct_debit\":true,\"active\":true,\"country\":\"Nigeria\",\"currency\":\"NGN\",\"type\":\"nuban\",\"is_deleted\":false,\"createdAt\":\"2016-07-14T10:04:29.000Z\",\"updatedAt\":\"2021-08-27T09:15:29.000Z\"},{\"id\":177,\"name\":\"Firmus MFB\",\"slug\":\"firmus-mfb\",\"code\":\"51314\",\"longcode\":\"\",\"gateway\":null,\"pay_with_bank\":false,\"supports_transfer\":true,\"available_for_direct_debit\":false,\"active\":true,\"country\":\"Nigeria\",\"currency\":\"NGN\",\"type\":\"nuban\",\"is_deleted\":false,\"createdAt\":\"2021-06-01T15:33:26.000Z\",\"updatedAt\":\"2021-06-01T15:33:26.000Z\"},{\"id\":7,\"name\":\"First Bank of Nigeria\",\"slug\":\"first-bank-of-nigeria\",\"code\":\"011\",\"longcode\":\"011151003\",\"gateway\":\"ibank\",\"pay_with_bank\":false,\"supports_transfer\":true,\"available_for_direct_debit\":true,\"active\":true,\"country\":\"Nigeria\",\"currency\":\"NGN\",\"type\":\"nuban\",\"is_deleted\":false,\"createdAt\":\"2016-07-14T10:04:29.000Z\",\"updatedAt\":\"2021-03-25T14:22:52.000Z\"},{\"id\":8,\"name\":\"First City Monument Bank\",\"slug\":\"first-city-monument-bank\",\"code\":\"214\",\"longcode\":\"214150018\",\"gateway\":\"emandate\",\"pay_with_bank\":false,\"supports_transfer\":true,\"available_for_direct_debit\":true,\"active\":true,\"country\":\"Nigeria\",\"currency\":\"NGN\",\"type\":\"nuban\",\"is_deleted\":false,\"createdAt\":\"2016-07-14T10:04:29.000Z\",\"updatedAt\":\"2020-02-18T08:06:46.000Z\"},{\"id\":893,\"name\":\"First Option MFB\",\"slug\":\"first-option-mfb-ng\",\"code\":\"50934\",\"longcode\":\"090285\",\"gateway\":null,\"pay_with_bank\":false,\"supports_transfer\":false,\"available_for_direct_debit\":false,\"active\":true,\"country\":\"Nigeria\",\"currency\":\"NGN\",\"type\":\"nuban\",\"is_deleted\":false,\"createdAt\":\"2026-02-13T15:44:27.000Z\",\"updatedAt\":\"2026-02-13T15:44:27.000Z\"},{\"id\":757,\"name\":\"FIRST ROYAL MICROFINANCE BANK\",\"slug\":\"first-royal-microfinance-bank-ng\",\"code\":\"090164\",\"longcode\":\"090164\",\"gateway\":\"\",\"pay_with_bank\":false,\"supports_transfer\":true,\"available_for_direct_debit\":false,\"active\":true,\"country\":\"Nigeria\",\"currency\":\"NGN\",\"type\":\"nuban\",\"is_deleted\":false,\"createdAt\":\"2023-12-30T06:18:48.000Z\",\"updatedAt\":\"2023-12-30T06:18:48.000Z\"},{\"id\":812,\"name\":\"FIRSTMIDAS MFB\",\"slug\":\"firstmidas-mfb-ng\",\"code\":\"51333\",\"longcode\":\"090575\",\"gateway\":null,\"pay_with_bank\":false,\"supports_transfer\":true,\"available_for_direct_debit\":false,\"active\":true,\"country\":\"Nigeria\",\"currency\":\"NGN\",\"type\":\"nuban\",\"is_deleted\":false,\"createdAt\":\"2024-12-04T15:04:19.000Z\",\"updatedAt\":\"2024-12-04T15:04:19.000Z\"},{\"id\":682,\"name\":\"FirstTrust Mortgage Bank Nigeria\",\"slug\":\"firsttrust-mortgage-bank-nigeria-ng\",\"code\":\"413\",\"longcode\":\"\",\"gateway\":null,\"pay_with_bank\":false,\"supports_transfer\":true,\"available_for_direct_debit\":false,\"active\":true,\"country\":\"Nigeria\",\"currency\":\"NGN\",\"type\":\"nuban\",\"is_deleted\":false,\"createdAt\":\"2023-02-17T12:12:37.000Z\",\"updatedAt\":\"2023-06-15T16:21:12.000Z\"},{\"id\":882,\"name\":\"Fortress MFB\",\"slug\":\"fortress-mfb-ng\",\"code\":\"D53\",\"longcode\":\"090486\",\"gateway\":null,\"pay_with_bank\":false,\"supports_transfer\":true,\"available_for_direct_debit\":false,\"active\":true,\"country\":\"Nigeria\",\"currency\":\"NGN\",\"type\":\"nuban\",\"is_deleted\":false,\"createdAt\":\"2025-12-29T09:17:21.000Z\",\"updatedAt\":\"2025-12-29T09:17:21.000Z\"},{\"id\":112,\"name\":\"FSDH Merchant Bank Limited\",\"slug\":\"fsdh-merchant-bank-limited\",\"code\":\"501\",\"longcode\":\"\",\"gateway\":null,\"pay_with_bank\":false,\"supports_transfer\":true,\"available_for_direct_debit\":false,\"active\":true,\"country\":\"Nigeria\",\"currency\":\"NGN\",\"type\":\"nuban\",\"is_deleted\":false,\"createdAt\":\"2020-08-20T09:37:04.000Z\",\"updatedAt\":\"2020-11-24T10:03:22.000Z\"},{\"id\":716,\"name\":\"FUTMINNA MICROFINANCE BANK\",\"slug\":\"futminna-microfinance-bank-ng\",\"code\":\"832\",\"longcode\":\"832\",\"gateway\":\"\",\"pay_with_bank\":false,\"supports_transfer\":true,\"available_for_direct_debit\":false,\"active\":true,\"country\":\"Nigeria\",\"currency\":\"NGN\",\"type\":\"nuban\",\"is_deleted\":false,\"createdAt\":\"2023-10-11T13:24:17.000Z\",\"updatedAt\":\"2023-10-11T13:24:17.000Z\"},{\"id\":794,\"name\":\"Garun Mallam MFB\",\"slug\":\"garun-mallam-mfb-ng\",\"code\":\"MFB51093\",\"longcode\":\"MFB51093\",\"gateway\":null,\"pay_with_bank\":false,\"supports_transfer\":true,\"available_for_direct_debit\":false,\"active\":true,\"country\":\"Nigeria\",\"currency\":\"NGN\",\"type\":\"nuban\",\"is_deleted\":false,\"createdAt\":\"2024-08-23T09:24:06.000Z\",\"updatedAt\":\"2024-08-23T09:24:06.000Z\"},{\"id\":287,\"name\":\"Gateway Mortgage Bank LTD\",\"slug\":\"gateway-mortgage-bank\",\"code\":\"812\",\"longcode\":\"\",\"gateway\":null,\"pay_with_bank\":false,\"supports_transfer\":true,\"available_for_direct_debit\":false,\"active\":true,\"country\":\"Nigeria\",\"currency\":\"NGN\",\"type\":\"nuban\",\"is_deleted\":false,\"createdAt\":\"2022-02-24T06:04:39.000Z\",\"updatedAt\":\"2022-02-24T06:04:39.000Z\"},{\"id\":70,\"name\":\"Globus Bank\",\"slug\":\"globus-bank\",\"code\":\"00103\",\"longcode\":\"103015001\",\"gateway\":null,\"pay_with_bank\":false,\"supports_transfer\":true,\"available_for_direct_debit\":true,\"active\":true,\"country\":\"Nigeria\",\"currency\":\"NGN\",\"type\":\"nuban\",\"is_deleted\":false,\"createdAt\":\"2020-02-11T15:38:57.000Z\",\"updatedAt\":\"2020-02-11T15:38:57.000Z\"},{\"id\":769,\"name\":\"Goldman MFB\",\"slug\":\"goldman-mfb-ng\",\"code\":\"090574\",\"longcode\":\"950356\",\"gateway\":null,\"pay_with_bank\":false,\"supports_transfer\":true,\"available_for_direct_debit\":false,\"active\":true,\"country\":\"Nigeria\",\"currency\":\"NGN\",\"type\":\"nuban\",\"is_deleted\":false,\"createdAt\":\"2024-01-12T10:05:20.000Z\",\"updatedAt\":\"2024-01-12T10:05:20.000Z\"},{\"id\":183,\"name\":\"GoMoney\",\"slug\":\"gomoney\",\"code\":\"100022\",\"longcode\":\"\",\"gateway\":null,\"pay_with_bank\":false,\"supports_transfer\":true,\"available_for_direct_debit\":false,\"active\":true,\"country\":\"Nigeria\",\"currency\":\"NGN\",\"type\":\"nuban\",\"is_deleted\":false,\"createdAt\":\"2021-08-04T11:49:46.000Z\",\"updatedAt\":\"2021-11-12T13:32:14.000Z\"},{\"id\":756,\"name\":\"GOOD SHEPHERD MICROFINANCE BANK\",\"slug\":\"good-shepherd-microfinance-bank-ng\",\"code\":\"090664\",\"longcode\":\"090664\",\"gateway\":\"\",\"pay_with_bank\":false,\"supports_transfer\":true,\"available_for_direct_debit\":false,\"active\":true,\"country\":\"Nigeria\",\"currency\":\"NGN\",\"type\":\"nuban\",\"is_deleted\":false,\"createdAt\":\"2023-12-30T06:16:56.000Z\",\"updatedAt\":\"2023-12-30T06:16:56.000Z\"},{\"id\":635,\"name\":\"Goodnews Microfinance Bank\",\"slug\":\"goodnews-microfinance-bank-ng\",\"code\":\"50739\",\"longcode\":\"\",\"gateway\":null,\"pay_with_bank\":false,\"supports_transfer\":true,\"available_for_direct_debit\":false,\"active\":true,\"country\":\"Nigeria\",\"currency\":\"NGN\",\"type\":\"nuban\",\"is_deleted\":false,\"createdAt\":\"2022-09-29T09:14:18.000Z\",\"updatedAt\":\"2022-10-18T14:59:07.000Z\"},{\"id\":633,\"name\":\"Greenwich Merchant Bank\",\"slug\":\"greenwich-merchant-bank-ng\",\"code\":\"562\",\"longcode\":\"\",\"gateway\":null,\"pay_with_bank\":false,\"supports_transfer\":true,\"available_for_direct_debit\":false,\"active\":true,\"country\":\"Nigeria\",\"currency\":\"NGN\",\"type\":\"nuban\",\"is_deleted\":false,\"createdAt\":\"2022-09-16T15:23:58.000Z\",\"updatedAt\":\"2022-09-16T15:23:58.000Z\"},{\"id\":789,\"name\":\"GROOMING MICROFINANCE BANK\",\"slug\":\"grooming-microfinance-bank-ng\",\"code\":\"51276\",\"longcode\":\"51276\",\"gateway\":null,\"pay_with_bank\":false,\"supports_transfer\":true,\"available_for_direct_debit\":false,\"active\":true,\"country\":\"Nigeria\",\"currency\":\"NGN\",\"type\":\"nuban\",\"is_deleted\":false,\"createdAt\":\"2024-08-06T10:52:30.000Z\",\"updatedAt\":\"2024-08-06T10:52:30.000Z\"},{\"id\":824,\"name\":\"GTI MFB\",\"slug\":\"gti-mfb-ng\",\"code\":\"50368\",\"longcode\":\"090385\",\"gateway\":null,\"pay_with_bank\":false,\"supports_transfer\":true,\"available_for_direct_debit\":false,\"active\":true,\"country\":\"Nigeria\",\"currency\":\"NGN\",\"type\":\"nuban\",\"is_deleted\":false,\"createdAt\":\"2025-02-18T09:16:52.000Z\",\"updatedAt\":\"2025-02-18T09:16:52.000Z\"},{\"id\":9,\"name\":\"Guaranty Trust Bank\",\"slug\":\"guaranty-trust-bank\",\"code\":\"058\",\"longcode\":\"058152036\",\"gateway\":\"ibank\",\"pay_with_bank\":false,\"supports_transfer\":true,\"available_for_direct_debit\":false,\"active\":true,\"country\":\"Nigeria\",\"currency\":\"NGN\",\"type\":\"nuban\",\"is_deleted\":false,\"createdAt\":\"2016-07-14T10:04:29.000Z\",\"updatedAt\":\"2024-11-14T12:30:43.000Z\"},{\"id\":111,\"name\":\"Hackman Microfinance Bank\",\"slug\":\"hackman-microfinance-bank\",\"code\":\"51251\",\"longcode\":\"\",\"gateway\":null,\"pay_with_bank\":false,\"supports_transfer\":true,\"available_for_direct_debit\":false,\"active\":true,\"country\":\"Nigeria\",\"currency\":\"NGN\",\"type\":\"nuban\",\"is_deleted\":false,\"createdAt\":\"2020-08-20T09:32:48.000Z\",\"updatedAt\":\"2020-11-24T10:03:24.000Z\"},{\"id\":81,\"name\":\"Hasal Microfinance Bank\",\"slug\":\"hasal-microfinance-bank\",\"code\":\"50383\",\"longcode\":\"\",\"gateway\":null,\"pay_with_bank\":false,\"supports_transfer\":true,\"available_for_direct_debit\":false,\"active\":true,\"country\":\"Nigeria\",\"currency\":\"NGN\",\"type\":\"nuban\",\"is_deleted\":false,\"createdAt\":\"2020-02-11T15:38:57.000Z\",\"updatedAt\":\"2020-02-11T15:38:57.000Z\"},{\"id\":877,\"name\":\"Hayat Trust MFB\",\"slug\":\"hayat-trust-mfb-ng\",\"code\":\"51364\",\"longcode\":\"090777\",\"gateway\":null,\"pay_with_bank\":false,\"supports_transfer\":true,\"available_for_direct_debit\":false,\"active\":true,\"country\":\"Nigeria\",\"currency\":\"NGN\",\"type\":\"nuban\",\"is_deleted\":false,\"createdAt\":\"2025-11-10T12:34:01.000Z\",\"updatedAt\":\"2025-11-10T12:34:01.000Z\"},{\"id\":301,\"name\":\"HopePSB\",\"slug\":\"hopepsb-ng\",\"code\":\"120002\",\"longcode\":\"120002\",\"gateway\":\"\",\"pay_with_bank\":false,\"supports_transfer\":true,\"available_for_direct_debit\":false,\"active\":true,\"country\":\"Nigeria\",\"currency\":\"NGN\",\"type\":\"nuban\",\"is_deleted\":false,\"createdAt\":\"2022-05-30T14:03:18.000Z\",\"updatedAt\":\"2022-05-30T14:03:18.000Z\"},{\"id\":75,\"name\":\"IBANK Microfinance Bank\",\"slug\":\"IBANK-mfb\",\"code\":\"51211\",\"longcode\":\"090115\",\"gateway\":null,\"pay_with_bank\":false,\"supports_transfer\":true,\"available_for_direct_debit\":false,\"active\":true,\"country\":\"Nigeria\",\"currency\":\"NGN\",\"type\":\"nuban\",\"is_deleted\":false,\"createdAt\":\"2020-04-03T09:34:35.000Z\",\"updatedAt\":\"2024-07-22T11:59:33.000Z\"},{\"id\":828,\"name\":\"IBBU MFB\",\"slug\":\"ibbu-mfb-ng\",\"code\":\"51279\",\"longcode\":\"51279\",\"gateway\":\"\",\"pay_with_bank\":false,\"supports_transfer\":true,\"available_for_direct_debit\":false,\"active\":true,\"country\":\"Nigeria\",\"currency\":\"NGN\",\"type\":\"nuban\",\"is_deleted\":false,\"createdAt\":\"2025-03-13T11:07:50.000Z\",\"updatedAt\":\"2025-03-13T11:07:50.000Z\"},{\"id\":168,\"name\":\"Ibile Microfinance Bank\",\"slug\":\"ibile-mfb\",\"code\":\"51244\",\"longcode\":\"\",\"gateway\":null,\"pay_with_bank\":false,\"supports_transfer\":true,\"available_for_direct_debit\":false,\"active\":true,\"country\":\"Nigeria\",\"currency\":\"NGN\",\"type\":\"nuban\",\"is_deleted\":false,\"createdAt\":\"2020-10-21T10:54:20.000Z\",\"updatedAt\":\"2020-10-21T10:54:33.000Z\"},{\"id\":859,\"name\":\"Ibom Mortgage Bank\",\"slug\":\"ibom-mortgage-bank-ng\",\"code\":\"90012\",\"longcode\":\"070025\",\"gateway\":null,\"pay_with_bank\":false,\"supports_transfer\":true,\"available_for_direct_debit\":false,\"active\":true,\"country\":\"Nigeria\",\"currency\":\"NGN\",\"type\":\"nuban\",\"is_deleted\":false,\"createdAt\":\"2025-07-31T11:20:09.000Z\",\"updatedAt\":\"2025-07-31T11:20:09.000Z\"},{\"id\":615,\"name\":\"Ikoyi Osun MFB\",\"slug\":\"ikoyi-osun-mfb\",\"code\":\"50439\",\"longcode\":\"\",\"gateway\":null,\"pay_with_bank\":false,\"supports_transfer\":true,\"available_for_direct_debit\":false,\"active\":true,\"country\":\"Nigeria\",\"currency\":\"NGN\",\"type\":\"nuban\",\"is_deleted\":false,\"createdAt\":\"2022-08-10T09:48:24.000Z\",\"updatedAt\":\"2022-08-10T09:48:24.000Z\"},{\"id\":636,\"name\":\"Ilaro Poly Microfinance Bank\",\"slug\":\"ilaro-poly-microfinance-bank-ng\",\"code\":\"50442\",\"longcode\":\"\",\"gateway\":null,\"pay_with_bank\":false,\"supports_transfer\":true,\"available_for_direct_debit\":false,\"active\":true,\"country\":\"Nigeria\",\"currency\":\"NGN\",\"type\":\"nuban\",\"is_deleted\":false,\"createdAt\":\"2022-10-12T09:15:26.000Z\",\"updatedAt\":\"2022-10-12T09:15:26.000Z\"},{\"id\":703,\"name\":\"Imowo MFB\",\"slug\":\"imowo-mfb-ng\",\"code\":\"50453\",\"longcode\":\"50453\",\"gateway\":null,\"pay_with_bank\":false,\"supports_transfer\":true,\"available_for_direct_debit\":false,\"active\":true,\"country\":\"Nigeria\",\"currency\":\"NGN\",\"type\":\"nuban\",\"is_deleted\":false,\"createdAt\":\"2023-06-26T13:50:15.000Z\",\"updatedAt\":\"2023-06-26T13:50:15.000Z\"},{\"id\":754,\"name\":\"IMPERIAL HOMES MORTAGE BANK\",\"slug\":\"imperial-homes-mortage-bank-ng\",\"code\":\"415\",\"longcode\":\"100024\",\"gateway\":\"\",\"pay_with_bank\":false,\"supports_transfer\":true,\"available_for_direct_debit\":false,\"active\":true,\"country\":\"Nigeria\",\"currency\":\"NGN\",\"type\":\"nuban\",\"is_deleted\":false,\"createdAt\":\"2023-12-30T05:53:07.000Z\",\"updatedAt\":\"2024-02-12T15:49:56.000Z\"},{\"id\":858,\"name\":\"INDULGE MFB\",\"slug\":\"indulge-mfb-ng\",\"code\":\"51392\",\"longcode\":\"090772\",\"gateway\":null,\"pay_with_bank\":false,\"supports_transfer\":true,\"available_for_direct_debit\":false,\"active\":true,\"country\":\"Nigeria\",\"currency\":\"NGN\",\"type\":\"nuban\",\"is_deleted\":false,\"createdAt\":\"2025-07-31T08:43:41.000Z\",\"updatedAt\":\"2025-07-31T08:43:41.000Z\"},{\"id\":892,\"name\":\"INEBA GOGO MFB\",\"slug\":\"ineba-gogo-mfb-ng\",\"code\":\"51462\",\"longcode\":\"090838\",\"gateway\":null,\"pay_with_bank\":false,\"supports_transfer\":false,\"available_for_direct_debit\":false,\"active\":true,\"country\":\"Nigeria\",\"currency\":\"NGN\",\"type\":\"nuban\",\"is_deleted\":false,\"createdAt\":\"2026-02-04T07:53:36.000Z\",\"updatedAt\":\"2026-02-04T07:53:36.000Z\"},{\"id\":172,\"name\":\"Infinity MFB\",\"slug\":\"infinity-mfb\",\"code\":\"50457\",\"longcode\":\"\",\"gateway\":null,\"pay_with_bank\":false,\"supports_transfer\":true,\"available_for_direct_debit\":false,\"active\":true,\"country\":\"Nigeria\",\"currency\":\"NGN\",\"type\":\"nuban\",\"is_deleted\":false,\"createdAt\":\"2020-11-24T10:23:37.000Z\",\"updatedAt\":\"2020-11-24T10:23:37.000Z\"},{\"id\":822,\"name\":\"Infinity trust  Mortgage Bank\",\"slug\":\"infinity-trust-mortgage-bank-ng\",\"code\":\"070016\",\"longcode\":\"070016\",\"gateway\":\"\",\"pay_with_bank\":false,\"supports_transfer\":true,\"available_for_direct_debit\":false,\"active\":true,\"country\":\"Nigeria\",\"currency\":\"NGN\",\"type\":\"nuban\",\"is_deleted\":false,\"createdAt\":\"2025-02-11T08:33:01.000Z\",\"updatedAt\":\"2025-02-11T08:33:01.000Z\"},{\"id\":787,\"name\":\"ISUA MFB\",\"slug\":\"isua-mfb-ng\",\"code\":\"090701\",\"longcode\":\"090701\",\"gateway\":\"\",\"pay_with_bank\":false,\"supports_transfer\":true,\"available_for_direct_debit\":false,\"active\":true,\"country\":\"Nigeria\",\"currency\":\"NGN\",\"type\":\"nuban\",\"is_deleted\":false,\"createdAt\":\"2024-07-19T12:38:16.000Z\",\"updatedAt\":\"2024-07-19T12:38:16.000Z\"},{\"id\":22,\"name\":\"Jaiz Bank\",\"slug\":\"jaiz-bank\",\"code\":\"301\",\"longcode\":\"301080020\",\"gateway\":null,\"pay_with_bank\":false,\"supports_transfer\":true,\"available_for_direct_debit\":false,\"active\":true,\"country\":\"Nigeria\",\"currency\":\"NGN\",\"type\":\"nuban\",\"is_deleted\":false,\"createdAt\":\"2016-10-10T17:26:29.000Z\",\"updatedAt\":\"2016-10-10T17:26:29.000Z\"},{\"id\":187,\"name\":\"Kadpoly MFB\",\"slug\":\"kadpoly-mfb\",\"code\":\"50502\",\"longcode\":\"\",\"gateway\":null,\"pay_with_bank\":false,\"supports_transfer\":true,\"available_for_direct_debit\":false,\"active\":true,\"country\":\"Nigeria\",\"currency\":\"NGN\",\"type\":\"nuban\",\"is_deleted\":false,\"createdAt\":\"2021-09-27T11:59:42.000Z\",\"updatedAt\":\"2021-09-27T11:59:42.000Z\"},{\"id\":768,\"name\":\"KANOPOLY MFB\",\"slug\":\"kanopoly-mfb-ng\",\"code\":\"51308\",\"longcode\":\"090592\",\"gateway\":null,\"pay_with_bank\":false,\"supports_transfer\":true,\"available_for_direct_debit\":false,\"active\":true,\"country\":\"Nigeria\",\"currency\":\"NGN\",\"type\":\"nuban\",\"is_deleted\":false,\"createdAt\":\"2024-01-04T14:20:38.000Z\",\"updatedAt\":\"2024-01-04T14:20:38.000Z\"},{\"id\":878,\"name\":\"Kayvee Microfinance Bank\",\"slug\":\"kayvee-microfinance-bank-ng\",\"code\":\"5129\",\"longcode\":\"090554\",\"gateway\":null,\"pay_with_bank\":false,\"supports_transfer\":true,\"available_for_direct_debit\":false,\"active\":true,\"country\":\"Nigeria\",\"currency\":\"NGN\",\"type\":\"nuban\",\"is_deleted\":false,\"createdAt\":\"2025-11-10T12:40:37.000Z\",\"updatedAt\":\"2025-11-10T12:40:37.000Z\"},{\"id\":894,\"name\":\"Kebbi Homes Savings and Loans Limited\",\"slug\":\"kebbi-homes-savings-and-loans-limited-ng\",\"code\":\"90028\",\"longcode\":\"070031\",\"gateway\":null,\"pay_with_bank\":false,\"supports_transfer\":false,\"available_for_direct_debit\":false,\"active\":true,\"country\":\"Nigeria\",\"currency\":\"NGN\",\"type\":\"nuban\",\"is_deleted\":false,\"createdAt\":\"2026-02-16T14:01:03.000Z\",\"updatedAt\":\"2026-02-16T14:01:03.000Z\"},{\"id\":11,\"name\":\"Keystone Bank\",\"slug\":\"keystone-bank\",\"code\":\"082\",\"longcode\":\"082150017\",\"gateway\":null,\"pay_with_bank\":false,\"supports_transfer\":true,\"available_for_direct_debit\":true,\"active\":true,\"country\":\"Nigeria\",\"currency\":\"NGN\",\"type\":\"nuban\",\"is_deleted\":false,\"createdAt\":\"2016-07-14T10:04:29.000Z\",\"updatedAt\":\"2020-02-18T20:23:45.000Z\"},{\"id\":810,\"name\":\"Kolomoni MFB\",\"slug\":\"kolomoni-mfb-ng\",\"code\":\"899\",\"longcode\":\"090480\",\"gateway\":\"\",\"pay_with_bank\":false,\"supports_transfer\":true,\"available_for_direct_debit\":false,\"active\":true,\"country\":\"Nigeria\",\"currency\":\"NGN\",\"type\":\"nuban\",\"is_deleted\":false,\"createdAt\":\"2024-11-20T18:56:06.000Z\",\"updatedAt\":\"2024-11-20T18:56:06.000Z\"},{\"id\":784,\"name\":\"KONGAPAY (Kongapay Technologies Limited)(formerly Zinternet)\",\"slug\":\"kongapay-tech-ltd\",\"code\":\"100025\",\"longcode\":\"100025\",\"gateway\":null,\"pay_with_bank\":false,\"supports_transfer\":true,\"available_for_direct_debit\":false,\"active\":true,\"country\":\"Nigeria\",\"currency\":\"NGN\",\"type\":\"nuban\",\"is_deleted\":false,\"createdAt\":\"2024-07-05T13:00:17.000Z\",\"updatedAt\":\"2024-07-05T13:00:17.000Z\"},{\"id\":184,\"name\":\"Kredi Money MFB LTD\",\"slug\":\"kredi-money-mfb\",\"code\":\"50200\",\"longcode\":\"\",\"gateway\":null,\"pay_with_bank\":false,\"supports_transfer\":true,\"available_for_direct_debit\":false,\"active\":true,\"country\":\"Nigeria\",\"currency\":\"NGN\",\"type\":\"nuban\",\"is_deleted\":false,\"createdAt\":\"2021-08-11T09:54:03.000Z\",\"updatedAt\":\"2021-08-11T09:54:03.000Z\"},{\"id\":67,\"name\":\"Kuda Bank\",\"slug\":\"kuda-bank\",\"code\":\"50211\",\"longcode\":\"\",\"gateway\":\"digitalbankmandate\",\"pay_with_bank\":true,\"supports_transfer\":true,\"available_for_direct_debit\":false,\"active\":true,\"country\":\"Nigeria\",\"currency\":\"NGN\",\"type\":\"nuban\",\"is_deleted\":false,\"createdAt\":\"2019-11-15T17:06:54.000Z\",\"updatedAt\":\"2024-10-29T10:56:03.000Z\"},{\"id\":109,\"name\":\"Lagos Building Investment Company Plc.\",\"slug\":\"lbic-plc\",\"code\":\"90052\",\"longcode\":\"\",\"gateway\":null,\"pay_with_bank\":false,\"supports_transfer\":true,\"available_for_direct_debit\":false,\"active\":true,\"country\":\"Nigeria\",\"currency\":\"NGN\",\"type\":\"nuban\",\"is_deleted\":false,\"createdAt\":\"2020-08-10T15:07:44.000Z\",\"updatedAt\":\"2020-08-10T15:07:44.000Z\"},{\"id\":523,\"name\":\"Letshego Microfinance Bank\",\"slug\":\"letshego-microfinance-bank\",\"code\":\"090420\",\"longcode\":\"090420\",\"gateway\":\"emandate\",\"pay_with_bank\":false,\"supports_transfer\":true,\"available_for_direct_debit\":false,\"active\":true,\"country\":\"Nigeria\",\"currency\":\"NGN\",\"type\":\"nuban\",\"is_deleted\":false,\"createdAt\":\"2022-07-28T14:22:56.000Z\",\"updatedAt\":\"2025-03-25T13:13:38.000Z\"},{\"id\":180,\"name\":\"Links MFB\",\"slug\":\"links-mfb\",\"code\":\"50549\",\"longcode\":\"\",\"gateway\":null,\"pay_with_bank\":false,\"supports_transfer\":true,\"available_for_direct_debit\":false,\"active\":true,\"country\":\"Nigeria\",\"currency\":\"NGN\",\"type\":\"nuban\",\"is_deleted\":false,\"createdAt\":\"2021-07-12T14:41:18.000Z\",\"updatedAt\":\"2021-07-12T14:41:18.000Z\"},{\"id\":296,\"name\":\"Living Trust Mortgage Bank\",\"slug\":\"living-trust-mortgage-bank\",\"code\":\"031\",\"longcode\":\"\",\"gateway\":null,\"pay_with_bank\":false,\"supports_transfer\":true,\"available_for_direct_debit\":false,\"active\":true,\"country\":\"Nigeria\",\"currency\":\"NGN\",\"type\":\"nuban\",\"is_deleted\":false,\"createdAt\":\"2022-05-25T10:46:17.000Z\",\"updatedAt\":\"2022-05-25T10:46:17.000Z\"},{\"id\":753,\"name\":\"LOMA MFB\",\"slug\":\"loma-mfb-ng\",\"code\":\"50491\",\"longcode\":\"090620\",\"gateway\":null,\"pay_with_bank\":false,\"supports_transfer\":true,\"available_for_direct_debit\":false,\"active\":true,\"country\":\"Nigeria\",\"currency\":\"NGN\",\"type\":\"nuban\",\"is_deleted\":false,\"createdAt\":\"2023-12-11T05:43:27.000Z\",\"updatedAt\":\"2023-12-11T05:43:27.000Z\"},{\"id\":233,\"name\":\"Lotus Bank\",\"slug\":\"lotus-bank\",\"code\":\"303\",\"longcode\":\"\",\"gateway\":null,\"pay_with_bank\":false,\"supports_transfer\":true,\"available_for_direct_debit\":false,\"active\":true,\"country\":\"Nigeria\",\"currency\":\"NGN\",\"type\":\"nuban\",\"is_deleted\":false,\"createdAt\":\"2021-12-06T14:39:51.000Z\",\"updatedAt\":\"2021-12-06T14:39:51.000Z\"},{\"id\":873,\"name\":\"Maal MFB\",\"slug\":\"maal-mfb-ng\",\"code\":\"51444\",\"longcode\":\"\",\"gateway\":null,\"pay_with_bank\":false,\"supports_transfer\":true,\"available_for_direct_debit\":false,\"active\":true,\"country\":\"Nigeria\",\"currency\":\"NGN\",\"type\":\"nuban\",\"is_deleted\":false,\"createdAt\":\"2025-11-06T11:15:22.000Z\",\"updatedAt\":\"2025-11-06T11:15:22.000Z\"},{\"id\":764,\"name\":\"MAINSTREET MICROFINANCE BANK\",\"slug\":\"mainstreet-microfinance-bank-ng\",\"code\":\"090171\",\"longcode\":\"090171\",\"gateway\":\"\",\"pay_with_bank\":false,\"supports_transfer\":true,\"available_for_direct_debit\":false,\"active\":true,\"country\":\"Nigeria\",\"currency\":\"NGN\",\"type\":\"nuban\",\"is_deleted\":false,\"createdAt\":\"2023-12-30T06:20:20.000Z\",\"updatedAt\":\"2023-12-30T06:20:20.000Z\"},{\"id\":175,\"name\":\"Mayfair MFB\",\"slug\":\"mayfair-mfb\",\"code\":\"50563\",\"longcode\":\"\",\"gateway\":null,\"pay_with_bank\":false,\"supports_transfer\":true,\"available_for_direct_debit\":false,\"active\":true,\"country\":\"Nigeria\",\"currency\":\"NGN\",\"type\":\"nuban\",\"is_deleted\":false,\"createdAt\":\"2021-02-02T08:28:38.000Z\",\"updatedAt\":\"2021-02-02T08:28:38.000Z\"},{\"id\":896,\"name\":\"Mayfresh Mortgage Bank\",\"slug\":\"mayfresh-mortgage-bank-ng\",\"code\":\"90003\",\"longcode\":\"070019\",\"gateway\":null,\"pay_with_bank\":false,\"supports_transfer\":false,\"available_for_direct_debit\":false,\"active\":true,\"country\":\"Nigeria\",\"currency\":\"NGN\",\"type\":\"nuban\",\"is_deleted\":false,\"createdAt\":\"2026-02-16T14:03:04.000Z\",\"updatedAt\":\"2026-02-16T14:03:04.000Z\"},{\"id\":887,\"name\":\"Mega Microfinance Bank\",\"slug\":\"mega-microfinance-bank-ng\",\"code\":\"50570\",\"longcode\":\"090824\",\"gateway\":null,\"pay_with_bank\":false,\"supports_transfer\":true,\"available_for_direct_debit\":false,\"active\":true,\"country\":\"Nigeria\",\"currency\":\"NGN\",\"type\":\"nuban\",\"is_deleted\":false,\"createdAt\":\"2026-01-19T11:06:26.000Z\",\"updatedAt\":\"2026-01-19T11:06:26.000Z\"},{\"id\":178,\"name\":\"Mint MFB\",\"slug\":\"mint-mfb\",\"code\":\"50304\",\"longcode\":\"\",\"gateway\":null,\"pay_with_bank\":false,\"supports_transfer\":true,\"available_for_direct_debit\":false,\"active\":true,\"country\":\"Nigeria\",\"currency\":\"NGN\",\"type\":\"nuban\",\"is_deleted\":false,\"createdAt\":\"2021-06-01T16:07:29.000Z\",\"updatedAt\":\"2021-06-01T16:07:29.000Z\"},{\"id\":875,\"name\":\"MINT-FINEX MFB\",\"slug\":\"mint-finex-mfb-ng\",\"code\":\"09\",\"longcode\":\"090281\",\"gateway\":null,\"pay_with_bank\":false,\"supports_transfer\":true,\"available_for_direct_debit\":false,\"active\":true,\"country\":\"Nigeria\",\"currency\":\"NGN\",\"type\":\"nuban\",\"is_deleted\":false,\"createdAt\":\"2025-11-07T11:04:36.000Z\",\"updatedAt\":\"2025-11-07T11:04:36.000Z\"},{\"id\":714,\"name\":\"Money Master PSB\",\"slug\":\"money-master-psb-ng\",\"code\":\"946\",\"longcode\":\"\",\"gateway\":null,\"pay_with_bank\":false,\"supports_transfer\":true,\"available_for_direct_debit\":false,\"active\":true,\"country\":\"Nigeria\",\"currency\":\"NGN\",\"type\":\"nuban\",\"is_deleted\":false,\"createdAt\":\"2023-09-08T14:47:32.000Z\",\"updatedAt\":\"2023-09-14T12:56:51.000Z\"},{\"id\":688,\"name\":\"Moniepoint MFB\",\"slug\":\"moniepoint-mfb-ng\",\"code\":\"50515\",\"longcode\":\"null\",\"gateway\":null,\"pay_with_bank\":false,\"supports_transfer\":true,\"available_for_direct_debit\":false,\"active\":true,\"country\":\"Nigeria\",\"currency\":\"NGN\",\"type\":\"nuban\",\"is_deleted\":false,\"createdAt\":\"2023-03-20T12:53:58.000Z\",\"updatedAt\":\"2023-03-20T12:53:58.000Z\"},{\"id\":303,\"name\":\"MTN Momo PSB\",\"slug\":\"mtn-momo-psb-ng\",\"code\":\"120003\",\"longcode\":\"120003\",\"gateway\":\"\",\"pay_with_bank\":false,\"supports_transfer\":true,\"available_for_direct_debit\":false,\"active\":true,\"country\":\"Nigeria\",\"currency\":\"NGN\",\"type\":\"nuban\",\"is_deleted\":false,\"createdAt\":\"2022-05-31T06:52:07.000Z\",\"updatedAt\":\"2022-06-23T09:33:55.000Z\"},{\"id\":739,\"name\":\"MUTUAL BENEFITS MICROFINANCE BANK\",\"slug\":\"mutual-benefits-microfinance-bank-ng\",\"code\":\"090190\",\"longcode\":\"090190\",\"gateway\":\"\",\"pay_with_bank\":false,\"supports_transfer\":true,\"available_for_direct_debit\":false,\"active\":true,\"country\":\"Nigeria\",\"currency\":\"NGN\",\"type\":\"nuban\",\"is_deleted\":false,\"createdAt\":\"2023-11-21T07:41:39.000Z\",\"updatedAt\":\"2023-11-21T07:41:39.000Z\"},{\"id\":758,\"name\":\"NDCC MICROFINANCE BANK\",\"slug\":\"ndcc-microfinance-bank-ng\",\"code\":\"090679\",\"longcode\":\"090679\",\"gateway\":\"\",\"pay_with_bank\":false,\"supports_transfer\":true,\"available_for_direct_debit\":false,\"active\":true,\"country\":\"Nigeria\",\"currency\":\"NGN\",\"type\":\"nuban\",\"is_deleted\":false,\"createdAt\":\"2023-12-30T06:19:06.000Z\",\"updatedAt\":\"2023-12-30T06:19:06.000Z\"},{\"id\":776,\"name\":\"NET MICROFINANCE BANK\",\"slug\":\"net-microfinance-bank-ng\",\"code\":\"51361\",\"longcode\":\"51361\",\"gateway\":null,\"pay_with_bank\":false,\"supports_transfer\":true,\"available_for_direct_debit\":false,\"active\":true,\"country\":\"Nigeria\",\"currency\":\"NGN\",\"type\":\"nuban\",\"is_deleted\":false,\"createdAt\":\"2024-04-12T09:27:39.000Z\",\"updatedAt\":\"2024-04-12T09:27:39.000Z\"},{\"id\":774,\"name\":\"Nigerian Navy Microfinance Bank Limited\",\"slug\":\"nigerian-navy-microfinance-bank-limited-ng\",\"code\":\"51142\",\"longcode\":\"090263\",\"gateway\":null,\"pay_with_bank\":false,\"supports_transfer\":true,\"available_for_direct_debit\":false,\"active\":true,\"country\":\"Nigeria\",\"currency\":\"NGN\",\"type\":\"nuban\",\"is_deleted\":false,\"createdAt\":\"2024-03-19T14:47:56.000Z\",\"updatedAt\":\"2024-03-19T14:47:56.000Z\"},{\"id\":883,\"name\":\"NIRSAL MICROFINANCE\",\"slug\":\"nirsal-microfinance-ng\",\"code\":\"51304\",\"longcode\":\"090194\",\"gateway\":null,\"pay_with_bank\":false,\"supports_transfer\":true,\"available_for_direct_debit\":false,\"active\":true,\"country\":\"Nigeria\",\"currency\":\"NGN\",\"type\":\"nuban\",\"is_deleted\":false,\"createdAt\":\"2026-01-12T15:10:56.000Z\",\"updatedAt\":\"2026-01-12T15:10:56.000Z\"},{\"id\":795,\"name\":\"Nombank MFB\",\"slug\":\"nombank-mfb-ng\",\"code\":\"50072\",\"longcode\":\"090645\",\"gateway\":null,\"pay_with_bank\":false,\"supports_transfer\":true,\"available_for_direct_debit\":false,\"active\":true,\"country\":\"Nigeria\",\"currency\":\"NGN\",\"type\":\"nuban\",\"is_deleted\":false,\"createdAt\":\"2024-08-27T11:10:52.000Z\",\"updatedAt\":\"2025-01-21T09:44:45.000Z\"},{\"id\":801,\"name\":\"NOVA BANK\",\"slug\":\"nova-bank-ng\",\"code\":\"561\",\"longcode\":\"060003\",\"gateway\":null,\"pay_with_bank\":false,\"supports_transfer\":true,\"available_for_direct_debit\":false,\"active\":true,\"country\":\"Nigeria\",\"currency\":\"NGN\",\"type\":\"nuban\",\"is_deleted\":false,\"createdAt\":\"2024-10-15T08:02:08.000Z\",\"updatedAt\":\"2024-10-17T08:31:26.000Z\"},{\"id\":830,\"name\":\"Novus MFB\",\"slug\":\"novus-mfb-ng\",\"code\":\"51371\",\"longcode\":\"090734\",\"gateway\":\"\",\"pay_with_bank\":false,\"supports_transfer\":true,\"available_for_direct_debit\":false,\"active\":true,\"country\":\"Nigeria\",\"currency\":\"NGN\",\"type\":\"nuban\",\"is_deleted\":false,\"createdAt\":\"2025-03-21T15:11:04.000Z\",\"updatedAt\":\"2025-03-21T15:11:04.000Z\"},{\"id\":715,\"name\":\"NPF MICROFINANCE BANK\",\"slug\":\"npf-microfinance-bank-ng\",\"code\":\"50629\",\"longcode\":\"50629\",\"gateway\":null,\"pay_with_bank\":false,\"supports_transfer\":true,\"available_for_direct_debit\":false,\"active\":true,\"country\":\"Nigeria\",\"currency\":\"NGN\",\"type\":\"nuban\",\"is_deleted\":false,\"createdAt\":\"2023-09-12T11:57:02.000Z\",\"updatedAt\":\"2023-09-12T19:24:09.000Z\"},{\"id\":825,\"name\":\"NSUK MICROFINANACE BANK\",\"slug\":\"nsuk-microfinanace-bank-ng\",\"code\":\"51261\",\"longcode\":\"090491\",\"gateway\":\"null\",\"pay_with_bank\":false,\"supports_transfer\":true,\"available_for_direct_debit\":false,\"active\":true,\"country\":\"Nigeria\",\"currency\":\"NGN\",\"type\":\"nuban\",\"is_deleted\":false,\"createdAt\":\"2025-02-20T11:36:33.000Z\",\"updatedAt\":\"2025-02-20T13:44:24.000Z\"},{\"id\":863,\"name\":\"Olabisi Onabanjo University Microfinance Bank\",\"slug\":\"olabisi-onabanjo-university-microfinance-bank-ng\",\"code\":\"50689\",\"longcode\":\"090272\",\"gateway\":null,\"pay_with_bank\":false,\"supports_transfer\":true,\"available_for_direct_debit\":false,\"active\":true,\"country\":\"Nigeria\",\"currency\":\"NGN\",\"type\":\"nuban\",\"is_deleted\":false,\"createdAt\":\"2025-09-08T09:24:10.000Z\",\"updatedAt\":\"2025-09-08T09:24:10.000Z\"},{\"id\":802,\"name\":\"OLUCHUKWU MICROFINANCE BANK LTD\",\"slug\":\"oluchukwu-microfinance-bank-ltd-ng\",\"code\":\"50697\",\"longcode\":\"50697\",\"gateway\":\"\",\"pay_with_bank\":false,\"supports_transfer\":true,\"available_for_direct_debit\":false,\"active\":true,\"country\":\"Nigeria\",\"currency\":\"NGN\",\"type\":\"nuban\",\"is_deleted\":false,\"createdAt\":\"2024-10-25T14:15:56.000Z\",\"updatedAt\":\"2024-10-25T14:15:56.000Z\"},{\"id\":171,\"name\":\"OPay Digital Services Limited (OPay)\",\"slug\":\"paycom\",\"code\":\"999992\",\"longcode\":\"\",\"gateway\":\"ibank\",\"pay_with_bank\":false,\"supports_transfer\":true,\"available_for_direct_debit\":false,\"active\":true,\"country\":\"Nigeria\",\"currency\":\"NGN\",\"type\":\"nuban\",\"is_deleted\":false,\"createdAt\":\"2020-11-24T10:20:45.000Z\",\"updatedAt\":\"2026-02-10T12:10:56.000Z\"},{\"id\":699,\"name\":\"Optimus Bank Limited\",\"slug\":\"optimus-bank-ltd\",\"code\":\"107\",\"longcode\":\"00107\",\"gateway\":null,\"pay_with_bank\":false,\"supports_transfer\":true,\"available_for_direct_debit\":false,\"active\":true,\"country\":\"Nigeria\",\"currency\":\"NGN\",\"type\":\"nuban\",\"is_deleted\":false,\"createdAt\":\"2023-05-08T08:03:03.000Z\",\"updatedAt\":\"2023-06-15T16:21:12.000Z\"},{\"id\":185,\"name\":\"Paga\",\"slug\":\"paga\",\"code\":\"100002\",\"longcode\":\"\",\"gateway\":null,\"pay_with_bank\":false,\"supports_transfer\":true,\"available_for_direct_debit\":false,\"active\":true,\"country\":\"Nigeria\",\"currency\":\"NGN\",\"type\":\"nuban\",\"is_deleted\":false,\"createdAt\":\"2021-08-31T08:10:00.000Z\",\"updatedAt\":\"2021-08-31T08:10:00.000Z\"},{\"id\":169,\"name\":\"PalmPay\",\"slug\":\"palmpay\",\"code\":\"999991\",\"longcode\":\"\",\"gateway\":\"ibank\",\"pay_with_bank\":true,\"supports_transfer\":true,\"available_for_direct_debit\":false,\"active\":true,\"country\":\"Nigeria\",\"currency\":\"NGN\",\"type\":\"nuban\",\"is_deleted\":false,\"createdAt\":\"2020-11-24T09:58:37.000Z\",\"updatedAt\":\"2025-01-22T17:04:57.000Z\"},{\"id\":26,\"name\":\"Parallex Bank\",\"slug\":\"parallex-bank\",\"code\":\"104\",\"longcode\":\"\",\"gateway\":null,\"pay_with_bank\":false,\"supports_transfer\":true,\"available_for_direct_debit\":true,\"active\":true,\"country\":\"Nigeria\",\"currency\":\"NGN\",\"type\":\"nuban\",\"is_deleted\":false,\"createdAt\":\"2017-03-31T13:54:29.000Z\",\"updatedAt\":\"2021-10-29T08:00:19.000Z\"},{\"id\":110,\"name\":\"Parkway - ReadyCash\",\"slug\":\"parkway-ready-cash\",\"code\":\"311\",\"longcode\":\"\",\"gateway\":null,\"pay_with_bank\":false,\"supports_transfer\":true,\"available_for_direct_debit\":false,\"active\":true,\"country\":\"Nigeria\",\"currency\":\"NGN\",\"type\":\"nuban\",\"is_deleted\":false,\"createdAt\":\"2020-08-10T15:07:44.000Z\",\"updatedAt\":\"2020-08-10T15:07:44.000Z\"},{\"id\":763,\"name\":\"PATHFINDER MICROFINANCE BANK LIMITED\",\"slug\":\"pathfinder-microfinance-bank-limited-ng\",\"code\":\"090680\",\"longcode\":\"090680\",\"gateway\":\"\",\"pay_with_bank\":false,\"supports_transfer\":true,\"available_for_direct_debit\":false,\"active\":true,\"country\":\"Nigeria\",\"currency\":\"NGN\",\"type\":\"nuban\",\"is_deleted\":false,\"createdAt\":\"2023-12-30T06:20:10.000Z\",\"updatedAt\":\"2023-12-30T06:20:10.000Z\"},{\"id\":884,\"name\":\"Paystack MFB\",\"slug\":\"paystack-mfb-ng\",\"code\":\"51457\",\"longcode\":\"090986\",\"gateway\":null,\"pay_with_bank\":false,\"supports_transfer\":true,\"available_for_direct_debit\":false,\"active\":true,\"country\":\"Nigeria\",\"currency\":\"NGN\",\"type\":\"nuban\",\"is_deleted\":false,\"createdAt\":\"2026-01-15T10:15:02.000Z\",\"updatedAt\":\"2026-01-15T10:15:02.000Z\"},{\"id\":629,\"name\":\"Paystack-Titan\",\"slug\":\"titan-paystack\",\"code\":\"100039\",\"longcode\":\"\",\"gateway\":null,\"pay_with_bank\":false,\"supports_transfer\":true,\"available_for_direct_debit\":false,\"active\":true,\"country\":\"Nigeria\",\"currency\":\"NGN\",\"type\":\"nuban\",\"is_deleted\":false,\"createdAt\":\"2022-09-02T08:51:15.000Z\",\"updatedAt\":\"2024-03-26T14:31:05.000Z\"},{\"id\":693,\"name\":\"Peace Microfinance Bank\",\"slug\":\"peace-microfinance-bank-ng\",\"code\":\"50743\",\"longcode\":\"50743\",\"gateway\":null,\"pay_with_bank\":false,\"supports_transfer\":true,\"available_for_direct_debit\":false,\"active\":true,\"country\":\"Nigeria\",\"currency\":\"NGN\",\"type\":\"nuban\",\"is_deleted\":false,\"createdAt\":\"2023-04-12T16:51:04.000Z\",\"updatedAt\":\"2023-04-12T16:51:04.000Z\"},{\"id\":775,\"name\":\"PECANTRUST MICROFINANCE BANK LIMITED\",\"slug\":\"pecantrust-microfinance-bank-limited-ng\",\"code\":\"51226\",\"longcode\":\"51226\",\"gateway\":null,\"pay_with_bank\":false,\"supports_transfer\":true,\"available_for_direct_debit\":false,\"active\":true,\"country\":\"Nigeria\",\"currency\":\"NGN\",\"type\":\"nuban\",\"is_deleted\":false,\"createdAt\":\"2024-04-05T10:24:20.000Z\",\"updatedAt\":\"2024-04-05T10:24:20.000Z\"},{\"id\":683,\"name\":\"Personal Trust MFB\",\"slug\":\"personal-trust-mfb-ng\",\"code\":\"51146\",\"longcode\":\"\",\"gateway\":null,\"pay_with_bank\":false,\"supports_transfer\":true,\"available_for_direct_debit\":false,\"active\":true,\"country\":\"Nigeria\",\"currency\":\"NGN\",\"type\":\"nuban\",\"is_deleted\":false,\"createdAt\":\"2023-02-17T12:13:28.000Z\",\"updatedAt\":\"2023-02-17T12:13:28.000Z\"},{\"id\":170,\"name\":\"Petra Mircofinance Bank Plc\",\"slug\":\"petra-microfinance-bank-plc\",\"code\":\"50746\",\"longcode\":\"\",\"gateway\":null,\"pay_with_bank\":false,\"supports_transfer\":true,\"available_for_direct_debit\":false,\"active\":true,\"country\":\"Nigeria\",\"currency\":\"NGN\",\"type\":\"nuban\",\"is_deleted\":false,\"createdAt\":\"2020-11-24T10:03:06.000Z\",\"updatedAt\":\"2020-11-24T10:03:06.000Z\"},{\"id\":831,\"name\":\"Pettysave MFB\",\"slug\":\"pettysave-mfb-ng\",\"code\":\"MFB51452\",\"longcode\":\"090768\",\"gateway\":null,\"pay_with_bank\":false,\"supports_transfer\":true,\"available_for_direct_debit\":false,\"active\":true,\"country\":\"Nigeria\",\"currency\":\"NGN\",\"type\":\"nuban\",\"is_deleted\":false,\"createdAt\":\"2025-03-25T08:04:18.000Z\",\"updatedAt\":\"2025-03-25T08:04:18.000Z\"},{\"id\":762,\"name\":\"PFI FINANCE COMPANY LIMITED\",\"slug\":\"pfi-finance-company-limited-ng\",\"code\":\"050021\",\"longcode\":\"050021\",\"gateway\":\"\",\"pay_with_bank\":false,\"supports_transfer\":true,\"available_for_direct_debit\":false,\"active\":true,\"country\":\"Nigeria\",\"currency\":\"NGN\",\"type\":\"nuban\",\"is_deleted\":false,\"createdAt\":\"2023-12-30T06:20:00.000Z\",\"updatedAt\":\"2023-12-30T06:20:00.000Z\"},{\"id\":705,\"name\":\"Platinum Mortgage Bank\",\"slug\":\"platinum-mortgage-bank-ng\",\"code\":\"268\",\"longcode\":\"null\",\"gateway\":null,\"pay_with_bank\":false,\"supports_transfer\":true,\"available_for_direct_debit\":false,\"active\":true,\"country\":\"Nigeria\",\"currency\":\"NGN\",\"type\":\"nuban\",\"is_deleted\":false,\"createdAt\":\"2023-07-03T11:21:22.000Z\",\"updatedAt\":\"2023-07-03T11:21:22.000Z\"},{\"id\":770,\"name\":\"Pocket App\",\"slug\":\"pocket\",\"code\":\"00716\",\"longcode\":\"00716\",\"gateway\":\"digitalbankmandate\",\"pay_with_bank\":false,\"supports_transfer\":true,\"available_for_direct_debit\":false,\"active\":true,\"country\":\"Nigeria\",\"currency\":\"NGN\",\"type\":\"nuban\",\"is_deleted\":false,\"createdAt\":\"2024-01-18T16:56:20.000Z\",\"updatedAt\":\"2024-12-16T14:46:07.000Z\"},{\"id\":13,\"name\":\"Polaris Bank\",\"slug\":\"polaris-bank\",\"code\":\"076\",\"longcode\":\"076151006\",\"gateway\":null,\"pay_with_bank\":false,\"supports_transfer\":true,\"available_for_direct_debit\":true,\"active\":true,\"country\":\"Nigeria\",\"currency\":\"NGN\",\"type\":\"nuban\",\"is_deleted\":false,\"createdAt\":\"2016-07-14T10:04:29.000Z\",\"updatedAt\":\"2016-07-14T10:04:29.000Z\"},{\"id\":626,\"name\":\"Polyunwana MFB\",\"slug\":\"polyunwana-mfb-ng\",\"code\":\"50864\",\"longcode\":\"null\",\"gateway\":null,\"pay_with_bank\":false,\"supports_transfer\":true,\"available_for_direct_debit\":false,\"active\":true,\"country\":\"Nigeria\",\"currency\":\"NGN\",\"type\":\"nuban\",\"is_deleted\":false,\"createdAt\":\"2022-08-17T17:27:23.000Z\",\"updatedAt\":\"2022-08-17T17:27:23.000Z\"},{\"id\":304,\"name\":\"PremiumTrust Bank\",\"slug\":\"premiumtrust-bank-ng\",\"code\":\"105\",\"longcode\":\"000031\",\"gateway\":\"\",\"pay_with_bank\":false,\"supports_transfer\":true,\"available_for_direct_debit\":true,\"active\":true,\"country\":\"Nigeria\",\"currency\":\"NGN\",\"type\":\"nuban\",\"is_deleted\":false,\"createdAt\":\"2022-06-01T14:16:02.000Z\",\"updatedAt\":\"2022-08-17T08:13:08.000Z\"},{\"id\":792,\"name\":\"Prospa Capital Microfinance Bank\",\"slug\":\"prospa-capital-microfinance-bank-ng\",\"code\":\"50739\",\"longcode\":\"50739\",\"gateway\":\"null\",\"pay_with_bank\":false,\"supports_transfer\":true,\"available_for_direct_debit\":false,\"active\":true,\"country\":\"Nigeria\",\"currency\":\"NGN\",\"type\":\"nuban\",\"is_deleted\":false,\"createdAt\":\"2024-08-13T08:14:03.000Z\",\"updatedAt\":\"2024-08-13T08:14:03.000Z\"},{\"id\":760,\"name\":\"PROSPERIS FINANCE LIMITED\",\"slug\":\"prosperis-finance-limited-ng\",\"code\":\"050023\",\"longcode\":\"050023\",\"gateway\":\"\",\"pay_with_bank\":false,\"supports_transfer\":true,\"available_for_direct_debit\":false,\"active\":true,\"country\":\"Nigeria\",\"currency\":\"NGN\",\"type\":\"nuban\",\"is_deleted\":false,\"createdAt\":\"2023-12-30T06:19:33.000Z\",\"updatedAt\":\"2023-12-30T06:19:33.000Z\"},{\"id\":25,\"name\":\"Providus Bank\",\"slug\":\"providus-bank\",\"code\":\"101\",\"longcode\":\"\",\"gateway\":null,\"pay_with_bank\":false,\"supports_transfer\":true,\"available_for_direct_debit\":true,\"active\":true,\"country\":\"Nigeria\",\"currency\":\"NGN\",\"type\":\"nuban\",\"is_deleted\":false,\"createdAt\":\"2017-03-27T16:09:29.000Z\",\"updatedAt\":\"2021-02-09T17:50:06.000Z\"},{\"id\":232,\"name\":\"QuickFund MFB\",\"slug\":\"quickfund-mfb\",\"code\":\"51293\",\"longcode\":\"\",\"gateway\":null,\"pay_with_bank\":false,\"supports_transfer\":true,\"available_for_direct_debit\":false,\"active\":true,\"country\":\"Nigeria\",\"currency\":\"NGN\",\"type\":\"nuban\",\"is_deleted\":false,\"createdAt\":\"2021-10-29T08:43:35.000Z\",\"updatedAt\":\"2021-10-29T08:43:35.000Z\"},{\"id\":176,\"name\":\"Rand Merchant Bank\",\"slug\":\"rand-merchant-bank\",\"code\":\"502\",\"longcode\":\"\",\"gateway\":null,\"pay_with_bank\":false,\"supports_transfer\":true,\"available_for_direct_debit\":false,\"active\":true,\"country\":\"Nigeria\",\"currency\":\"NGN\",\"type\":\"nuban\",\"is_deleted\":false,\"createdAt\":\"2021-02-11T17:33:20.000Z\",\"updatedAt\":\"2021-02-11T17:33:20.000Z\"},{\"id\":766,\"name\":\"RANDALPHA MICROFINANCE BANK\",\"slug\":\"randalpha-microfinance-bank-ng\",\"code\":\"090496\",\"longcode\":\"090496\",\"gateway\":\"\",\"pay_with_bank\":false,\"supports_transfer\":true,\"available_for_direct_debit\":false,\"active\":true,\"country\":\"Nigeria\",\"currency\":\"NGN\",\"type\":\"nuban\",\"is_deleted\":false,\"createdAt\":\"2023-12-30T06:20:40.000Z\",\"updatedAt\":\"2023-12-30T06:20:40.000Z\"},{\"id\":295,\"name\":\"Refuge Mortgage Bank\",\"slug\":\"refuge-mortgage-bank\",\"code\":\"90067\",\"longcode\":\"\",\"gateway\":null,\"pay_with_bank\":false,\"supports_transfer\":true,\"available_for_direct_debit\":false,\"active\":true,\"country\":\"Nigeria\",\"currency\":\"NGN\",\"type\":\"nuban\",\"is_deleted\":false,\"createdAt\":\"2022-05-25T10:46:17.000Z\",\"updatedAt\":\"2022-05-25T10:46:17.000Z\"},{\"id\":773,\"name\":\"REHOBOTH MICROFINANCE BANK\",\"slug\":\"rehoboth-microfinance-bank-ng\",\"code\":\"50761\",\"longcode\":\"090463\",\"gateway\":\"\",\"pay_with_bank\":false,\"supports_transfer\":true,\"available_for_direct_debit\":false,\"active\":true,\"country\":\"Nigeria\",\"currency\":\"NGN\",\"type\":\"nuban\",\"is_deleted\":false,\"createdAt\":\"2024-02-02T08:58:01.000Z\",\"updatedAt\":\"2024-02-02T08:58:01.000Z\"},{\"id\":710,\"name\":\"Rephidim Microfinance Bank\",\"slug\":\"rephidim\",\"code\":\"50994\",\"longcode\":\"221151615\",\"gateway\":null,\"pay_with_bank\":false,\"supports_transfer\":true,\"available_for_direct_debit\":false,\"active\":true,\"country\":\"Nigeria\",\"currency\":\"NGN\",\"type\":\"nuban\",\"is_deleted\":false,\"createdAt\":\"2023-08-21T08:22:46.000Z\",\"updatedAt\":\"2023-08-21T08:22:46.000Z\"},{\"id\":885,\"name\":\"Retrust Mfb\",\"slug\":\"retrust-mfb-ng\",\"code\":\"51375\",\"longcode\":\"090766\",\"gateway\":null,\"pay_with_bank\":false,\"supports_transfer\":true,\"available_for_direct_debit\":false,\"active\":true,\"country\":\"Nigeria\",\"currency\":\"NGN\",\"type\":\"nuban\",\"is_deleted\":false,\"createdAt\":\"2026-01-16T09:08:54.000Z\",\"updatedAt\":\"2026-01-16T09:08:54.000Z\"},{\"id\":700,\"name\":\"Rigo Microfinance Bank Limited\",\"slug\":\"rigo-microfinance-bank-limited-ng\",\"code\":\"51286\",\"longcode\":\"51286\",\"gateway\":null,\"pay_with_bank\":false,\"supports_transfer\":true,\"available_for_direct_debit\":false,\"active\":true,\"country\":\"Nigeria\",\"currency\":\"NGN\",\"type\":\"nuban\",\"is_deleted\":false,\"createdAt\":\"2023-05-26T14:45:26.000Z\",\"updatedAt\":\"2023-05-26T14:45:26.000Z\"},{\"id\":679,\"name\":\"ROCKSHIELD MICROFINANCE BANK\",\"slug\":\"rockshield-microfinance-bank-ng\",\"code\":\"50767\",\"longcode\":\"\",\"gateway\":\"\",\"pay_with_bank\":false,\"supports_transfer\":true,\"available_for_direct_debit\":false,\"active\":true,\"country\":\"Nigeria\",\"currency\":\"NGN\",\"type\":\"nuban\",\"is_deleted\":false,\"createdAt\":\"2022-12-20T13:41:50.000Z\",\"updatedAt\":\"2022-12-20T14:27:14.000Z\"},{\"id\":69,\"name\":\"Rubies MFB\",\"slug\":\"rubies-mfb\",\"code\":\"125\",\"longcode\":\"\",\"gateway\":null,\"pay_with_bank\":false,\"supports_transfer\":true,\"available_for_direct_debit\":false,\"active\":true,\"country\":\"Nigeria\",\"currency\":\"NGN\",\"type\":\"nuban\",\"is_deleted\":false,\"createdAt\":\"2020-01-25T09:49:59.000Z\",\"updatedAt\":\"2020-01-25T09:49:59.000Z\"},{\"id\":286,\"name\":\"Safe Haven MFB\",\"slug\":\"safe-haven-mfb-ng\",\"code\":\"51113\",\"longcode\":\"51113\",\"gateway\":\"\",\"pay_with_bank\":false,\"supports_transfer\":true,\"available_for_direct_debit\":false,\"active\":true,\"country\":\"Nigeria\",\"currency\":\"NGN\",\"type\":\"nuban\",\"is_deleted\":false,\"createdAt\":\"2022-02-18T13:11:59.000Z\",\"updatedAt\":\"2022-02-18T13:11:59.000Z\"},{\"id\":706,\"name\":\"SAGE GREY FINANCE LIMITED\",\"slug\":\"sage-grey-finance-limited-ng\",\"code\":\"40165\",\"longcode\":\"null\",\"gateway\":null,\"pay_with_bank\":false,\"supports_transfer\":true,\"available_for_direct_debit\":false,\"active\":true,\"country\":\"Nigeria\",\"currency\":\"NGN\",\"type\":\"nuban\",\"is_deleted\":false,\"createdAt\":\"2023-07-05T08:27:27.000Z\",\"updatedAt\":\"2023-07-05T08:27:27.000Z\"},{\"id\":632,\"name\":\"Shield MFB\",\"slug\":\"shield-mfb-ng\",\"code\":\"50582\",\"longcode\":\"\",\"gateway\":null,\"pay_with_bank\":false,\"supports_transfer\":true,\"available_for_direct_debit\":false,\"active\":true,\"country\":\"Nigeria\",\"currency\":\"NGN\",\"type\":\"nuban\",\"is_deleted\":false,\"createdAt\":\"2022-09-16T15:16:47.000Z\",\"updatedAt\":\"2022-09-16T15:16:47.000Z\"},{\"id\":750,\"name\":\"Signature Bank Ltd\",\"slug\":\"signature-bank-ltd-ng\",\"code\":\"106\",\"longcode\":\"000034\",\"gateway\":null,\"pay_with_bank\":false,\"supports_transfer\":true,\"available_for_direct_debit\":false,\"active\":true,\"country\":\"Nigeria\",\"currency\":\"NGN\",\"type\":\"nuban\",\"is_deleted\":false,\"createdAt\":\"2023-12-06T08:58:35.000Z\",\"updatedAt\":\"2023-12-06T08:58:35.000Z\"},{\"id\":695,\"name\":\"Solid Allianze MFB\",\"slug\":\"solid-allianze-mfb\",\"code\":\"51062\",\"longcode\":\"\",\"gateway\":null,\"pay_with_bank\":false,\"supports_transfer\":true,\"available_for_direct_debit\":false,\"active\":true,\"country\":\"Nigeria\",\"currency\":\"NGN\",\"type\":\"nuban\",\"is_deleted\":false,\"createdAt\":\"2023-04-26T15:02:23.000Z\",\"updatedAt\":\"2023-04-26T15:02:23.000Z\"},{\"id\":365,\"name\":\"Solid Rock MFB\",\"slug\":\"solid-rock-mfb\",\"code\":\"50800\",\"longcode\":\"\",\"gateway\":null,\"pay_with_bank\":false,\"supports_transfer\":true,\"available_for_direct_debit\":false,\"active\":true,\"country\":\"Nigeria\",\"currency\":\"NGN\",\"type\":\"nuban\",\"is_deleted\":false,\"createdAt\":\"2022-06-27T10:24:28.000Z\",\"updatedAt\":\"2022-06-27T10:24:28.000Z\"},{\"id\":72,\"name\":\"Sparkle Microfinance Bank\",\"slug\":\"sparkle-microfinance-bank\",\"code\":\"51310\",\"longcode\":\"\",\"gateway\":null,\"pay_with_bank\":false,\"supports_transfer\":true,\"available_for_direct_debit\":false,\"active\":true,\"country\":\"Nigeria\",\"currency\":\"NGN\",\"type\":\"nuban\",\"is_deleted\":false,\"createdAt\":\"2020-02-11T18:43:14.000Z\",\"updatedAt\":\"2020-02-11T18:43:14.000Z\"},{\"id\":855,\"name\":\"Springfield Microfinance Bank\",\"slug\":\"springfield-microfinance-bank-ng\",\"code\":\"51429\",\"longcode\":\"090806\",\"gateway\":\"null\",\"pay_with_bank\":false,\"supports_transfer\":true,\"available_for_direct_debit\":false,\"active\":true,\"country\":\"Nigeria\",\"currency\":\"NGN\",\"type\":\"nuban\",\"is_deleted\":false,\"createdAt\":\"2025-06-02T15:04:17.000Z\",\"updatedAt\":\"2025-06-02T15:04:17.000Z\"},{\"id\":14,\"name\":\"Stanbic IBTC Bank\",\"slug\":\"stanbic-ibtc-bank\",\"code\":\"221\",\"longcode\":\"221159522\",\"gateway\":null,\"pay_with_bank\":false,\"supports_transfer\":true,\"available_for_direct_debit\":false,\"active\":true,\"country\":\"Nigeria\",\"currency\":\"NGN\",\"type\":\"nuban\",\"is_deleted\":false,\"createdAt\":\"2016-07-14T10:04:29.000Z\",\"updatedAt\":\"2020-02-18T20:24:17.000Z\"},{\"id\":15,\"name\":\"Standard Chartered Bank\",\"slug\":\"standard-chartered-bank\",\"code\":\"068\",\"longcode\":\"068150015\",\"gateway\":null,\"pay_with_bank\":false,\"supports_transfer\":true,\"available_for_direct_debit\":true,\"active\":true,\"country\":\"Nigeria\",\"currency\":\"NGN\",\"type\":\"nuban\",\"is_deleted\":false,\"createdAt\":\"2016-07-14T10:04:29.000Z\",\"updatedAt\":\"2020-02-18T20:23:40.000Z\"},{\"id\":765,\"name\":\"STANFORD MICROFINANCE BANK\",\"slug\":\"stanford-microfinance-bank-ng\",\"code\":\"090162\",\"longcode\":\"090162\",\"gateway\":\"\",\"pay_with_bank\":false,\"supports_transfer\":true,\"available_for_direct_debit\":false,\"active\":true,\"country\":\"Nigeria\",\"currency\":\"NGN\",\"type\":\"nuban\",\"is_deleted\":false,\"createdAt\":\"2023-12-30T06:20:30.000Z\",\"updatedAt\":\"2023-12-30T06:20:30.000Z\"},{\"id\":779,\"name\":\"STATESIDE MICROFINANCE BANK\",\"slug\":\"stateside-microfinance-bank-ng\",\"code\":\"50809\",\"longcode\":\"50809\",\"gateway\":null,\"pay_with_bank\":false,\"supports_transfer\":true,\"available_for_direct_debit\":false,\"active\":true,\"country\":\"Nigeria\",\"currency\":\"NGN\",\"type\":\"nuban\",\"is_deleted\":false,\"createdAt\":\"2024-05-21T10:21:20.000Z\",\"updatedAt\":\"2024-05-21T10:21:20.000Z\"},{\"id\":826,\"name\":\"STB Mortgage Bank\",\"slug\":\"stb-mortgage-bank-ng\",\"code\":\"070022\",\"longcode\":\"070022\",\"gateway\":null,\"pay_with_bank\":false,\"supports_transfer\":true,\"available_for_direct_debit\":false,\"active\":true,\"country\":\"Nigeria\",\"currency\":\"NGN\",\"type\":\"nuban\",\"is_deleted\":false,\"createdAt\":\"2025-02-24T13:39:49.000Z\",\"updatedAt\":\"2025-02-24T13:39:49.000Z\"},{\"id\":285,\"name\":\"Stellas MFB\",\"slug\":\"stellas-mfb\",\"code\":\"51253\",\"longcode\":\"\",\"gateway\":null,\"pay_with_bank\":false,\"supports_transfer\":true,\"available_for_direct_debit\":false,\"active\":true,\"country\":\"Nigeria\",\"currency\":\"NGN\",\"type\":\"nuban\",\"is_deleted\":false,\"createdAt\":\"2022-02-17T14:54:01.000Z\",\"updatedAt\":\"2022-02-17T14:54:01.000Z\"},{\"id\":16,\"name\":\"Sterling Bank\",\"slug\":\"sterling-bank\",\"code\":\"232\",\"longcode\":\"232150016\",\"gateway\":\"emandate\",\"pay_with_bank\":false,\"supports_transfer\":true,\"available_for_direct_debit\":true,\"active\":true,\"country\":\"Nigeria\",\"currency\":\"NGN\",\"type\":\"nuban\",\"is_deleted\":false,\"createdAt\":\"2016-07-14T10:04:29.000Z\",\"updatedAt\":\"2022-05-27T08:56:01.000Z\"},{\"id\":869,\"name\":\"Summit Bank\",\"slug\":\"summit-bank-ng\",\"code\":\"00305\",\"longcode\":\"080003\",\"gateway\":null,\"pay_with_bank\":false,\"supports_transfer\":true,\"available_for_direct_debit\":false,\"active\":true,\"country\":\"Nigeria\",\"currency\":\"NGN\",\"type\":\"nuban\",\"is_deleted\":false,\"createdAt\":\"2025-09-30T09:23:41.000Z\",\"updatedAt\":\"2025-09-30T09:23:41.000Z\"},{\"id\":23,\"name\":\"Suntrust Bank\",\"slug\":\"suntrust-bank\",\"code\":\"100\",\"longcode\":\"\",\"gateway\":null,\"pay_with_bank\":false,\"supports_transfer\":true,\"available_for_direct_debit\":true,\"active\":true,\"country\":\"Nigeria\",\"currency\":\"NGN\",\"type\":\"nuban\",\"is_deleted\":false,\"createdAt\":\"2016-10-10T17:26:29.000Z\",\"updatedAt\":\"2016-10-10T17:26:29.000Z\"},{\"id\":631,\"name\":\"Supreme MFB\",\"slug\":\"supreme-mfb-ng\",\"code\":\"50968\",\"longcode\":\"\",\"gateway\":null,\"pay_with_bank\":false,\"supports_transfer\":true,\"available_for_direct_debit\":false,\"active\":true,\"country\":\"Nigeria\",\"currency\":\"NGN\",\"type\":\"nuban\",\"is_deleted\":false,\"createdAt\":\"2022-09-16T15:16:29.000Z\",\"updatedAt\":\"2022-09-16T15:16:29.000Z\"},{\"id\":888,\"name\":\"Sycamore Microfinance Bank\",\"slug\":\"sycamore-microfinance-bank-ng\",\"code\":\"51056\",\"longcode\":\"090827\",\"gateway\":null,\"pay_with_bank\":false,\"supports_transfer\":false,\"available_for_direct_debit\":false,\"active\":true,\"country\":\"Nigeria\",\"currency\":\"NGN\",\"type\":\"nuban\",\"is_deleted\":false,\"createdAt\":\"2026-01-22T11:05:36.000Z\",\"updatedAt\":\"2026-01-22T11:05:36.000Z\"},{\"id\":68,\"name\":\"TAJ Bank\",\"slug\":\"taj-bank\",\"code\":\"302\",\"longcode\":\"\",\"gateway\":null,\"pay_with_bank\":false,\"supports_transfer\":true,\"available_for_direct_debit\":false,\"active\":true,\"country\":\"Nigeria\",\"currency\":\"NGN\",\"type\":\"nuban\",\"is_deleted\":false,\"createdAt\":\"2020-01-20T11:20:32.000Z\",\"updatedAt\":\"2020-01-20T11:20:32.000Z\"},{\"id\":186,\"name\":\"Tangerine Money\",\"slug\":\"tangerine-money\",\"code\":\"51269\",\"longcode\":\"\",\"gateway\":null,\"pay_with_bank\":false,\"supports_transfer\":true,\"available_for_direct_debit\":false,\"active\":true,\"country\":\"Nigeria\",\"currency\":\"NGN\",\"type\":\"nuban\",\"is_deleted\":false,\"createdAt\":\"2021-09-17T13:25:16.000Z\",\"updatedAt\":\"2021-09-17T13:25:16.000Z\"},{\"id\":889,\"name\":\"Tatum Bank\",\"slug\":\"tatum-bank-ng\",\"code\":\"109\",\"longcode\":\"000042\",\"gateway\":null,\"pay_with_bank\":false,\"supports_transfer\":true,\"available_for_direct_debit\":false,\"active\":true,\"country\":\"Nigeria\",\"currency\":\"NGN\",\"type\":\"nuban\",\"is_deleted\":false,\"createdAt\":\"2026-01-27T11:10:53.000Z\",\"updatedAt\":\"2026-02-13T14:23:10.000Z\"},{\"id\":811,\"name\":\"TENN\",\"slug\":\"tenn-ng\",\"code\":\"51403\",\"longcode\":\"090716\",\"gateway\":null,\"pay_with_bank\":false,\"supports_transfer\":true,\"available_for_direct_debit\":false,\"active\":true,\"country\":\"Nigeria\",\"currency\":\"NGN\",\"type\":\"nuban\",\"is_deleted\":false,\"createdAt\":\"2024-12-03T13:28:42.000Z\",\"updatedAt\":\"2024-12-03T13:28:42.000Z\"},{\"id\":866,\"name\":\"Think Finance Microfinance Bank\",\"slug\":\"think-finance-microfinance-bank-ng\",\"code\":\"677\",\"longcode\":\"090373\",\"gateway\":null,\"pay_with_bank\":false,\"supports_transfer\":true,\"available_for_direct_debit\":false,\"active\":true,\"country\":\"Nigeria\",\"currency\":\"NGN\",\"type\":\"nuban\",\"is_deleted\":false,\"createdAt\":\"2025-09-12T15:10:04.000Z\",\"updatedAt\":\"2025-09-12T15:10:04.000Z\"},{\"id\":73,\"name\":\"Titan Bank\",\"slug\":\"titan-bank\",\"code\":\"102\",\"longcode\":\"\",\"gateway\":null,\"pay_with_bank\":false,\"supports_transfer\":true,\"available_for_direct_debit\":true,\"active\":true,\"country\":\"Nigeria\",\"currency\":\"NGN\",\"type\":\"nuban\",\"is_deleted\":false,\"createdAt\":\"2020-03-10T11:41:36.000Z\",\"updatedAt\":\"2020-03-23T15:06:29.000Z\"},{\"id\":788,\"name\":\"TransPay MFB\",\"slug\":\"transpay-mfb-ng\",\"code\":\"090708\",\"longcode\":\"090708\",\"gateway\":\"\",\"pay_with_bank\":false,\"supports_transfer\":true,\"available_for_direct_debit\":false,\"active\":true,\"country\":\"Nigeria\",\"currency\":\"NGN\",\"type\":\"nuban\",\"is_deleted\":false,\"createdAt\":\"2024-07-19T12:38:48.000Z\",\"updatedAt\":\"2024-07-19T12:38:48.000Z\"},{\"id\":862,\"name\":\"TRUSTBANC J6 MICROFINANCE BANK\",\"slug\":\"trustbanc-j6-microfinance-bank-ng\",\"code\":\"51118\",\"longcode\":\"090123\",\"gateway\":null,\"pay_with_bank\":false,\"supports_transfer\":true,\"available_for_direct_debit\":false,\"active\":true,\"country\":\"Nigeria\",\"currency\":\"NGN\",\"type\":\"nuban\",\"is_deleted\":false,\"createdAt\":\"2025-09-08T09:20:31.000Z\",\"updatedAt\":\"2025-09-08T09:20:31.000Z\"},{\"id\":690,\"name\":\"U&C Microfinance Bank Ltd (U AND C MFB)\",\"slug\":\"uc-microfinance-bank-ltd-u-and-c-mfb-ng\",\"code\":\"50840\",\"longcode\":\"50840\",\"gateway\":null,\"pay_with_bank\":false,\"supports_transfer\":true,\"available_for_direct_debit\":false,\"active\":true,\"country\":\"Nigeria\",\"currency\":\"NGN\",\"type\":\"nuban\",\"is_deleted\":false,\"createdAt\":\"2023-03-27T16:55:53.000Z\",\"updatedAt\":\"2023-03-27T16:55:53.000Z\"},{\"id\":786,\"name\":\"UCEE MFB\",\"slug\":\"ucee-mfb-ng\",\"code\":\"090706\",\"longcode\":\"090706\",\"gateway\":\"\",\"pay_with_bank\":false,\"supports_transfer\":true,\"available_for_direct_debit\":false,\"active\":true,\"country\":\"Nigeria\",\"currency\":\"NGN\",\"type\":\"nuban\",\"is_deleted\":false,\"createdAt\":\"2024-07-19T12:37:46.000Z\",\"updatedAt\":\"2024-07-19T12:37:46.000Z\"},{\"id\":630,\"name\":\"Uhuru MFB\",\"slug\":\"uhuru-mfb-ng\",\"code\":\"51322\",\"longcode\":\"\",\"gateway\":null,\"pay_with_bank\":false,\"supports_transfer\":true,\"available_for_direct_debit\":false,\"active\":true,\"country\":\"Nigeria\",\"currency\":\"NGN\",\"type\":\"nuban\",\"is_deleted\":false,\"createdAt\":\"2022-09-14T12:58:20.000Z\",\"updatedAt\":\"2023-09-05T17:23:38.000Z\"},{\"id\":853,\"name\":\"Ultraviolet Microfinance Bank\",\"slug\":\"ultraviolet-microfinance-bank-ng\",\"code\":\"51080\",\"longcode\":\"090781\",\"gateway\":null,\"pay_with_bank\":false,\"supports_transfer\":true,\"available_for_direct_debit\":false,\"active\":true,\"country\":\"Nigeria\",\"currency\":\"NGN\",\"type\":\"nuban\",\"is_deleted\":false,\"createdAt\":\"2025-04-30T07:55:59.000Z\",\"updatedAt\":\"2025-04-30T07:55:59.000Z\"},{\"id\":678,\"name\":\"Unaab Microfinance Bank Limited\",\"slug\":\"unaab-microfinance-bank-limited-ng\",\"code\":\"50870\",\"longcode\":\"\",\"gateway\":null,\"pay_with_bank\":false,\"supports_transfer\":true,\"available_for_direct_debit\":false,\"active\":true,\"country\":\"Nigeria\",\"currency\":\"NGN\",\"type\":\"nuban\",\"is_deleted\":false,\"createdAt\":\"2022-11-24T13:47:10.000Z\",\"updatedAt\":\"2022-11-24T13:49:16.000Z\"},{\"id\":861,\"name\":\"UNIABUJA MFB\",\"slug\":\"uniabuja-mfb\",\"code\":\"51447\",\"longcode\":\"MFB51447\",\"gateway\":null,\"pay_with_bank\":false,\"supports_transfer\":true,\"available_for_direct_debit\":false,\"active\":true,\"country\":\"Nigeria\",\"currency\":\"NGN\",\"type\":\"nuban\",\"is_deleted\":false,\"createdAt\":\"2025-08-01T17:04:46.000Z\",\"updatedAt\":\"2025-08-04T10:51:00.000Z\"},{\"id\":282,\"name\":\"Unical MFB\",\"slug\":\"unical-mfb\",\"code\":\"50871\",\"longcode\":\"\",\"gateway\":null,\"pay_with_bank\":false,\"supports_transfer\":true,\"available_for_direct_debit\":false,\"active\":true,\"country\":\"Nigeria\",\"currency\":\"NGN\",\"type\":\"nuban\",\"is_deleted\":false,\"createdAt\":\"2022-01-10T09:52:47.000Z\",\"updatedAt\":\"2022-01-10T09:52:47.000Z\"},{\"id\":638,\"name\":\"Unilag Microfinance Bank\",\"slug\":\"unilag-microfinance-bank-ng\",\"code\":\"51316\",\"longcode\":\"\",\"gateway\":null,\"pay_with_bank\":false,\"supports_transfer\":true,\"available_for_direct_debit\":false,\"active\":true,\"country\":\"Nigeria\",\"currency\":\"NGN\",\"type\":\"nuban\",\"is_deleted\":false,\"createdAt\":\"2022-11-07T07:41:50.000Z\",\"updatedAt\":\"2022-11-07T07:41:50.000Z\"},{\"id\":823,\"name\":\"UNIMAID MICROFINANCE BANK\",\"slug\":\"unimaid-microfinance-bank-ng\",\"code\":\"50875\",\"longcode\":\"090464\",\"gateway\":null,\"pay_with_bank\":false,\"supports_transfer\":true,\"available_for_direct_debit\":false,\"active\":true,\"country\":\"Nigeria\",\"currency\":\"NGN\",\"type\":\"nuban\",\"is_deleted\":false,\"createdAt\":\"2025-02-11T11:04:00.000Z\",\"updatedAt\":\"2025-02-11T15:27:21.000Z\"},{\"id\":17,\"name\":\"Union Bank of Nigeria\",\"slug\":\"union-bank-of-nigeria\",\"code\":\"032\",\"longcode\":\"032080474\",\"gateway\":\"emandate\",\"pay_with_bank\":false,\"supports_transfer\":true,\"available_for_direct_debit\":true,\"active\":true,\"country\":\"Nigeria\",\"currency\":\"NGN\",\"type\":\"nuban\",\"is_deleted\":false,\"createdAt\":\"2016-07-14T10:04:29.000Z\",\"updatedAt\":\"2020-02-18T20:22:54.000Z\"},{\"id\":18,\"name\":\"United Bank For Africa\",\"slug\":\"united-bank-for-africa\",\"code\":\"033\",\"longcode\":\"033153513\",\"gateway\":\"emandate\",\"pay_with_bank\":false,\"supports_transfer\":true,\"available_for_direct_debit\":true,\"active\":true,\"country\":\"Nigeria\",\"currency\":\"NGN\",\"type\":\"nuban\",\"is_deleted\":false,\"createdAt\":\"2016-07-14T10:04:29.000Z\",\"updatedAt\":\"2022-03-09T10:28:57.000Z\"},{\"id\":19,\"name\":\"Unity Bank\",\"slug\":\"unity-bank\",\"code\":\"215\",\"longcode\":\"215154097\",\"gateway\":\"emandate\",\"pay_with_bank\":false,\"supports_transfer\":true,\"available_for_direct_debit\":true,\"active\":true,\"country\":\"Nigeria\",\"currency\":\"NGN\",\"type\":\"nuban\",\"is_deleted\":false,\"createdAt\":\"2016-07-14T10:04:29.000Z\",\"updatedAt\":\"2019-07-22T12:44:02.000Z\"},{\"id\":881,\"name\":\"UNIUYO Microfinance Bank Ltd\",\"slug\":\"uniuyo-microfinance-bank-ltd-ng\",\"code\":\"50880\",\"longcode\":\"090315\",\"gateway\":null,\"pay_with_bank\":false,\"supports_transfer\":true,\"available_for_direct_debit\":false,\"active\":true,\"country\":\"Nigeria\",\"currency\":\"NGN\",\"type\":\"nuban\",\"is_deleted\":false,\"createdAt\":\"2025-12-12T11:24:43.000Z\",\"updatedAt\":\"2025-12-12T11:24:43.000Z\"},{\"id\":737,\"name\":\"Uzondu Microfinance Bank Awka Anambra State\",\"slug\":\"uzondu-microfinance-bank-awka-anambra-state-ng\",\"code\":\"50894\",\"longcode\":\"50894\",\"gateway\":null,\"pay_with_bank\":false,\"supports_transfer\":true,\"available_for_direct_debit\":false,\"active\":true,\"country\":\"Nigeria\",\"currency\":\"NGN\",\"type\":\"nuban\",\"is_deleted\":false,\"createdAt\":\"2023-10-31T13:19:39.000Z\",\"updatedAt\":\"2023-10-31T13:19:39.000Z\"},{\"id\":725,\"name\":\"Vale Finance Limited\",\"slug\":\"vale-finance\",\"code\":\"050020\",\"longcode\":\"\",\"gateway\":\"emandate\",\"pay_with_bank\":false,\"supports_transfer\":true,\"available_for_direct_debit\":false,\"active\":true,\"country\":\"Nigeria\",\"currency\":\"NGN\",\"type\":\"nuban\",\"is_deleted\":false,\"createdAt\":\"2023-10-26T14:23:46.000Z\",\"updatedAt\":\"2023-10-26T14:23:46.000Z\"},{\"id\":71,\"name\":\"VFD Microfinance Bank Limited\",\"slug\":\"vfd\",\"code\":\"566\",\"longcode\":\"\",\"gateway\":null,\"pay_with_bank\":false,\"supports_transfer\":true,\"available_for_direct_debit\":false,\"active\":true,\"country\":\"Nigeria\",\"currency\":\"NGN\",\"type\":\"nuban\",\"is_deleted\":false,\"createdAt\":\"2020-02-11T15:44:11.000Z\",\"updatedAt\":\"2020-10-28T09:42:08.000Z\"},{\"id\":701,\"name\":\"Waya Microfinance Bank\",\"slug\":\"waya-microfinance-bank-ng\",\"code\":\"51355\",\"longcode\":\"51355\",\"gateway\":null,\"pay_with_bank\":false,\"supports_transfer\":true,\"available_for_direct_debit\":false,\"active\":true,\"country\":\"Nigeria\",\"currency\":\"NGN\",\"type\":\"nuban\",\"is_deleted\":false,\"createdAt\":\"2023-05-31T15:50:49.000Z\",\"updatedAt\":\"2023-05-31T15:50:49.000Z\"},{\"id\":20,\"name\":\"Wema Bank\",\"slug\":\"wema-bank\",\"code\":\"035\",\"longcode\":\"035150103\",\"gateway\":null,\"pay_with_bank\":false,\"supports_transfer\":true,\"available_for_direct_debit\":true,\"active\":true,\"country\":\"Nigeria\",\"currency\":\"NGN\",\"type\":\"nuban\",\"is_deleted\":false,\"createdAt\":\"2016-07-14T10:04:29.000Z\",\"updatedAt\":\"2021-02-09T17:49:59.000Z\"},{\"id\":854,\"name\":\"Weston Charis MFB\",\"slug\":\"weston-charis-mfb-ng\",\"code\":\"51386\",\"longcode\":\"090741\",\"gateway\":null,\"pay_with_bank\":false,\"supports_transfer\":true,\"available_for_direct_debit\":false,\"active\":true,\"country\":\"Nigeria\",\"currency\":\"NGN\",\"type\":\"nuban\",\"is_deleted\":false,\"createdAt\":\"2025-05-09T14:59:03.000Z\",\"updatedAt\":\"2025-05-09T14:59:03.000Z\"},{\"id\":827,\"name\":\"Xpress Wallet\",\"slug\":\"xpress-wallet-ng\",\"code\":\"100040\",\"longcode\":\"100040\",\"gateway\":null,\"pay_with_bank\":false,\"supports_transfer\":true,\"available_for_direct_debit\":false,\"active\":true,\"country\":\"Nigeria\",\"currency\":\"NGN\",\"type\":\"nuban\",\"is_deleted\":false,\"createdAt\":\"2025-02-24T13:47:43.000Z\",\"updatedAt\":\"2025-02-24T13:47:43.000Z\"},{\"id\":797,\"name\":\"Yes MFB\",\"slug\":\"yes-mfb-ng\",\"code\":\"594\",\"longcode\":\"090142\",\"gateway\":\"\",\"pay_with_bank\":false,\"supports_transfer\":true,\"available_for_direct_debit\":false,\"active\":true,\"country\":\"Nigeria\",\"currency\":\"NGN\",\"type\":\"nuban\",\"is_deleted\":false,\"createdAt\":\"2024-09-11T14:31:38.000Z\",\"updatedAt\":\"2024-09-11T14:31:38.000Z\"},{\"id\":870,\"name\":\"Zap\",\"slug\":\"zap\",\"code\":\"00zap\",\"longcode\":\"00zap\",\"gateway\":\"digitalbankmandate\",\"pay_with_bank\":false,\"supports_transfer\":true,\"available_for_direct_debit\":false,\"active\":true,\"country\":\"Nigeria\",\"currency\":\"NGN\",\"type\":\"nuban\",\"is_deleted\":false,\"createdAt\":\"2025-10-02T16:09:15.000Z\",\"updatedAt\":\"2025-10-08T09:41:00.000Z\"},{\"id\":21,\"name\":\"Zenith Bank\",\"slug\":\"zenith-bank\",\"code\":\"057\",\"longcode\":\"057150013\",\"gateway\":\"emandate\",\"pay_with_bank\":false,\"supports_transfer\":true,\"available_for_direct_debit\":true,\"active\":true,\"country\":\"Nigeria\",\"currency\":\"NGN\",\"type\":\"nuban\",\"is_deleted\":false,\"createdAt\":\"2016-07-14T10:04:29.000Z\",\"updatedAt\":\"2023-09-26T17:09:43.000Z\"},{\"id\":876,\"name\":\"Zitra MFB\",\"slug\":\"zitra-mfb-ng\",\"code\":\"51373\",\"longcode\":\"090718\",\"gateway\":null,\"pay_with_bank\":false,\"supports_transfer\":true,\"available_for_direct_debit\":false,\"active\":true,\"country\":\"Nigeria\",\"currency\":\"NGN\",\"type\":\"nuban\",\"is_deleted\":false,\"createdAt\":\"2025-11-07T14:05:36.000Z\",\"updatedAt\":\"2025-11-07T14:05:36.000Z\"}]}', 200, 'success', NULL, '2026-03-05 03:12:55');
INSERT INTO `payment_gateway_logs` (`id`, `payment_gateway_setting_id`, `event_type`, `method`, `request_data`, `response_data`, `response_code`, `status`, `error_message`, `logged_at`) VALUES
(2, 1, 'test', 'GET', NULL, '{\"status\":true,\"message\":\"Banks retrieved\",\"data\":[{\"id\":879,\"name\":\"78 Finance Company Ltd\",\"slug\":\"78-finance-company-ltd-ng\",\"code\":\"40195\",\"longcode\":\"110072\",\"gateway\":null,\"pay_with_bank\":false,\"supports_transfer\":true,\"available_for_direct_debit\":false,\"active\":true,\"country\":\"Nigeria\",\"currency\":\"NGN\",\"type\":\"nuban\",\"is_deleted\":false,\"createdAt\":\"2025-11-21T12:32:33.000Z\",\"updatedAt\":\"2025-11-21T12:32:33.000Z\"},{\"id\":707,\"name\":\"9jaPay Microfinance Bank\",\"slug\":\"9japay-microfinance-bank-ng\",\"code\":\"090629\",\"longcode\":\"090629\",\"gateway\":null,\"pay_with_bank\":false,\"supports_transfer\":true,\"available_for_direct_debit\":false,\"active\":true,\"country\":\"Nigeria\",\"currency\":\"NGN\",\"type\":\"nuban\",\"is_deleted\":false,\"createdAt\":\"2023-07-20T09:52:18.000Z\",\"updatedAt\":\"2026-02-10T08:10:53.000Z\"},{\"id\":302,\"name\":\"9mobile 9Payment Service Bank\",\"slug\":\"9mobile-9payment-service-bank-ng\",\"code\":\"120001\",\"longcode\":\"120001\",\"gateway\":\"\",\"pay_with_bank\":false,\"supports_transfer\":true,\"available_for_direct_debit\":false,\"active\":true,\"country\":\"Nigeria\",\"currency\":\"NGN\",\"type\":\"nuban\",\"is_deleted\":false,\"createdAt\":\"2022-05-31T06:50:27.000Z\",\"updatedAt\":\"2022-06-23T09:33:55.000Z\"},{\"id\":174,\"name\":\"Abbey Mortgage Bank\",\"slug\":\"abbey-mortgage-bank-ng\",\"code\":\"404\",\"longcode\":\"\",\"gateway\":null,\"pay_with_bank\":false,\"supports_transfer\":true,\"available_for_direct_debit\":false,\"active\":true,\"country\":\"Nigeria\",\"currency\":\"NGN\",\"type\":\"nuban\",\"is_deleted\":false,\"createdAt\":\"2020-12-07T16:19:09.000Z\",\"updatedAt\":\"2023-09-14T13:02:38.000Z\"},{\"id\":188,\"name\":\"Above Only MFB\",\"slug\":\"above-only-mfb\",\"code\":\"51204\",\"longcode\":\"\",\"gateway\":null,\"pay_with_bank\":false,\"supports_transfer\":true,\"available_for_direct_debit\":false,\"active\":true,\"country\":\"Nigeria\",\"currency\":\"NGN\",\"type\":\"nuban\",\"is_deleted\":false,\"createdAt\":\"2021-10-13T20:35:17.000Z\",\"updatedAt\":\"2021-10-13T20:35:17.000Z\"},{\"id\":627,\"name\":\"Abulesoro MFB\",\"slug\":\"abulesoro-mfb-ng\",\"code\":\"51312\",\"longcode\":\"\",\"gateway\":null,\"pay_with_bank\":false,\"supports_transfer\":true,\"available_for_direct_debit\":false,\"active\":true,\"country\":\"Nigeria\",\"currency\":\"NGN\",\"type\":\"nuban\",\"is_deleted\":false,\"createdAt\":\"2022-08-31T08:26:20.000Z\",\"updatedAt\":\"2022-08-31T08:26:20.000Z\"},{\"id\":1,\"name\":\"Access Bank\",\"slug\":\"access-bank\",\"code\":\"044\",\"longcode\":\"044150149\",\"gateway\":\"emandate\",\"pay_with_bank\":false,\"supports_transfer\":true,\"available_for_direct_debit\":true,\"active\":true,\"country\":\"Nigeria\",\"currency\":\"NGN\",\"type\":\"nuban\",\"is_deleted\":false,\"createdAt\":\"2016-07-14T10:04:29.000Z\",\"updatedAt\":\"2020-02-18T08:06:44.000Z\"},{\"id\":3,\"name\":\"Access Bank (Diamond)\",\"slug\":\"access-bank-diamond\",\"code\":\"063\",\"longcode\":\"063150162\",\"gateway\":\"emandate\",\"pay_with_bank\":false,\"supports_transfer\":true,\"available_for_direct_debit\":false,\"active\":true,\"country\":\"Nigeria\",\"currency\":\"NGN\",\"type\":\"nuban\",\"is_deleted\":false,\"createdAt\":\"2016-07-14T10:04:29.000Z\",\"updatedAt\":\"2020-02-18T08:06:48.000Z\"},{\"id\":495,\"name\":\"Accion Microfinance Bank\",\"slug\":\"accion-microfinance-bank-ng\",\"code\":\"602\",\"longcode\":\"\",\"gateway\":\"emandate\",\"pay_with_bank\":false,\"supports_transfer\":true,\"available_for_direct_debit\":false,\"active\":true,\"country\":\"Nigeria\",\"currency\":\"NGN\",\"type\":\"nuban\",\"is_deleted\":false,\"createdAt\":\"2022-07-28T14:22:56.000Z\",\"updatedAt\":\"2022-09-19T07:48:37.000Z\"},{\"id\":897,\"name\":\"Adamawa Mortgage Bank Limited\",\"slug\":\"adamawa-mortgage-bank-limited-ng\",\"code\":\"90102\",\"longcode\":\"070030\",\"gateway\":null,\"pay_with_bank\":false,\"supports_transfer\":false,\"available_for_direct_debit\":false,\"active\":true,\"country\":\"Nigeria\",\"currency\":\"NGN\",\"type\":\"nuban\",\"is_deleted\":false,\"createdAt\":\"2026-02-22T23:42:28.000Z\",\"updatedAt\":\"2026-02-22T23:42:28.000Z\"},{\"id\":687,\"name\":\"Aella MFB\",\"slug\":\"aella-mfb-ng\",\"code\":\"50315\",\"longcode\":\"50315\",\"gateway\":null,\"pay_with_bank\":false,\"supports_transfer\":true,\"available_for_direct_debit\":false,\"active\":true,\"country\":\"Nigeria\",\"currency\":\"NGN\",\"type\":\"nuban\",\"is_deleted\":false,\"createdAt\":\"2023-03-09T08:11:06.000Z\",\"updatedAt\":\"2024-07-30T10:51:33.000Z\"},{\"id\":780,\"name\":\"AG Mortgage Bank\",\"slug\":\"ag-mortgage-bank-ng\",\"code\":\"90077\",\"longcode\":\"100028\",\"gateway\":null,\"pay_with_bank\":false,\"supports_transfer\":true,\"available_for_direct_debit\":false,\"active\":true,\"country\":\"Nigeria\",\"currency\":\"NGN\",\"type\":\"nuban\",\"is_deleted\":false,\"createdAt\":\"2024-06-07T13:28:00.000Z\",\"updatedAt\":\"2024-06-07T13:28:00.000Z\"},{\"id\":676,\"name\":\"Ahmadu Bello University Microfinance Bank\",\"slug\":\"ahmadu-bello-university-microfinance-bank-ng\",\"code\":\"50036\",\"longcode\":\"\",\"gateway\":null,\"pay_with_bank\":false,\"supports_transfer\":true,\"available_for_direct_debit\":false,\"active\":true,\"country\":\"Nigeria\",\"currency\":\"NGN\",\"type\":\"nuban\",\"is_deleted\":false,\"createdAt\":\"2022-11-14T13:35:42.000Z\",\"updatedAt\":\"2022-11-14T13:35:42.000Z\"},{\"id\":300,\"name\":\"Airtel Smartcash PSB\",\"slug\":\"airtel-smartcash-psb-ng\",\"code\":\"120004\",\"longcode\":\"120004\",\"gateway\":\"\",\"pay_with_bank\":false,\"supports_transfer\":true,\"available_for_direct_debit\":false,\"active\":true,\"country\":\"Nigeria\",\"currency\":\"NGN\",\"type\":\"nuban\",\"is_deleted\":false,\"createdAt\":\"2022-05-30T14:03:00.000Z\",\"updatedAt\":\"2022-05-31T06:58:22.000Z\"},{\"id\":698,\"name\":\"AKU Microfinance Bank\",\"slug\":\"aku-mfb\",\"code\":\"51336\",\"longcode\":\"\",\"gateway\":null,\"pay_with_bank\":false,\"supports_transfer\":true,\"available_for_direct_debit\":false,\"active\":true,\"country\":\"Nigeria\",\"currency\":\"NGN\",\"type\":\"nuban\",\"is_deleted\":false,\"createdAt\":\"2023-05-04T15:12:34.000Z\",\"updatedAt\":\"2023-05-04T15:12:34.000Z\"},{\"id\":497,\"name\":\"Akuchukwu Microfinance Bank Limited\",\"slug\":\"akuchukwu-microfinance-bank-limited-ng\",\"code\":\"090561\",\"longcode\":\"090561\",\"gateway\":\"emandate\",\"pay_with_bank\":false,\"supports_transfer\":true,\"available_for_direct_debit\":false,\"active\":true,\"country\":\"Nigeria\",\"currency\":\"NGN\",\"type\":\"nuban\",\"is_deleted\":false,\"createdAt\":\"2022-07-28T14:22:56.000Z\",\"updatedAt\":\"2023-11-03T12:09:37.000Z\"},{\"id\":872,\"name\":\"Al-Barakah Microfinance Bank\",\"slug\":\"al-barakah-microfinance-bank-ng\",\"code\":\"50055\",\"longcode\":\"090133\",\"gateway\":null,\"pay_with_bank\":false,\"supports_transfer\":true,\"available_for_direct_debit\":false,\"active\":true,\"country\":\"Nigeria\",\"currency\":\"NGN\",\"type\":\"nuban\",\"is_deleted\":false,\"createdAt\":\"2025-10-17T10:08:10.000Z\",\"updatedAt\":\"2025-10-17T10:08:10.000Z\"},{\"id\":27,\"name\":\"ALAT by WEMA\",\"slug\":\"alat-by-wema\",\"code\":\"035A\",\"longcode\":\"035150103\",\"gateway\":\"emandate\",\"pay_with_bank\":false,\"supports_transfer\":true,\"available_for_direct_debit\":false,\"active\":true,\"country\":\"Nigeria\",\"currency\":\"NGN\",\"type\":\"nuban\",\"is_deleted\":false,\"createdAt\":\"2017-11-15T12:21:31.000Z\",\"updatedAt\":\"2022-05-31T15:54:34.000Z\"},{\"id\":857,\"name\":\"Alpha Morgan Bank\",\"slug\":\"alpha-morgan\",\"code\":\"108\",\"longcode\":\"000041\",\"gateway\":null,\"pay_with_bank\":false,\"supports_transfer\":true,\"available_for_direct_debit\":false,\"active\":true,\"country\":\"Nigeria\",\"currency\":\"NGN\",\"type\":\"nuban\",\"is_deleted\":false,\"createdAt\":\"2025-06-16T10:33:05.000Z\",\"updatedAt\":\"2025-06-16T10:33:05.000Z\"},{\"id\":790,\"name\":\"Alternative bank\",\"slug\":\"the-alternative-bank-ng\",\"code\":\"000304\",\"longcode\":\"000304\",\"gateway\":null,\"pay_with_bank\":false,\"supports_transfer\":true,\"available_for_direct_debit\":false,\"active\":true,\"country\":\"Nigeria\",\"currency\":\"NGN\",\"type\":\"nuban\",\"is_deleted\":false,\"createdAt\":\"2024-08-06T12:31:06.000Z\",\"updatedAt\":\"2025-02-19T13:05:14.000Z\"},{\"id\":179,\"name\":\"Amju Unique MFB\",\"slug\":\"amju-unique-mfb\",\"code\":\"50926\",\"longcode\":\"511080896\",\"gateway\":null,\"pay_with_bank\":false,\"supports_transfer\":true,\"available_for_direct_debit\":false,\"active\":true,\"country\":\"Nigeria\",\"currency\":\"NGN\",\"type\":\"nuban\",\"is_deleted\":false,\"createdAt\":\"2021-07-07T13:45:57.000Z\",\"updatedAt\":\"2021-07-07T13:45:57.000Z\"},{\"id\":614,\"name\":\"Aramoko MFB\",\"slug\":\"aramoko-mfb\",\"code\":\"50083\",\"longcode\":\"\",\"gateway\":null,\"pay_with_bank\":false,\"supports_transfer\":true,\"available_for_direct_debit\":false,\"active\":true,\"country\":\"Nigeria\",\"currency\":\"NGN\",\"type\":\"nuban\",\"is_deleted\":false,\"createdAt\":\"2022-08-10T09:48:24.000Z\",\"updatedAt\":\"2022-08-10T09:48:24.000Z\"},{\"id\":63,\"name\":\"ASO Savings and Loans\",\"slug\":\"asosavings\",\"code\":\"401\",\"longcode\":\"\",\"gateway\":null,\"pay_with_bank\":false,\"supports_transfer\":true,\"available_for_direct_debit\":false,\"active\":true,\"country\":\"Nigeria\",\"currency\":\"NGN\",\"type\":\"nuban\",\"is_deleted\":false,\"createdAt\":\"2018-09-23T05:52:38.000Z\",\"updatedAt\":\"2019-01-30T09:38:57.000Z\"},{\"id\":793,\"name\":\"Assets Microfinance Bank\",\"slug\":\"assets-microfinance-bank-ng\",\"code\":\"50092\",\"longcode\":\"50092\",\"gateway\":null,\"pay_with_bank\":false,\"supports_transfer\":true,\"available_for_direct_debit\":false,\"active\":true,\"country\":\"Nigeria\",\"currency\":\"NGN\",\"type\":\"nuban\",\"is_deleted\":false,\"createdAt\":\"2024-08-21T11:36:11.000Z\",\"updatedAt\":\"2024-08-21T11:36:11.000Z\"},{\"id\":297,\"name\":\"Astrapolaris MFB LTD\",\"slug\":\"astrapolaris-mfb\",\"code\":\"MFB50094\",\"longcode\":\"\",\"gateway\":null,\"pay_with_bank\":false,\"supports_transfer\":true,\"available_for_direct_debit\":false,\"active\":true,\"country\":\"Nigeria\",\"currency\":\"NGN\",\"type\":\"nuban\",\"is_deleted\":false,\"createdAt\":\"2022-05-25T10:46:17.000Z\",\"updatedAt\":\"2022-05-25T10:46:17.000Z\"},{\"id\":759,\"name\":\"AVUENEGBE MICROFINANCE BANK\",\"slug\":\"avuenegbe-microfinance-bank-ng\",\"code\":\"090478\",\"longcode\":\"090478\",\"gateway\":\"\",\"pay_with_bank\":false,\"supports_transfer\":true,\"available_for_direct_debit\":false,\"active\":true,\"country\":\"Nigeria\",\"currency\":\"NGN\",\"type\":\"nuban\",\"is_deleted\":false,\"createdAt\":\"2023-12-30T06:19:20.000Z\",\"updatedAt\":\"2023-12-30T06:19:20.000Z\"},{\"id\":778,\"name\":\"AWACASH MICROFINANCE BANK\",\"slug\":\"awacash-microfinance-bank-ng\",\"code\":\"51351\",\"longcode\":\"51351\",\"gateway\":null,\"pay_with_bank\":false,\"supports_transfer\":true,\"available_for_direct_debit\":false,\"active\":true,\"country\":\"Nigeria\",\"currency\":\"NGN\",\"type\":\"nuban\",\"is_deleted\":false,\"createdAt\":\"2024-05-20T10:27:56.000Z\",\"updatedAt\":\"2024-05-20T10:27:56.000Z\"},{\"id\":796,\"name\":\"AZTEC MICROFINANCE BANK LIMITED\",\"slug\":\"aztec-microfinance-bank-limited-ng\",\"code\":\"51337\",\"longcode\":\"090540\",\"gateway\":null,\"pay_with_bank\":false,\"supports_transfer\":true,\"available_for_direct_debit\":false,\"active\":true,\"country\":\"Nigeria\",\"currency\":\"NGN\",\"type\":\"nuban\",\"is_deleted\":false,\"createdAt\":\"2024-08-28T14:36:20.000Z\",\"updatedAt\":\"2024-08-28T14:36:20.000Z\"},{\"id\":181,\"name\":\"Bainescredit MFB\",\"slug\":\"bainescredit-mfb\",\"code\":\"51229\",\"longcode\":\"\",\"gateway\":null,\"pay_with_bank\":false,\"supports_transfer\":true,\"available_for_direct_debit\":false,\"active\":true,\"country\":\"Nigeria\",\"currency\":\"NGN\",\"type\":\"nuban\",\"is_deleted\":false,\"createdAt\":\"2021-07-12T14:41:18.000Z\",\"updatedAt\":\"2021-07-12T14:41:18.000Z\"},{\"id\":686,\"name\":\"Banc Corp Microfinance Bank\",\"slug\":\"banc-corp-microfinance-bank-ng\",\"code\":\"50117\",\"longcode\":\"50117\",\"gateway\":\"\",\"pay_with_bank\":false,\"supports_transfer\":true,\"available_for_direct_debit\":false,\"active\":true,\"country\":\"Nigeria\",\"currency\":\"NGN\",\"type\":\"nuban\",\"is_deleted\":false,\"createdAt\":\"2023-03-06T15:39:58.000Z\",\"updatedAt\":\"2023-03-06T15:39:58.000Z\"},{\"id\":880,\"name\":\"Bank78 Microfinance Bank\",\"slug\":\"bank78-microfinance-bank-ng\",\"code\":\"11072\",\"longcode\":\"090866\",\"gateway\":null,\"pay_with_bank\":false,\"supports_transfer\":true,\"available_for_direct_debit\":false,\"active\":true,\"country\":\"Nigeria\",\"currency\":\"NGN\",\"type\":\"nuban\",\"is_deleted\":false,\"createdAt\":\"2025-12-09T10:54:45.000Z\",\"updatedAt\":\"2025-12-09T10:54:45.000Z\"},{\"id\":832,\"name\":\"BANKIT MICROFINANCE BANK LTD\",\"slug\":\"bankit-microfinance-bank-ltd-ng\",\"code\":\"50572\",\"longcode\":\"090275\",\"gateway\":null,\"pay_with_bank\":false,\"supports_transfer\":true,\"available_for_direct_debit\":false,\"active\":true,\"country\":\"Nigeria\",\"currency\":\"NGN\",\"type\":\"nuban\",\"is_deleted\":false,\"createdAt\":\"2025-04-02T13:12:36.000Z\",\"updatedAt\":\"2025-04-02T13:12:36.000Z\"},{\"id\":689,\"name\":\"BANKLY MFB\",\"slug\":\"ampersand-microfinance-bank-ng\",\"code\":\"51341\",\"longcode\":\"\",\"gateway\":\"\",\"pay_with_bank\":false,\"supports_transfer\":true,\"available_for_direct_debit\":false,\"active\":true,\"country\":\"Nigeria\",\"currency\":\"NGN\",\"type\":\"nuban\",\"is_deleted\":false,\"createdAt\":\"2023-03-23T11:11:40.000Z\",\"updatedAt\":\"2024-10-22T07:32:28.000Z\"},{\"id\":777,\"name\":\"Baobab Microfinance Bank\",\"slug\":\"baobab-microfinance-bank-ng\",\"code\":\"MFB50992\",\"longcode\":\"MFB50992\",\"gateway\":\"null\",\"pay_with_bank\":false,\"supports_transfer\":true,\"available_for_direct_debit\":false,\"active\":true,\"country\":\"Nigeria\",\"currency\":\"NGN\",\"type\":\"nuban\",\"is_deleted\":false,\"createdAt\":\"2024-05-08T09:06:52.000Z\",\"updatedAt\":\"2024-05-08T09:06:52.000Z\"},{\"id\":783,\"name\":\"BellBank Microfinance Bank\",\"slug\":\"bellbank-microfinance-bank-ng\",\"code\":\"51100\",\"longcode\":\"51100\",\"gateway\":null,\"pay_with_bank\":false,\"supports_transfer\":true,\"available_for_direct_debit\":false,\"active\":true,\"country\":\"Nigeria\",\"currency\":\"NGN\",\"type\":\"nuban\",\"is_deleted\":false,\"createdAt\":\"2024-07-02T11:56:37.000Z\",\"updatedAt\":\"2024-07-02T11:56:37.000Z\"},{\"id\":589,\"name\":\"Benysta Microfinance Bank Limited\",\"slug\":\"benysta-microfinance-bank-limited\",\"code\":\"51267\",\"longcode\":\"51267\",\"gateway\":\"emandate\",\"pay_with_bank\":false,\"supports_transfer\":true,\"available_for_direct_debit\":false,\"active\":true,\"country\":\"Nigeria\",\"currency\":\"NGN\",\"type\":\"nuban\",\"is_deleted\":false,\"createdAt\":\"2022-07-28T14:22:56.000Z\",\"updatedAt\":\"2024-07-04T11:12:27.000Z\"},{\"id\":886,\"name\":\"Berachah Microfinance Bank Ltd.\",\"slug\":\"berachah-microfinance-bank-ltd-ng\",\"code\":\"50122\",\"longcode\":\"090618\",\"gateway\":null,\"pay_with_bank\":false,\"supports_transfer\":true,\"available_for_direct_debit\":false,\"active\":true,\"country\":\"Nigeria\",\"currency\":\"NGN\",\"type\":\"nuban\",\"is_deleted\":false,\"createdAt\":\"2026-01-16T10:40:16.000Z\",\"updatedAt\":\"2026-01-16T10:40:16.000Z\"},{\"id\":771,\"name\":\"Beststar Microfinance Bank\",\"slug\":\"beststar-microfinance-bank-ng\",\"code\":\"50123\",\"longcode\":\"090615\",\"gateway\":null,\"pay_with_bank\":false,\"supports_transfer\":true,\"available_for_direct_debit\":false,\"active\":true,\"country\":\"Nigeria\",\"currency\":\"NGN\",\"type\":\"nuban\",\"is_deleted\":false,\"createdAt\":\"2024-01-26T08:55:14.000Z\",\"updatedAt\":\"2024-01-26T08:55:14.000Z\"},{\"id\":816,\"name\":\"BOLD MFB\",\"slug\":\"bold-mfb-ng\",\"code\":\"50725\",\"longcode\":\"090753\",\"gateway\":\"\",\"pay_with_bank\":false,\"supports_transfer\":true,\"available_for_direct_debit\":false,\"active\":true,\"country\":\"Nigeria\",\"currency\":\"NGN\",\"type\":\"nuban\",\"is_deleted\":false,\"createdAt\":\"2024-12-20T11:31:23.000Z\",\"updatedAt\":\"2024-12-20T14:06:12.000Z\"},{\"id\":815,\"name\":\"Bosak Microfinance Bank\",\"slug\":\"bosak-microfinance-bank-ng\",\"code\":\"650\",\"longcode\":\"650\",\"gateway\":null,\"pay_with_bank\":false,\"supports_transfer\":true,\"available_for_direct_debit\":false,\"active\":true,\"country\":\"Nigeria\",\"currency\":\"NGN\",\"type\":\"nuban\",\"is_deleted\":false,\"createdAt\":\"2024-12-16T12:21:26.000Z\",\"updatedAt\":\"2024-12-16T12:21:26.000Z\"},{\"id\":108,\"name\":\"Bowen Microfinance Bank\",\"slug\":\"bowen-microfinance-bank\",\"code\":\"50931\",\"longcode\":\"\",\"gateway\":null,\"pay_with_bank\":false,\"supports_transfer\":true,\"available_for_direct_debit\":false,\"active\":true,\"country\":\"Nigeria\",\"currency\":\"NGN\",\"type\":\"nuban\",\"is_deleted\":false,\"createdAt\":\"2020-02-11T15:38:57.000Z\",\"updatedAt\":\"2020-02-11T15:38:57.000Z\"},{\"id\":697,\"name\":\"Branch International Finance Company Limited\",\"slug\":\"branch\",\"code\":\"FC40163\",\"longcode\":\"\",\"gateway\":null,\"pay_with_bank\":false,\"supports_transfer\":true,\"available_for_direct_debit\":false,\"active\":true,\"country\":\"Nigeria\",\"currency\":\"NGN\",\"type\":\"nuban\",\"is_deleted\":false,\"createdAt\":\"2023-05-04T09:49:07.000Z\",\"updatedAt\":\"2024-10-23T10:37:58.000Z\"},{\"id\":867,\"name\":\"Brent Mortgage bank\",\"slug\":\"brent-mortgage-bank-ng\",\"code\":\"90070\",\"longcode\":\"070015\",\"gateway\":null,\"pay_with_bank\":false,\"supports_transfer\":true,\"available_for_direct_debit\":false,\"active\":true,\"country\":\"Nigeria\",\"currency\":\"NGN\",\"type\":\"nuban\",\"is_deleted\":false,\"createdAt\":\"2025-09-17T06:54:19.000Z\",\"updatedAt\":\"2025-09-17T06:54:19.000Z\"},{\"id\":817,\"name\":\"BuyPower MFB\",\"slug\":\"buypower-mfb-ng\",\"code\":\"50645\",\"longcode\":\"50645\",\"gateway\":\"\",\"pay_with_bank\":false,\"supports_transfer\":true,\"available_for_direct_debit\":false,\"active\":true,\"country\":\"Nigeria\",\"currency\":\"NGN\",\"type\":\"nuban\",\"is_deleted\":false,\"createdAt\":\"2025-01-13T12:40:37.000Z\",\"updatedAt\":\"2025-01-13T15:31:54.000Z\"},{\"id\":82,\"name\":\"Carbon\",\"slug\":\"carbon\",\"code\":\"565\",\"longcode\":\"\",\"gateway\":\"digitalbankmandate\",\"pay_with_bank\":false,\"supports_transfer\":true,\"available_for_direct_debit\":false,\"active\":true,\"country\":\"Nigeria\",\"currency\":\"NGN\",\"type\":\"nuban\",\"is_deleted\":false,\"createdAt\":\"2020-06-16T08:15:31.000Z\",\"updatedAt\":\"2025-03-10T13:42:25.000Z\"},{\"id\":781,\"name\":\"Cashbridge Microfinance Bank Limited\",\"slug\":\"cashbridge-mfb-ng\",\"code\":\"51353\",\"longcode\":\"51353\",\"gateway\":null,\"pay_with_bank\":false,\"supports_transfer\":true,\"available_for_direct_debit\":false,\"active\":true,\"country\":\"Nigeria\",\"currency\":\"NGN\",\"type\":\"nuban\",\"is_deleted\":false,\"createdAt\":\"2024-06-27T13:01:40.000Z\",\"updatedAt\":\"2024-06-27T13:01:40.000Z\"},{\"id\":692,\"name\":\"CASHCONNECT MFB\",\"slug\":\"cashconnect-mfb-ng\",\"code\":\"865\",\"longcode\":\"865\",\"gateway\":\"\",\"pay_with_bank\":false,\"supports_transfer\":true,\"available_for_direct_debit\":false,\"active\":true,\"country\":\"Nigeria\",\"currency\":\"NGN\",\"type\":\"nuban\",\"is_deleted\":false,\"createdAt\":\"2023-04-05T14:29:19.000Z\",\"updatedAt\":\"2023-04-05T14:29:19.000Z\"},{\"id\":74,\"name\":\"CEMCS Microfinance Bank\",\"slug\":\"cemcs-microfinance-bank\",\"code\":\"50823\",\"longcode\":\"\",\"gateway\":null,\"pay_with_bank\":false,\"supports_transfer\":true,\"available_for_direct_debit\":false,\"active\":true,\"country\":\"Nigeria\",\"currency\":\"NGN\",\"type\":\"nuban\",\"is_deleted\":false,\"createdAt\":\"2020-03-23T15:06:13.000Z\",\"updatedAt\":\"2020-03-23T15:06:28.000Z\"},{\"id\":284,\"name\":\"Chanelle Microfinance Bank Limited\",\"slug\":\"chanelle-microfinance-bank-limited-ng\",\"code\":\"50171\",\"longcode\":\"50171\",\"gateway\":\"\",\"pay_with_bank\":false,\"supports_transfer\":true,\"available_for_direct_debit\":false,\"active\":true,\"country\":\"Nigeria\",\"currency\":\"NGN\",\"type\":\"nuban\",\"is_deleted\":false,\"createdAt\":\"2022-02-10T13:28:38.000Z\",\"updatedAt\":\"2022-02-10T13:28:38.000Z\"},{\"id\":704,\"name\":\"Chikum Microfinance bank\",\"slug\":\"chikum-microfinance-bank-ng\",\"code\":\"312\",\"longcode\":\"null\",\"gateway\":null,\"pay_with_bank\":false,\"supports_transfer\":true,\"available_for_direct_debit\":false,\"active\":true,\"country\":\"Nigeria\",\"currency\":\"NGN\",\"type\":\"nuban\",\"is_deleted\":false,\"createdAt\":\"2023-07-03T11:21:07.000Z\",\"updatedAt\":\"2023-07-03T11:21:07.000Z\"},{\"id\":2,\"name\":\"Citibank Nigeria\",\"slug\":\"citibank-nigeria\",\"code\":\"023\",\"longcode\":\"023150005\",\"gateway\":null,\"pay_with_bank\":false,\"supports_transfer\":true,\"available_for_direct_debit\":true,\"active\":true,\"country\":\"Nigeria\",\"currency\":\"NGN\",\"type\":\"nuban\",\"is_deleted\":false,\"createdAt\":\"2016-07-14T10:04:29.000Z\",\"updatedAt\":\"2020-02-18T20:24:02.000Z\"},{\"id\":755,\"name\":\"CITYCODE MORTAGE BANK\",\"slug\":\"citycode-mortage-bank-ng\",\"code\":\"070027\",\"longcode\":\"070027\",\"gateway\":\"\",\"pay_with_bank\":false,\"supports_transfer\":true,\"available_for_direct_debit\":false,\"active\":true,\"country\":\"Nigeria\",\"currency\":\"NGN\",\"type\":\"nuban\",\"is_deleted\":false,\"createdAt\":\"2023-12-30T06:16:39.000Z\",\"updatedAt\":\"2023-12-30T06:16:39.000Z\"},{\"id\":691,\"name\":\"Consumer Microfinance Bank\",\"slug\":\"consumer-microfinance-bank-ng\",\"code\":\"50910\",\"longcode\":\"50910\",\"gateway\":null,\"pay_with_bank\":false,\"supports_transfer\":true,\"available_for_direct_debit\":false,\"active\":true,\"country\":\"Nigeria\",\"currency\":\"NGN\",\"type\":\"nuban\",\"is_deleted\":false,\"createdAt\":\"2023-03-28T06:18:02.000Z\",\"updatedAt\":\"2023-03-28T06:18:02.000Z\"},{\"id\":874,\"name\":\"Cool Microfinance Bank Limited\",\"slug\":\"cool-microfinance-bank-limited-ng\",\"code\":\"51458\",\"longcode\":\"090842\",\"gateway\":null,\"pay_with_bank\":false,\"supports_transfer\":true,\"available_for_direct_debit\":false,\"active\":true,\"country\":\"Nigeria\",\"currency\":\"NGN\",\"type\":\"nuban\",\"is_deleted\":false,\"createdAt\":\"2025-11-06T13:26:41.000Z\",\"updatedAt\":\"2025-11-06T13:26:41.000Z\"},{\"id\":895,\"name\":\"Cooperative Mortgage Bank\",\"slug\":\"cooperative-mortgage-bank-ng\",\"code\":\"90089\",\"longcode\":\"070021\",\"gateway\":null,\"pay_with_bank\":false,\"supports_transfer\":false,\"available_for_direct_debit\":false,\"active\":true,\"country\":\"Nigeria\",\"currency\":\"NGN\",\"type\":\"nuban\",\"is_deleted\":false,\"createdAt\":\"2026-02-16T14:02:24.000Z\",\"updatedAt\":\"2026-02-16T14:02:24.000Z\"},{\"id\":283,\"name\":\"Corestep MFB\",\"slug\":\"corestep-mfb\",\"code\":\"50204\",\"longcode\":\"\",\"gateway\":null,\"pay_with_bank\":false,\"supports_transfer\":true,\"available_for_direct_debit\":false,\"active\":true,\"country\":\"Nigeria\",\"currency\":\"NGN\",\"type\":\"nuban\",\"is_deleted\":false,\"createdAt\":\"2022-02-09T14:33:06.000Z\",\"updatedAt\":\"2022-02-09T14:33:06.000Z\"},{\"id\":173,\"name\":\"Coronation Merchant Bank\",\"slug\":\"coronation-merchant-bank-ng\",\"code\":\"559\",\"longcode\":\"\",\"gateway\":null,\"pay_with_bank\":false,\"supports_transfer\":true,\"available_for_direct_debit\":false,\"active\":true,\"country\":\"Nigeria\",\"currency\":\"NGN\",\"type\":\"nuban\",\"is_deleted\":false,\"createdAt\":\"2020-11-24T10:25:07.000Z\",\"updatedAt\":\"2023-05-04T06:49:08.000Z\"},{\"id\":694,\"name\":\"County Finance Limited\",\"slug\":\"county-finance-limited\",\"code\":\"FC40128\",\"longcode\":\"\",\"gateway\":null,\"pay_with_bank\":false,\"supports_transfer\":true,\"available_for_direct_debit\":false,\"active\":true,\"country\":\"Nigeria\",\"currency\":\"NGN\",\"type\":\"nuban\",\"is_deleted\":false,\"createdAt\":\"2023-04-26T14:24:23.000Z\",\"updatedAt\":\"2023-04-26T14:24:23.000Z\"},{\"id\":829,\"name\":\"Credit Direct Limited\",\"slug\":\"credit-direct-limited-ng\",\"code\":\"40119\",\"longcode\":\"110049\",\"gateway\":null,\"pay_with_bank\":false,\"supports_transfer\":true,\"available_for_direct_debit\":false,\"active\":true,\"country\":\"Nigeria\",\"currency\":\"NGN\",\"type\":\"nuban\",\"is_deleted\":false,\"createdAt\":\"2025-03-15T18:14:25.000Z\",\"updatedAt\":\"2025-03-15T18:14:25.000Z\"},{\"id\":366,\"name\":\"Crescent MFB\",\"slug\":\"crescent-mfb\",\"code\":\"51297\",\"longcode\":\"\",\"gateway\":null,\"pay_with_bank\":false,\"supports_transfer\":true,\"available_for_direct_debit\":false,\"active\":true,\"country\":\"Nigeria\",\"currency\":\"NGN\",\"type\":\"nuban\",\"is_deleted\":false,\"createdAt\":\"2022-07-18T12:39:03.000Z\",\"updatedAt\":\"2022-07-18T12:39:03.000Z\"},{\"id\":634,\"name\":\"Crust Microfinance Bank\",\"slug\":\"crust-microfinance-bank-ng\",\"code\":\"090560\",\"longcode\":\"\",\"gateway\":\"\",\"pay_with_bank\":false,\"supports_transfer\":true,\"available_for_direct_debit\":false,\"active\":true,\"country\":\"Nigeria\",\"currency\":\"NGN\",\"type\":\"nuban\",\"is_deleted\":false,\"createdAt\":\"2022-09-22T09:14:25.000Z\",\"updatedAt\":\"2023-12-12T15:46:28.000Z\"},{\"id\":820,\"name\":\"CRUTECH MICROFINANCE BANK LTD\",\"slug\":\"crutech-microfinance-bank-ltd-ng\",\"code\":\"50216\",\"longcode\":\"090414\",\"gateway\":\"\",\"pay_with_bank\":false,\"supports_transfer\":true,\"available_for_direct_debit\":false,\"active\":true,\"country\":\"Nigeria\",\"currency\":\"NGN\",\"type\":\"nuban\",\"is_deleted\":false,\"createdAt\":\"2025-01-24T12:05:13.000Z\",\"updatedAt\":\"2025-04-15T15:27:51.000Z\"},{\"id\":865,\"name\":\"Dash Microfinance Bank\",\"slug\":\"dash-microfinance-bank-ng\",\"code\":\"51368\",\"longcode\":\"090845\",\"gateway\":null,\"pay_with_bank\":false,\"supports_transfer\":true,\"available_for_direct_debit\":false,\"active\":true,\"country\":\"Nigeria\",\"currency\":\"NGN\",\"type\":\"nuban\",\"is_deleted\":false,\"createdAt\":\"2025-09-12T15:03:26.000Z\",\"updatedAt\":\"2025-09-12T15:03:26.000Z\"},{\"id\":738,\"name\":\"Davenport MICROFINANCE BANK\",\"slug\":\"davenport-microfinance-bank-ng\",\"code\":\"51334\",\"longcode\":\"51334\",\"gateway\":\"\",\"pay_with_bank\":false,\"supports_transfer\":true,\"available_for_direct_debit\":false,\"active\":true,\"country\":\"Nigeria\",\"currency\":\"NGN\",\"type\":\"nuban\",\"is_deleted\":false,\"createdAt\":\"2023-11-20T13:30:56.000Z\",\"updatedAt\":\"2023-11-20T13:30:56.000Z\"},{\"id\":860,\"name\":\"Dillon Microfinance Bank\",\"slug\":\"dillon-microfinance-bank-ng\",\"code\":\"51450\",\"longcode\":\"09828\",\"gateway\":null,\"pay_with_bank\":false,\"supports_transfer\":true,\"available_for_direct_debit\":false,\"active\":true,\"country\":\"Nigeria\",\"currency\":\"NGN\",\"type\":\"nuban\",\"is_deleted\":false,\"createdAt\":\"2025-07-31T15:52:51.000Z\",\"updatedAt\":\"2025-07-31T15:52:51.000Z\"},{\"id\":637,\"name\":\"Dot Microfinance Bank\",\"slug\":\"dot-microfinance-bank-ng\",\"code\":\"50162\",\"longcode\":\"\",\"gateway\":null,\"pay_with_bank\":false,\"supports_transfer\":true,\"available_for_direct_debit\":false,\"active\":true,\"country\":\"Nigeria\",\"currency\":\"NGN\",\"type\":\"nuban\",\"is_deleted\":false,\"createdAt\":\"2022-11-03T14:39:09.000Z\",\"updatedAt\":\"2022-11-03T14:39:09.000Z\"},{\"id\":821,\"name\":\"EBSU Microfinance Bank\",\"slug\":\"ebsu-microfinance-bank-ng\",\"code\":\"50922\",\"longcode\":\"090427\",\"gateway\":null,\"pay_with_bank\":false,\"supports_transfer\":true,\"available_for_direct_debit\":false,\"active\":true,\"country\":\"Nigeria\",\"currency\":\"NGN\",\"type\":\"nuban\",\"is_deleted\":false,\"createdAt\":\"2025-02-10T13:06:52.000Z\",\"updatedAt\":\"2025-02-10T13:06:52.000Z\"},{\"id\":4,\"name\":\"Ecobank Nigeria\",\"slug\":\"ecobank-nigeria\",\"code\":\"050\",\"longcode\":\"050150010\",\"gateway\":null,\"pay_with_bank\":false,\"supports_transfer\":true,\"available_for_direct_debit\":true,\"active\":true,\"country\":\"Nigeria\",\"currency\":\"NGN\",\"type\":\"nuban\",\"is_deleted\":false,\"createdAt\":\"2016-07-14T10:04:29.000Z\",\"updatedAt\":\"2020-02-18T20:23:53.000Z\"},{\"id\":628,\"name\":\"Ekimogun MFB\",\"slug\":\"ekimogun-mfb-ng\",\"code\":\"50263\",\"longcode\":\"\",\"gateway\":null,\"pay_with_bank\":false,\"supports_transfer\":true,\"available_for_direct_debit\":false,\"active\":true,\"country\":\"Nigeria\",\"currency\":\"NGN\",\"type\":\"nuban\",\"is_deleted\":false,\"createdAt\":\"2022-08-31T08:26:39.000Z\",\"updatedAt\":\"2022-08-31T08:26:39.000Z\"},{\"id\":64,\"name\":\"Ekondo Microfinance Bank\",\"slug\":\"ekondo-microfinance-bank-ng\",\"code\":\"098\",\"longcode\":\"\",\"gateway\":null,\"pay_with_bank\":false,\"supports_transfer\":true,\"available_for_direct_debit\":false,\"active\":true,\"country\":\"Nigeria\",\"currency\":\"NGN\",\"type\":\"nuban\",\"is_deleted\":false,\"createdAt\":\"2018-09-23T05:55:06.000Z\",\"updatedAt\":\"2022-09-21T15:09:51.000Z\"},{\"id\":761,\"name\":\"EXCEL FINANCE BANK\",\"slug\":\"excel-finance-bank-ng\",\"code\":\"090678\",\"longcode\":\"090678\",\"gateway\":\"\",\"pay_with_bank\":false,\"supports_transfer\":true,\"available_for_direct_debit\":false,\"active\":true,\"country\":\"Nigeria\",\"currency\":\"NGN\",\"type\":\"nuban\",\"is_deleted\":false,\"createdAt\":\"2023-12-30T06:19:49.000Z\",\"updatedAt\":\"2023-12-30T06:19:49.000Z\"},{\"id\":167,\"name\":\"Eyowo\",\"slug\":\"eyowo\",\"code\":\"50126\",\"longcode\":\"\",\"gateway\":null,\"pay_with_bank\":false,\"supports_transfer\":true,\"available_for_direct_debit\":false,\"active\":true,\"country\":\"Nigeria\",\"currency\":\"NGN\",\"type\":\"nuban\",\"is_deleted\":false,\"createdAt\":\"2020-09-07T13:52:22.000Z\",\"updatedAt\":\"2020-11-24T10:03:21.000Z\"},{\"id\":677,\"name\":\"Fairmoney Microfinance Bank\",\"slug\":\"fairmoney-microfinance-bank-ng\",\"code\":\"51318\",\"longcode\":\"\",\"gateway\":null,\"pay_with_bank\":false,\"supports_transfer\":true,\"available_for_direct_debit\":false,\"active\":true,\"country\":\"Nigeria\",\"currency\":\"NGN\",\"type\":\"nuban\",\"is_deleted\":false,\"createdAt\":\"2022-11-15T12:33:47.000Z\",\"updatedAt\":\"2022-11-15T12:37:44.000Z\"},{\"id\":898,\"name\":\"FCMB MFB\",\"slug\":\"fcmb-mfb-ng\",\"code\":\"51241\",\"longcode\":\"51241\",\"gateway\":null,\"pay_with_bank\":false,\"supports_transfer\":true,\"available_for_direct_debit\":false,\"active\":true,\"country\":\"Nigeria\",\"currency\":\"NGN\",\"type\":\"nuban\",\"is_deleted\":false,\"createdAt\":\"2026-02-23T16:51:37.000Z\",\"updatedAt\":\"2026-02-23T16:51:37.000Z\"},{\"id\":767,\"name\":\"Fedeth MFB\",\"slug\":\"fedeth-mfb-ng\",\"code\":\"50298\",\"longcode\":\"090482\",\"gateway\":null,\"pay_with_bank\":false,\"supports_transfer\":true,\"available_for_direct_debit\":false,\"active\":true,\"country\":\"Nigeria\",\"currency\":\"NGN\",\"type\":\"nuban\",\"is_deleted\":false,\"createdAt\":\"2024-01-04T14:09:56.000Z\",\"updatedAt\":\"2024-01-04T14:09:56.000Z\"},{\"id\":6,\"name\":\"Fidelity Bank\",\"slug\":\"fidelity-bank\",\"code\":\"070\",\"longcode\":\"070150003\",\"gateway\":\"emandate\",\"pay_with_bank\":false,\"supports_transfer\":true,\"available_for_direct_debit\":true,\"active\":true,\"country\":\"Nigeria\",\"currency\":\"NGN\",\"type\":\"nuban\",\"is_deleted\":false,\"createdAt\":\"2016-07-14T10:04:29.000Z\",\"updatedAt\":\"2021-08-27T09:15:29.000Z\"},{\"id\":177,\"name\":\"Firmus MFB\",\"slug\":\"firmus-mfb\",\"code\":\"51314\",\"longcode\":\"\",\"gateway\":null,\"pay_with_bank\":false,\"supports_transfer\":true,\"available_for_direct_debit\":false,\"active\":true,\"country\":\"Nigeria\",\"currency\":\"NGN\",\"type\":\"nuban\",\"is_deleted\":false,\"createdAt\":\"2021-06-01T15:33:26.000Z\",\"updatedAt\":\"2021-06-01T15:33:26.000Z\"},{\"id\":7,\"name\":\"First Bank of Nigeria\",\"slug\":\"first-bank-of-nigeria\",\"code\":\"011\",\"longcode\":\"011151003\",\"gateway\":\"ibank\",\"pay_with_bank\":false,\"supports_transfer\":true,\"available_for_direct_debit\":true,\"active\":true,\"country\":\"Nigeria\",\"currency\":\"NGN\",\"type\":\"nuban\",\"is_deleted\":false,\"createdAt\":\"2016-07-14T10:04:29.000Z\",\"updatedAt\":\"2021-03-25T14:22:52.000Z\"},{\"id\":8,\"name\":\"First City Monument Bank\",\"slug\":\"first-city-monument-bank\",\"code\":\"214\",\"longcode\":\"214150018\",\"gateway\":\"emandate\",\"pay_with_bank\":false,\"supports_transfer\":true,\"available_for_direct_debit\":true,\"active\":true,\"country\":\"Nigeria\",\"currency\":\"NGN\",\"type\":\"nuban\",\"is_deleted\":false,\"createdAt\":\"2016-07-14T10:04:29.000Z\",\"updatedAt\":\"2020-02-18T08:06:46.000Z\"},{\"id\":893,\"name\":\"First Option MFB\",\"slug\":\"first-option-mfb-ng\",\"code\":\"50934\",\"longcode\":\"090285\",\"gateway\":null,\"pay_with_bank\":false,\"supports_transfer\":false,\"available_for_direct_debit\":false,\"active\":true,\"country\":\"Nigeria\",\"currency\":\"NGN\",\"type\":\"nuban\",\"is_deleted\":false,\"createdAt\":\"2026-02-13T15:44:27.000Z\",\"updatedAt\":\"2026-02-13T15:44:27.000Z\"},{\"id\":757,\"name\":\"FIRST ROYAL MICROFINANCE BANK\",\"slug\":\"first-royal-microfinance-bank-ng\",\"code\":\"090164\",\"longcode\":\"090164\",\"gateway\":\"\",\"pay_with_bank\":false,\"supports_transfer\":true,\"available_for_direct_debit\":false,\"active\":true,\"country\":\"Nigeria\",\"currency\":\"NGN\",\"type\":\"nuban\",\"is_deleted\":false,\"createdAt\":\"2023-12-30T06:18:48.000Z\",\"updatedAt\":\"2023-12-30T06:18:48.000Z\"},{\"id\":812,\"name\":\"FIRSTMIDAS MFB\",\"slug\":\"firstmidas-mfb-ng\",\"code\":\"51333\",\"longcode\":\"090575\",\"gateway\":null,\"pay_with_bank\":false,\"supports_transfer\":true,\"available_for_direct_debit\":false,\"active\":true,\"country\":\"Nigeria\",\"currency\":\"NGN\",\"type\":\"nuban\",\"is_deleted\":false,\"createdAt\":\"2024-12-04T15:04:19.000Z\",\"updatedAt\":\"2024-12-04T15:04:19.000Z\"},{\"id\":682,\"name\":\"FirstTrust Mortgage Bank Nigeria\",\"slug\":\"firsttrust-mortgage-bank-nigeria-ng\",\"code\":\"413\",\"longcode\":\"\",\"gateway\":null,\"pay_with_bank\":false,\"supports_transfer\":true,\"available_for_direct_debit\":false,\"active\":true,\"country\":\"Nigeria\",\"currency\":\"NGN\",\"type\":\"nuban\",\"is_deleted\":false,\"createdAt\":\"2023-02-17T12:12:37.000Z\",\"updatedAt\":\"2023-06-15T16:21:12.000Z\"},{\"id\":882,\"name\":\"Fortress MFB\",\"slug\":\"fortress-mfb-ng\",\"code\":\"D53\",\"longcode\":\"090486\",\"gateway\":null,\"pay_with_bank\":false,\"supports_transfer\":true,\"available_for_direct_debit\":false,\"active\":true,\"country\":\"Nigeria\",\"currency\":\"NGN\",\"type\":\"nuban\",\"is_deleted\":false,\"createdAt\":\"2025-12-29T09:17:21.000Z\",\"updatedAt\":\"2025-12-29T09:17:21.000Z\"},{\"id\":112,\"name\":\"FSDH Merchant Bank Limited\",\"slug\":\"fsdh-merchant-bank-limited\",\"code\":\"501\",\"longcode\":\"\",\"gateway\":null,\"pay_with_bank\":false,\"supports_transfer\":true,\"available_for_direct_debit\":false,\"active\":true,\"country\":\"Nigeria\",\"currency\":\"NGN\",\"type\":\"nuban\",\"is_deleted\":false,\"createdAt\":\"2020-08-20T09:37:04.000Z\",\"updatedAt\":\"2020-11-24T10:03:22.000Z\"},{\"id\":716,\"name\":\"FUTMINNA MICROFINANCE BANK\",\"slug\":\"futminna-microfinance-bank-ng\",\"code\":\"832\",\"longcode\":\"832\",\"gateway\":\"\",\"pay_with_bank\":false,\"supports_transfer\":true,\"available_for_direct_debit\":false,\"active\":true,\"country\":\"Nigeria\",\"currency\":\"NGN\",\"type\":\"nuban\",\"is_deleted\":false,\"createdAt\":\"2023-10-11T13:24:17.000Z\",\"updatedAt\":\"2023-10-11T13:24:17.000Z\"},{\"id\":794,\"name\":\"Garun Mallam MFB\",\"slug\":\"garun-mallam-mfb-ng\",\"code\":\"MFB51093\",\"longcode\":\"MFB51093\",\"gateway\":null,\"pay_with_bank\":false,\"supports_transfer\":true,\"available_for_direct_debit\":false,\"active\":true,\"country\":\"Nigeria\",\"currency\":\"NGN\",\"type\":\"nuban\",\"is_deleted\":false,\"createdAt\":\"2024-08-23T09:24:06.000Z\",\"updatedAt\":\"2024-08-23T09:24:06.000Z\"},{\"id\":287,\"name\":\"Gateway Mortgage Bank LTD\",\"slug\":\"gateway-mortgage-bank\",\"code\":\"812\",\"longcode\":\"\",\"gateway\":null,\"pay_with_bank\":false,\"supports_transfer\":true,\"available_for_direct_debit\":false,\"active\":true,\"country\":\"Nigeria\",\"currency\":\"NGN\",\"type\":\"nuban\",\"is_deleted\":false,\"createdAt\":\"2022-02-24T06:04:39.000Z\",\"updatedAt\":\"2022-02-24T06:04:39.000Z\"},{\"id\":70,\"name\":\"Globus Bank\",\"slug\":\"globus-bank\",\"code\":\"00103\",\"longcode\":\"103015001\",\"gateway\":null,\"pay_with_bank\":false,\"supports_transfer\":true,\"available_for_direct_debit\":true,\"active\":true,\"country\":\"Nigeria\",\"currency\":\"NGN\",\"type\":\"nuban\",\"is_deleted\":false,\"createdAt\":\"2020-02-11T15:38:57.000Z\",\"updatedAt\":\"2020-02-11T15:38:57.000Z\"},{\"id\":769,\"name\":\"Goldman MFB\",\"slug\":\"goldman-mfb-ng\",\"code\":\"090574\",\"longcode\":\"950356\",\"gateway\":null,\"pay_with_bank\":false,\"supports_transfer\":true,\"available_for_direct_debit\":false,\"active\":true,\"country\":\"Nigeria\",\"currency\":\"NGN\",\"type\":\"nuban\",\"is_deleted\":false,\"createdAt\":\"2024-01-12T10:05:20.000Z\",\"updatedAt\":\"2024-01-12T10:05:20.000Z\"},{\"id\":183,\"name\":\"GoMoney\",\"slug\":\"gomoney\",\"code\":\"100022\",\"longcode\":\"\",\"gateway\":null,\"pay_with_bank\":false,\"supports_transfer\":true,\"available_for_direct_debit\":false,\"active\":true,\"country\":\"Nigeria\",\"currency\":\"NGN\",\"type\":\"nuban\",\"is_deleted\":false,\"createdAt\":\"2021-08-04T11:49:46.000Z\",\"updatedAt\":\"2021-11-12T13:32:14.000Z\"},{\"id\":756,\"name\":\"GOOD SHEPHERD MICROFINANCE BANK\",\"slug\":\"good-shepherd-microfinance-bank-ng\",\"code\":\"090664\",\"longcode\":\"090664\",\"gateway\":\"\",\"pay_with_bank\":false,\"supports_transfer\":true,\"available_for_direct_debit\":false,\"active\":true,\"country\":\"Nigeria\",\"currency\":\"NGN\",\"type\":\"nuban\",\"is_deleted\":false,\"createdAt\":\"2023-12-30T06:16:56.000Z\",\"updatedAt\":\"2023-12-30T06:16:56.000Z\"},{\"id\":635,\"name\":\"Goodnews Microfinance Bank\",\"slug\":\"goodnews-microfinance-bank-ng\",\"code\":\"50739\",\"longcode\":\"\",\"gateway\":null,\"pay_with_bank\":false,\"supports_transfer\":true,\"available_for_direct_debit\":false,\"active\":true,\"country\":\"Nigeria\",\"currency\":\"NGN\",\"type\":\"nuban\",\"is_deleted\":false,\"createdAt\":\"2022-09-29T09:14:18.000Z\",\"updatedAt\":\"2022-10-18T14:59:07.000Z\"},{\"id\":633,\"name\":\"Greenwich Merchant Bank\",\"slug\":\"greenwich-merchant-bank-ng\",\"code\":\"562\",\"longcode\":\"\",\"gateway\":null,\"pay_with_bank\":false,\"supports_transfer\":true,\"available_for_direct_debit\":false,\"active\":true,\"country\":\"Nigeria\",\"currency\":\"NGN\",\"type\":\"nuban\",\"is_deleted\":false,\"createdAt\":\"2022-09-16T15:23:58.000Z\",\"updatedAt\":\"2022-09-16T15:23:58.000Z\"},{\"id\":789,\"name\":\"GROOMING MICROFINANCE BANK\",\"slug\":\"grooming-microfinance-bank-ng\",\"code\":\"51276\",\"longcode\":\"51276\",\"gateway\":null,\"pay_with_bank\":false,\"supports_transfer\":true,\"available_for_direct_debit\":false,\"active\":true,\"country\":\"Nigeria\",\"currency\":\"NGN\",\"type\":\"nuban\",\"is_deleted\":false,\"createdAt\":\"2024-08-06T10:52:30.000Z\",\"updatedAt\":\"2024-08-06T10:52:30.000Z\"},{\"id\":824,\"name\":\"GTI MFB\",\"slug\":\"gti-mfb-ng\",\"code\":\"50368\",\"longcode\":\"090385\",\"gateway\":null,\"pay_with_bank\":false,\"supports_transfer\":true,\"available_for_direct_debit\":false,\"active\":true,\"country\":\"Nigeria\",\"currency\":\"NGN\",\"type\":\"nuban\",\"is_deleted\":false,\"createdAt\":\"2025-02-18T09:16:52.000Z\",\"updatedAt\":\"2025-02-18T09:16:52.000Z\"},{\"id\":9,\"name\":\"Guaranty Trust Bank\",\"slug\":\"guaranty-trust-bank\",\"code\":\"058\",\"longcode\":\"058152036\",\"gateway\":\"ibank\",\"pay_with_bank\":false,\"supports_transfer\":true,\"available_for_direct_debit\":false,\"active\":true,\"country\":\"Nigeria\",\"currency\":\"NGN\",\"type\":\"nuban\",\"is_deleted\":false,\"createdAt\":\"2016-07-14T10:04:29.000Z\",\"updatedAt\":\"2024-11-14T12:30:43.000Z\"},{\"id\":111,\"name\":\"Hackman Microfinance Bank\",\"slug\":\"hackman-microfinance-bank\",\"code\":\"51251\",\"longcode\":\"\",\"gateway\":null,\"pay_with_bank\":false,\"supports_transfer\":true,\"available_for_direct_debit\":false,\"active\":true,\"country\":\"Nigeria\",\"currency\":\"NGN\",\"type\":\"nuban\",\"is_deleted\":false,\"createdAt\":\"2020-08-20T09:32:48.000Z\",\"updatedAt\":\"2020-11-24T10:03:24.000Z\"},{\"id\":81,\"name\":\"Hasal Microfinance Bank\",\"slug\":\"hasal-microfinance-bank\",\"code\":\"50383\",\"longcode\":\"\",\"gateway\":null,\"pay_with_bank\":false,\"supports_transfer\":true,\"available_for_direct_debit\":false,\"active\":true,\"country\":\"Nigeria\",\"currency\":\"NGN\",\"type\":\"nuban\",\"is_deleted\":false,\"createdAt\":\"2020-02-11T15:38:57.000Z\",\"updatedAt\":\"2020-02-11T15:38:57.000Z\"},{\"id\":877,\"name\":\"Hayat Trust MFB\",\"slug\":\"hayat-trust-mfb-ng\",\"code\":\"51364\",\"longcode\":\"090777\",\"gateway\":null,\"pay_with_bank\":false,\"supports_transfer\":true,\"available_for_direct_debit\":false,\"active\":true,\"country\":\"Nigeria\",\"currency\":\"NGN\",\"type\":\"nuban\",\"is_deleted\":false,\"createdAt\":\"2025-11-10T12:34:01.000Z\",\"updatedAt\":\"2025-11-10T12:34:01.000Z\"},{\"id\":301,\"name\":\"HopePSB\",\"slug\":\"hopepsb-ng\",\"code\":\"120002\",\"longcode\":\"120002\",\"gateway\":\"\",\"pay_with_bank\":false,\"supports_transfer\":true,\"available_for_direct_debit\":false,\"active\":true,\"country\":\"Nigeria\",\"currency\":\"NGN\",\"type\":\"nuban\",\"is_deleted\":false,\"createdAt\":\"2022-05-30T14:03:18.000Z\",\"updatedAt\":\"2022-05-30T14:03:18.000Z\"},{\"id\":75,\"name\":\"IBANK Microfinance Bank\",\"slug\":\"IBANK-mfb\",\"code\":\"51211\",\"longcode\":\"090115\",\"gateway\":null,\"pay_with_bank\":false,\"supports_transfer\":true,\"available_for_direct_debit\":false,\"active\":true,\"country\":\"Nigeria\",\"currency\":\"NGN\",\"type\":\"nuban\",\"is_deleted\":false,\"createdAt\":\"2020-04-03T09:34:35.000Z\",\"updatedAt\":\"2024-07-22T11:59:33.000Z\"},{\"id\":828,\"name\":\"IBBU MFB\",\"slug\":\"ibbu-mfb-ng\",\"code\":\"51279\",\"longcode\":\"51279\",\"gateway\":\"\",\"pay_with_bank\":false,\"supports_transfer\":true,\"available_for_direct_debit\":false,\"active\":true,\"country\":\"Nigeria\",\"currency\":\"NGN\",\"type\":\"nuban\",\"is_deleted\":false,\"createdAt\":\"2025-03-13T11:07:50.000Z\",\"updatedAt\":\"2025-03-13T11:07:50.000Z\"},{\"id\":168,\"name\":\"Ibile Microfinance Bank\",\"slug\":\"ibile-mfb\",\"code\":\"51244\",\"longcode\":\"\",\"gateway\":null,\"pay_with_bank\":false,\"supports_transfer\":true,\"available_for_direct_debit\":false,\"active\":true,\"country\":\"Nigeria\",\"currency\":\"NGN\",\"type\":\"nuban\",\"is_deleted\":false,\"createdAt\":\"2020-10-21T10:54:20.000Z\",\"updatedAt\":\"2020-10-21T10:54:33.000Z\"},{\"id\":859,\"name\":\"Ibom Mortgage Bank\",\"slug\":\"ibom-mortgage-bank-ng\",\"code\":\"90012\",\"longcode\":\"070025\",\"gateway\":null,\"pay_with_bank\":false,\"supports_transfer\":true,\"available_for_direct_debit\":false,\"active\":true,\"country\":\"Nigeria\",\"currency\":\"NGN\",\"type\":\"nuban\",\"is_deleted\":false,\"createdAt\":\"2025-07-31T11:20:09.000Z\",\"updatedAt\":\"2025-07-31T11:20:09.000Z\"},{\"id\":615,\"name\":\"Ikoyi Osun MFB\",\"slug\":\"ikoyi-osun-mfb\",\"code\":\"50439\",\"longcode\":\"\",\"gateway\":null,\"pay_with_bank\":false,\"supports_transfer\":true,\"available_for_direct_debit\":false,\"active\":true,\"country\":\"Nigeria\",\"currency\":\"NGN\",\"type\":\"nuban\",\"is_deleted\":false,\"createdAt\":\"2022-08-10T09:48:24.000Z\",\"updatedAt\":\"2022-08-10T09:48:24.000Z\"},{\"id\":636,\"name\":\"Ilaro Poly Microfinance Bank\",\"slug\":\"ilaro-poly-microfinance-bank-ng\",\"code\":\"50442\",\"longcode\":\"\",\"gateway\":null,\"pay_with_bank\":false,\"supports_transfer\":true,\"available_for_direct_debit\":false,\"active\":true,\"country\":\"Nigeria\",\"currency\":\"NGN\",\"type\":\"nuban\",\"is_deleted\":false,\"createdAt\":\"2022-10-12T09:15:26.000Z\",\"updatedAt\":\"2022-10-12T09:15:26.000Z\"},{\"id\":703,\"name\":\"Imowo MFB\",\"slug\":\"imowo-mfb-ng\",\"code\":\"50453\",\"longcode\":\"50453\",\"gateway\":null,\"pay_with_bank\":false,\"supports_transfer\":true,\"available_for_direct_debit\":false,\"active\":true,\"country\":\"Nigeria\",\"currency\":\"NGN\",\"type\":\"nuban\",\"is_deleted\":false,\"createdAt\":\"2023-06-26T13:50:15.000Z\",\"updatedAt\":\"2023-06-26T13:50:15.000Z\"},{\"id\":754,\"name\":\"IMPERIAL HOMES MORTAGE BANK\",\"slug\":\"imperial-homes-mortage-bank-ng\",\"code\":\"415\",\"longcode\":\"100024\",\"gateway\":\"\",\"pay_with_bank\":false,\"supports_transfer\":true,\"available_for_direct_debit\":false,\"active\":true,\"country\":\"Nigeria\",\"currency\":\"NGN\",\"type\":\"nuban\",\"is_deleted\":false,\"createdAt\":\"2023-12-30T05:53:07.000Z\",\"updatedAt\":\"2024-02-12T15:49:56.000Z\"},{\"id\":858,\"name\":\"INDULGE MFB\",\"slug\":\"indulge-mfb-ng\",\"code\":\"51392\",\"longcode\":\"090772\",\"gateway\":null,\"pay_with_bank\":false,\"supports_transfer\":true,\"available_for_direct_debit\":false,\"active\":true,\"country\":\"Nigeria\",\"currency\":\"NGN\",\"type\":\"nuban\",\"is_deleted\":false,\"createdAt\":\"2025-07-31T08:43:41.000Z\",\"updatedAt\":\"2025-07-31T08:43:41.000Z\"},{\"id\":892,\"name\":\"INEBA GOGO MFB\",\"slug\":\"ineba-gogo-mfb-ng\",\"code\":\"51462\",\"longcode\":\"090838\",\"gateway\":null,\"pay_with_bank\":false,\"supports_transfer\":false,\"available_for_direct_debit\":false,\"active\":true,\"country\":\"Nigeria\",\"currency\":\"NGN\",\"type\":\"nuban\",\"is_deleted\":false,\"createdAt\":\"2026-02-04T07:53:36.000Z\",\"updatedAt\":\"2026-02-04T07:53:36.000Z\"},{\"id\":172,\"name\":\"Infinity MFB\",\"slug\":\"infinity-mfb\",\"code\":\"50457\",\"longcode\":\"\",\"gateway\":null,\"pay_with_bank\":false,\"supports_transfer\":true,\"available_for_direct_debit\":false,\"active\":true,\"country\":\"Nigeria\",\"currency\":\"NGN\",\"type\":\"nuban\",\"is_deleted\":false,\"createdAt\":\"2020-11-24T10:23:37.000Z\",\"updatedAt\":\"2020-11-24T10:23:37.000Z\"},{\"id\":822,\"name\":\"Infinity trust  Mortgage Bank\",\"slug\":\"infinity-trust-mortgage-bank-ng\",\"code\":\"070016\",\"longcode\":\"070016\",\"gateway\":\"\",\"pay_with_bank\":false,\"supports_transfer\":true,\"available_for_direct_debit\":false,\"active\":true,\"country\":\"Nigeria\",\"currency\":\"NGN\",\"type\":\"nuban\",\"is_deleted\":false,\"createdAt\":\"2025-02-11T08:33:01.000Z\",\"updatedAt\":\"2025-02-11T08:33:01.000Z\"},{\"id\":787,\"name\":\"ISUA MFB\",\"slug\":\"isua-mfb-ng\",\"code\":\"090701\",\"longcode\":\"090701\",\"gateway\":\"\",\"pay_with_bank\":false,\"supports_transfer\":true,\"available_for_direct_debit\":false,\"active\":true,\"country\":\"Nigeria\",\"currency\":\"NGN\",\"type\":\"nuban\",\"is_deleted\":false,\"createdAt\":\"2024-07-19T12:38:16.000Z\",\"updatedAt\":\"2024-07-19T12:38:16.000Z\"},{\"id\":22,\"name\":\"Jaiz Bank\",\"slug\":\"jaiz-bank\",\"code\":\"301\",\"longcode\":\"301080020\",\"gateway\":null,\"pay_with_bank\":false,\"supports_transfer\":true,\"available_for_direct_debit\":false,\"active\":true,\"country\":\"Nigeria\",\"currency\":\"NGN\",\"type\":\"nuban\",\"is_deleted\":false,\"createdAt\":\"2016-10-10T17:26:29.000Z\",\"updatedAt\":\"2016-10-10T17:26:29.000Z\"},{\"id\":187,\"name\":\"Kadpoly MFB\",\"slug\":\"kadpoly-mfb\",\"code\":\"50502\",\"longcode\":\"\",\"gateway\":null,\"pay_with_bank\":false,\"supports_transfer\":true,\"available_for_direct_debit\":false,\"active\":true,\"country\":\"Nigeria\",\"currency\":\"NGN\",\"type\":\"nuban\",\"is_deleted\":false,\"createdAt\":\"2021-09-27T11:59:42.000Z\",\"updatedAt\":\"2021-09-27T11:59:42.000Z\"},{\"id\":768,\"name\":\"KANOPOLY MFB\",\"slug\":\"kanopoly-mfb-ng\",\"code\":\"51308\",\"longcode\":\"090592\",\"gateway\":null,\"pay_with_bank\":false,\"supports_transfer\":true,\"available_for_direct_debit\":false,\"active\":true,\"country\":\"Nigeria\",\"currency\":\"NGN\",\"type\":\"nuban\",\"is_deleted\":false,\"createdAt\":\"2024-01-04T14:20:38.000Z\",\"updatedAt\":\"2024-01-04T14:20:38.000Z\"},{\"id\":878,\"name\":\"Kayvee Microfinance Bank\",\"slug\":\"kayvee-microfinance-bank-ng\",\"code\":\"5129\",\"longcode\":\"090554\",\"gateway\":null,\"pay_with_bank\":false,\"supports_transfer\":true,\"available_for_direct_debit\":false,\"active\":true,\"country\":\"Nigeria\",\"currency\":\"NGN\",\"type\":\"nuban\",\"is_deleted\":false,\"createdAt\":\"2025-11-10T12:40:37.000Z\",\"updatedAt\":\"2025-11-10T12:40:37.000Z\"},{\"id\":894,\"name\":\"Kebbi Homes Savings and Loans Limited\",\"slug\":\"kebbi-homes-savings-and-loans-limited-ng\",\"code\":\"90028\",\"longcode\":\"070031\",\"gateway\":null,\"pay_with_bank\":false,\"supports_transfer\":false,\"available_for_direct_debit\":false,\"active\":true,\"country\":\"Nigeria\",\"currency\":\"NGN\",\"type\":\"nuban\",\"is_deleted\":false,\"createdAt\":\"2026-02-16T14:01:03.000Z\",\"updatedAt\":\"2026-02-16T14:01:03.000Z\"},{\"id\":11,\"name\":\"Keystone Bank\",\"slug\":\"keystone-bank\",\"code\":\"082\",\"longcode\":\"082150017\",\"gateway\":null,\"pay_with_bank\":false,\"supports_transfer\":true,\"available_for_direct_debit\":true,\"active\":true,\"country\":\"Nigeria\",\"currency\":\"NGN\",\"type\":\"nuban\",\"is_deleted\":false,\"createdAt\":\"2016-07-14T10:04:29.000Z\",\"updatedAt\":\"2020-02-18T20:23:45.000Z\"},{\"id\":810,\"name\":\"Kolomoni MFB\",\"slug\":\"kolomoni-mfb-ng\",\"code\":\"899\",\"longcode\":\"090480\",\"gateway\":\"\",\"pay_with_bank\":false,\"supports_transfer\":true,\"available_for_direct_debit\":false,\"active\":true,\"country\":\"Nigeria\",\"currency\":\"NGN\",\"type\":\"nuban\",\"is_deleted\":false,\"createdAt\":\"2024-11-20T18:56:06.000Z\",\"updatedAt\":\"2024-11-20T18:56:06.000Z\"},{\"id\":784,\"name\":\"KONGAPAY (Kongapay Technologies Limited)(formerly Zinternet)\",\"slug\":\"kongapay-tech-ltd\",\"code\":\"100025\",\"longcode\":\"100025\",\"gateway\":null,\"pay_with_bank\":false,\"supports_transfer\":true,\"available_for_direct_debit\":false,\"active\":true,\"country\":\"Nigeria\",\"currency\":\"NGN\",\"type\":\"nuban\",\"is_deleted\":false,\"createdAt\":\"2024-07-05T13:00:17.000Z\",\"updatedAt\":\"2024-07-05T13:00:17.000Z\"},{\"id\":184,\"name\":\"Kredi Money MFB LTD\",\"slug\":\"kredi-money-mfb\",\"code\":\"50200\",\"longcode\":\"\",\"gateway\":null,\"pay_with_bank\":false,\"supports_transfer\":true,\"available_for_direct_debit\":false,\"active\":true,\"country\":\"Nigeria\",\"currency\":\"NGN\",\"type\":\"nuban\",\"is_deleted\":false,\"createdAt\":\"2021-08-11T09:54:03.000Z\",\"updatedAt\":\"2021-08-11T09:54:03.000Z\"},{\"id\":67,\"name\":\"Kuda Bank\",\"slug\":\"kuda-bank\",\"code\":\"50211\",\"longcode\":\"\",\"gateway\":\"digitalbankmandate\",\"pay_with_bank\":true,\"supports_transfer\":true,\"available_for_direct_debit\":false,\"active\":true,\"country\":\"Nigeria\",\"currency\":\"NGN\",\"type\":\"nuban\",\"is_deleted\":false,\"createdAt\":\"2019-11-15T17:06:54.000Z\",\"updatedAt\":\"2024-10-29T10:56:03.000Z\"},{\"id\":109,\"name\":\"Lagos Building Investment Company Plc.\",\"slug\":\"lbic-plc\",\"code\":\"90052\",\"longcode\":\"\",\"gateway\":null,\"pay_with_bank\":false,\"supports_transfer\":true,\"available_for_direct_debit\":false,\"active\":true,\"country\":\"Nigeria\",\"currency\":\"NGN\",\"type\":\"nuban\",\"is_deleted\":false,\"createdAt\":\"2020-08-10T15:07:44.000Z\",\"updatedAt\":\"2020-08-10T15:07:44.000Z\"},{\"id\":523,\"name\":\"Letshego Microfinance Bank\",\"slug\":\"letshego-microfinance-bank\",\"code\":\"090420\",\"longcode\":\"090420\",\"gateway\":\"emandate\",\"pay_with_bank\":false,\"supports_transfer\":true,\"available_for_direct_debit\":false,\"active\":true,\"country\":\"Nigeria\",\"currency\":\"NGN\",\"type\":\"nuban\",\"is_deleted\":false,\"createdAt\":\"2022-07-28T14:22:56.000Z\",\"updatedAt\":\"2025-03-25T13:13:38.000Z\"},{\"id\":180,\"name\":\"Links MFB\",\"slug\":\"links-mfb\",\"code\":\"50549\",\"longcode\":\"\",\"gateway\":null,\"pay_with_bank\":false,\"supports_transfer\":true,\"available_for_direct_debit\":false,\"active\":true,\"country\":\"Nigeria\",\"currency\":\"NGN\",\"type\":\"nuban\",\"is_deleted\":false,\"createdAt\":\"2021-07-12T14:41:18.000Z\",\"updatedAt\":\"2021-07-12T14:41:18.000Z\"},{\"id\":296,\"name\":\"Living Trust Mortgage Bank\",\"slug\":\"living-trust-mortgage-bank\",\"code\":\"031\",\"longcode\":\"\",\"gateway\":null,\"pay_with_bank\":false,\"supports_transfer\":true,\"available_for_direct_debit\":false,\"active\":true,\"country\":\"Nigeria\",\"currency\":\"NGN\",\"type\":\"nuban\",\"is_deleted\":false,\"createdAt\":\"2022-05-25T10:46:17.000Z\",\"updatedAt\":\"2022-05-25T10:46:17.000Z\"},{\"id\":753,\"name\":\"LOMA MFB\",\"slug\":\"loma-mfb-ng\",\"code\":\"50491\",\"longcode\":\"090620\",\"gateway\":null,\"pay_with_bank\":false,\"supports_transfer\":true,\"available_for_direct_debit\":false,\"active\":true,\"country\":\"Nigeria\",\"currency\":\"NGN\",\"type\":\"nuban\",\"is_deleted\":false,\"createdAt\":\"2023-12-11T05:43:27.000Z\",\"updatedAt\":\"2023-12-11T05:43:27.000Z\"},{\"id\":233,\"name\":\"Lotus Bank\",\"slug\":\"lotus-bank\",\"code\":\"303\",\"longcode\":\"\",\"gateway\":null,\"pay_with_bank\":false,\"supports_transfer\":true,\"available_for_direct_debit\":false,\"active\":true,\"country\":\"Nigeria\",\"currency\":\"NGN\",\"type\":\"nuban\",\"is_deleted\":false,\"createdAt\":\"2021-12-06T14:39:51.000Z\",\"updatedAt\":\"2021-12-06T14:39:51.000Z\"},{\"id\":873,\"name\":\"Maal MFB\",\"slug\":\"maal-mfb-ng\",\"code\":\"51444\",\"longcode\":\"\",\"gateway\":null,\"pay_with_bank\":false,\"supports_transfer\":true,\"available_for_direct_debit\":false,\"active\":true,\"country\":\"Nigeria\",\"currency\":\"NGN\",\"type\":\"nuban\",\"is_deleted\":false,\"createdAt\":\"2025-11-06T11:15:22.000Z\",\"updatedAt\":\"2025-11-06T11:15:22.000Z\"},{\"id\":764,\"name\":\"MAINSTREET MICROFINANCE BANK\",\"slug\":\"mainstreet-microfinance-bank-ng\",\"code\":\"090171\",\"longcode\":\"090171\",\"gateway\":\"\",\"pay_with_bank\":false,\"supports_transfer\":true,\"available_for_direct_debit\":false,\"active\":true,\"country\":\"Nigeria\",\"currency\":\"NGN\",\"type\":\"nuban\",\"is_deleted\":false,\"createdAt\":\"2023-12-30T06:20:20.000Z\",\"updatedAt\":\"2023-12-30T06:20:20.000Z\"},{\"id\":175,\"name\":\"Mayfair MFB\",\"slug\":\"mayfair-mfb\",\"code\":\"50563\",\"longcode\":\"\",\"gateway\":null,\"pay_with_bank\":false,\"supports_transfer\":true,\"available_for_direct_debit\":false,\"active\":true,\"country\":\"Nigeria\",\"currency\":\"NGN\",\"type\":\"nuban\",\"is_deleted\":false,\"createdAt\":\"2021-02-02T08:28:38.000Z\",\"updatedAt\":\"2021-02-02T08:28:38.000Z\"},{\"id\":896,\"name\":\"Mayfresh Mortgage Bank\",\"slug\":\"mayfresh-mortgage-bank-ng\",\"code\":\"90003\",\"longcode\":\"070019\",\"gateway\":null,\"pay_with_bank\":false,\"supports_transfer\":false,\"available_for_direct_debit\":false,\"active\":true,\"country\":\"Nigeria\",\"currency\":\"NGN\",\"type\":\"nuban\",\"is_deleted\":false,\"createdAt\":\"2026-02-16T14:03:04.000Z\",\"updatedAt\":\"2026-02-16T14:03:04.000Z\"},{\"id\":887,\"name\":\"Mega Microfinance Bank\",\"slug\":\"mega-microfinance-bank-ng\",\"code\":\"50570\",\"longcode\":\"090824\",\"gateway\":null,\"pay_with_bank\":false,\"supports_transfer\":true,\"available_for_direct_debit\":false,\"active\":true,\"country\":\"Nigeria\",\"currency\":\"NGN\",\"type\":\"nuban\",\"is_deleted\":false,\"createdAt\":\"2026-01-19T11:06:26.000Z\",\"updatedAt\":\"2026-01-19T11:06:26.000Z\"},{\"id\":178,\"name\":\"Mint MFB\",\"slug\":\"mint-mfb\",\"code\":\"50304\",\"longcode\":\"\",\"gateway\":null,\"pay_with_bank\":false,\"supports_transfer\":true,\"available_for_direct_debit\":false,\"active\":true,\"country\":\"Nigeria\",\"currency\":\"NGN\",\"type\":\"nuban\",\"is_deleted\":false,\"createdAt\":\"2021-06-01T16:07:29.000Z\",\"updatedAt\":\"2021-06-01T16:07:29.000Z\"},{\"id\":875,\"name\":\"MINT-FINEX MFB\",\"slug\":\"mint-finex-mfb-ng\",\"code\":\"09\",\"longcode\":\"090281\",\"gateway\":null,\"pay_with_bank\":false,\"supports_transfer\":true,\"available_for_direct_debit\":false,\"active\":true,\"country\":\"Nigeria\",\"currency\":\"NGN\",\"type\":\"nuban\",\"is_deleted\":false,\"createdAt\":\"2025-11-07T11:04:36.000Z\",\"updatedAt\":\"2025-11-07T11:04:36.000Z\"},{\"id\":714,\"name\":\"Money Master PSB\",\"slug\":\"money-master-psb-ng\",\"code\":\"946\",\"longcode\":\"\",\"gateway\":null,\"pay_with_bank\":false,\"supports_transfer\":true,\"available_for_direct_debit\":false,\"active\":true,\"country\":\"Nigeria\",\"currency\":\"NGN\",\"type\":\"nuban\",\"is_deleted\":false,\"createdAt\":\"2023-09-08T14:47:32.000Z\",\"updatedAt\":\"2023-09-14T12:56:51.000Z\"},{\"id\":688,\"name\":\"Moniepoint MFB\",\"slug\":\"moniepoint-mfb-ng\",\"code\":\"50515\",\"longcode\":\"null\",\"gateway\":null,\"pay_with_bank\":false,\"supports_transfer\":true,\"available_for_direct_debit\":false,\"active\":true,\"country\":\"Nigeria\",\"currency\":\"NGN\",\"type\":\"nuban\",\"is_deleted\":false,\"createdAt\":\"2023-03-20T12:53:58.000Z\",\"updatedAt\":\"2023-03-20T12:53:58.000Z\"},{\"id\":303,\"name\":\"MTN Momo PSB\",\"slug\":\"mtn-momo-psb-ng\",\"code\":\"120003\",\"longcode\":\"120003\",\"gateway\":\"\",\"pay_with_bank\":false,\"supports_transfer\":true,\"available_for_direct_debit\":false,\"active\":true,\"country\":\"Nigeria\",\"currency\":\"NGN\",\"type\":\"nuban\",\"is_deleted\":false,\"createdAt\":\"2022-05-31T06:52:07.000Z\",\"updatedAt\":\"2022-06-23T09:33:55.000Z\"},{\"id\":739,\"name\":\"MUTUAL BENEFITS MICROFINANCE BANK\",\"slug\":\"mutual-benefits-microfinance-bank-ng\",\"code\":\"090190\",\"longcode\":\"090190\",\"gateway\":\"\",\"pay_with_bank\":false,\"supports_transfer\":true,\"available_for_direct_debit\":false,\"active\":true,\"country\":\"Nigeria\",\"currency\":\"NGN\",\"type\":\"nuban\",\"is_deleted\":false,\"createdAt\":\"2023-11-21T07:41:39.000Z\",\"updatedAt\":\"2023-11-21T07:41:39.000Z\"},{\"id\":758,\"name\":\"NDCC MICROFINANCE BANK\",\"slug\":\"ndcc-microfinance-bank-ng\",\"code\":\"090679\",\"longcode\":\"090679\",\"gateway\":\"\",\"pay_with_bank\":false,\"supports_transfer\":true,\"available_for_direct_debit\":false,\"active\":true,\"country\":\"Nigeria\",\"currency\":\"NGN\",\"type\":\"nuban\",\"is_deleted\":false,\"createdAt\":\"2023-12-30T06:19:06.000Z\",\"updatedAt\":\"2023-12-30T06:19:06.000Z\"},{\"id\":776,\"name\":\"NET MICROFINANCE BANK\",\"slug\":\"net-microfinance-bank-ng\",\"code\":\"51361\",\"longcode\":\"51361\",\"gateway\":null,\"pay_with_bank\":false,\"supports_transfer\":true,\"available_for_direct_debit\":false,\"active\":true,\"country\":\"Nigeria\",\"currency\":\"NGN\",\"type\":\"nuban\",\"is_deleted\":false,\"createdAt\":\"2024-04-12T09:27:39.000Z\",\"updatedAt\":\"2024-04-12T09:27:39.000Z\"},{\"id\":774,\"name\":\"Nigerian Navy Microfinance Bank Limited\",\"slug\":\"nigerian-navy-microfinance-bank-limited-ng\",\"code\":\"51142\",\"longcode\":\"090263\",\"gateway\":null,\"pay_with_bank\":false,\"supports_transfer\":true,\"available_for_direct_debit\":false,\"active\":true,\"country\":\"Nigeria\",\"currency\":\"NGN\",\"type\":\"nuban\",\"is_deleted\":false,\"createdAt\":\"2024-03-19T14:47:56.000Z\",\"updatedAt\":\"2024-03-19T14:47:56.000Z\"},{\"id\":883,\"name\":\"NIRSAL MICROFINANCE\",\"slug\":\"nirsal-microfinance-ng\",\"code\":\"51304\",\"longcode\":\"090194\",\"gateway\":null,\"pay_with_bank\":false,\"supports_transfer\":true,\"available_for_direct_debit\":false,\"active\":true,\"country\":\"Nigeria\",\"currency\":\"NGN\",\"type\":\"nuban\",\"is_deleted\":false,\"createdAt\":\"2026-01-12T15:10:56.000Z\",\"updatedAt\":\"2026-01-12T15:10:56.000Z\"},{\"id\":795,\"name\":\"Nombank MFB\",\"slug\":\"nombank-mfb-ng\",\"code\":\"50072\",\"longcode\":\"090645\",\"gateway\":null,\"pay_with_bank\":false,\"supports_transfer\":true,\"available_for_direct_debit\":false,\"active\":true,\"country\":\"Nigeria\",\"currency\":\"NGN\",\"type\":\"nuban\",\"is_deleted\":false,\"createdAt\":\"2024-08-27T11:10:52.000Z\",\"updatedAt\":\"2025-01-21T09:44:45.000Z\"},{\"id\":801,\"name\":\"NOVA BANK\",\"slug\":\"nova-bank-ng\",\"code\":\"561\",\"longcode\":\"060003\",\"gateway\":null,\"pay_with_bank\":false,\"supports_transfer\":true,\"available_for_direct_debit\":false,\"active\":true,\"country\":\"Nigeria\",\"currency\":\"NGN\",\"type\":\"nuban\",\"is_deleted\":false,\"createdAt\":\"2024-10-15T08:02:08.000Z\",\"updatedAt\":\"2024-10-17T08:31:26.000Z\"},{\"id\":830,\"name\":\"Novus MFB\",\"slug\":\"novus-mfb-ng\",\"code\":\"51371\",\"longcode\":\"090734\",\"gateway\":\"\",\"pay_with_bank\":false,\"supports_transfer\":true,\"available_for_direct_debit\":false,\"active\":true,\"country\":\"Nigeria\",\"currency\":\"NGN\",\"type\":\"nuban\",\"is_deleted\":false,\"createdAt\":\"2025-03-21T15:11:04.000Z\",\"updatedAt\":\"2025-03-21T15:11:04.000Z\"},{\"id\":715,\"name\":\"NPF MICROFINANCE BANK\",\"slug\":\"npf-microfinance-bank-ng\",\"code\":\"50629\",\"longcode\":\"50629\",\"gateway\":null,\"pay_with_bank\":false,\"supports_transfer\":true,\"available_for_direct_debit\":false,\"active\":true,\"country\":\"Nigeria\",\"currency\":\"NGN\",\"type\":\"nuban\",\"is_deleted\":false,\"createdAt\":\"2023-09-12T11:57:02.000Z\",\"updatedAt\":\"2023-09-12T19:24:09.000Z\"},{\"id\":825,\"name\":\"NSUK MICROFINANACE BANK\",\"slug\":\"nsuk-microfinanace-bank-ng\",\"code\":\"51261\",\"longcode\":\"090491\",\"gateway\":\"null\",\"pay_with_bank\":false,\"supports_transfer\":true,\"available_for_direct_debit\":false,\"active\":true,\"country\":\"Nigeria\",\"currency\":\"NGN\",\"type\":\"nuban\",\"is_deleted\":false,\"createdAt\":\"2025-02-20T11:36:33.000Z\",\"updatedAt\":\"2025-02-20T13:44:24.000Z\"},{\"id\":863,\"name\":\"Olabisi Onabanjo University Microfinance Bank\",\"slug\":\"olabisi-onabanjo-university-microfinance-bank-ng\",\"code\":\"50689\",\"longcode\":\"090272\",\"gateway\":null,\"pay_with_bank\":false,\"supports_transfer\":true,\"available_for_direct_debit\":false,\"active\":true,\"country\":\"Nigeria\",\"currency\":\"NGN\",\"type\":\"nuban\",\"is_deleted\":false,\"createdAt\":\"2025-09-08T09:24:10.000Z\",\"updatedAt\":\"2025-09-08T09:24:10.000Z\"},{\"id\":802,\"name\":\"OLUCHUKWU MICROFINANCE BANK LTD\",\"slug\":\"oluchukwu-microfinance-bank-ltd-ng\",\"code\":\"50697\",\"longcode\":\"50697\",\"gateway\":\"\",\"pay_with_bank\":false,\"supports_transfer\":true,\"available_for_direct_debit\":false,\"active\":true,\"country\":\"Nigeria\",\"currency\":\"NGN\",\"type\":\"nuban\",\"is_deleted\":false,\"createdAt\":\"2024-10-25T14:15:56.000Z\",\"updatedAt\":\"2024-10-25T14:15:56.000Z\"},{\"id\":171,\"name\":\"OPay Digital Services Limited (OPay)\",\"slug\":\"paycom\",\"code\":\"999992\",\"longcode\":\"\",\"gateway\":\"ibank\",\"pay_with_bank\":false,\"supports_transfer\":true,\"available_for_direct_debit\":false,\"active\":true,\"country\":\"Nigeria\",\"currency\":\"NGN\",\"type\":\"nuban\",\"is_deleted\":false,\"createdAt\":\"2020-11-24T10:20:45.000Z\",\"updatedAt\":\"2026-02-10T12:10:56.000Z\"},{\"id\":699,\"name\":\"Optimus Bank Limited\",\"slug\":\"optimus-bank-ltd\",\"code\":\"107\",\"longcode\":\"00107\",\"gateway\":null,\"pay_with_bank\":false,\"supports_transfer\":true,\"available_for_direct_debit\":false,\"active\":true,\"country\":\"Nigeria\",\"currency\":\"NGN\",\"type\":\"nuban\",\"is_deleted\":false,\"createdAt\":\"2023-05-08T08:03:03.000Z\",\"updatedAt\":\"2023-06-15T16:21:12.000Z\"},{\"id\":185,\"name\":\"Paga\",\"slug\":\"paga\",\"code\":\"100002\",\"longcode\":\"\",\"gateway\":null,\"pay_with_bank\":false,\"supports_transfer\":true,\"available_for_direct_debit\":false,\"active\":true,\"country\":\"Nigeria\",\"currency\":\"NGN\",\"type\":\"nuban\",\"is_deleted\":false,\"createdAt\":\"2021-08-31T08:10:00.000Z\",\"updatedAt\":\"2021-08-31T08:10:00.000Z\"},{\"id\":169,\"name\":\"PalmPay\",\"slug\":\"palmpay\",\"code\":\"999991\",\"longcode\":\"\",\"gateway\":\"ibank\",\"pay_with_bank\":true,\"supports_transfer\":true,\"available_for_direct_debit\":false,\"active\":true,\"country\":\"Nigeria\",\"currency\":\"NGN\",\"type\":\"nuban\",\"is_deleted\":false,\"createdAt\":\"2020-11-24T09:58:37.000Z\",\"updatedAt\":\"2025-01-22T17:04:57.000Z\"},{\"id\":26,\"name\":\"Parallex Bank\",\"slug\":\"parallex-bank\",\"code\":\"104\",\"longcode\":\"\",\"gateway\":null,\"pay_with_bank\":false,\"supports_transfer\":true,\"available_for_direct_debit\":true,\"active\":true,\"country\":\"Nigeria\",\"currency\":\"NGN\",\"type\":\"nuban\",\"is_deleted\":false,\"createdAt\":\"2017-03-31T13:54:29.000Z\",\"updatedAt\":\"2021-10-29T08:00:19.000Z\"},{\"id\":110,\"name\":\"Parkway - ReadyCash\",\"slug\":\"parkway-ready-cash\",\"code\":\"311\",\"longcode\":\"\",\"gateway\":null,\"pay_with_bank\":false,\"supports_transfer\":true,\"available_for_direct_debit\":false,\"active\":true,\"country\":\"Nigeria\",\"currency\":\"NGN\",\"type\":\"nuban\",\"is_deleted\":false,\"createdAt\":\"2020-08-10T15:07:44.000Z\",\"updatedAt\":\"2020-08-10T15:07:44.000Z\"},{\"id\":763,\"name\":\"PATHFINDER MICROFINANCE BANK LIMITED\",\"slug\":\"pathfinder-microfinance-bank-limited-ng\",\"code\":\"090680\",\"longcode\":\"090680\",\"gateway\":\"\",\"pay_with_bank\":false,\"supports_transfer\":true,\"available_for_direct_debit\":false,\"active\":true,\"country\":\"Nigeria\",\"currency\":\"NGN\",\"type\":\"nuban\",\"is_deleted\":false,\"createdAt\":\"2023-12-30T06:20:10.000Z\",\"updatedAt\":\"2023-12-30T06:20:10.000Z\"},{\"id\":884,\"name\":\"Paystack MFB\",\"slug\":\"paystack-mfb-ng\",\"code\":\"51457\",\"longcode\":\"090986\",\"gateway\":null,\"pay_with_bank\":false,\"supports_transfer\":true,\"available_for_direct_debit\":false,\"active\":true,\"country\":\"Nigeria\",\"currency\":\"NGN\",\"type\":\"nuban\",\"is_deleted\":false,\"createdAt\":\"2026-01-15T10:15:02.000Z\",\"updatedAt\":\"2026-01-15T10:15:02.000Z\"},{\"id\":629,\"name\":\"Paystack-Titan\",\"slug\":\"titan-paystack\",\"code\":\"100039\",\"longcode\":\"\",\"gateway\":null,\"pay_with_bank\":false,\"supports_transfer\":true,\"available_for_direct_debit\":false,\"active\":true,\"country\":\"Nigeria\",\"currency\":\"NGN\",\"type\":\"nuban\",\"is_deleted\":false,\"createdAt\":\"2022-09-02T08:51:15.000Z\",\"updatedAt\":\"2024-03-26T14:31:05.000Z\"},{\"id\":693,\"name\":\"Peace Microfinance Bank\",\"slug\":\"peace-microfinance-bank-ng\",\"code\":\"50743\",\"longcode\":\"50743\",\"gateway\":null,\"pay_with_bank\":false,\"supports_transfer\":true,\"available_for_direct_debit\":false,\"active\":true,\"country\":\"Nigeria\",\"currency\":\"NGN\",\"type\":\"nuban\",\"is_deleted\":false,\"createdAt\":\"2023-04-12T16:51:04.000Z\",\"updatedAt\":\"2023-04-12T16:51:04.000Z\"},{\"id\":775,\"name\":\"PECANTRUST MICROFINANCE BANK LIMITED\",\"slug\":\"pecantrust-microfinance-bank-limited-ng\",\"code\":\"51226\",\"longcode\":\"51226\",\"gateway\":null,\"pay_with_bank\":false,\"supports_transfer\":true,\"available_for_direct_debit\":false,\"active\":true,\"country\":\"Nigeria\",\"currency\":\"NGN\",\"type\":\"nuban\",\"is_deleted\":false,\"createdAt\":\"2024-04-05T10:24:20.000Z\",\"updatedAt\":\"2024-04-05T10:24:20.000Z\"},{\"id\":683,\"name\":\"Personal Trust MFB\",\"slug\":\"personal-trust-mfb-ng\",\"code\":\"51146\",\"longcode\":\"\",\"gateway\":null,\"pay_with_bank\":false,\"supports_transfer\":true,\"available_for_direct_debit\":false,\"active\":true,\"country\":\"Nigeria\",\"currency\":\"NGN\",\"type\":\"nuban\",\"is_deleted\":false,\"createdAt\":\"2023-02-17T12:13:28.000Z\",\"updatedAt\":\"2023-02-17T12:13:28.000Z\"},{\"id\":170,\"name\":\"Petra Mircofinance Bank Plc\",\"slug\":\"petra-microfinance-bank-plc\",\"code\":\"50746\",\"longcode\":\"\",\"gateway\":null,\"pay_with_bank\":false,\"supports_transfer\":true,\"available_for_direct_debit\":false,\"active\":true,\"country\":\"Nigeria\",\"currency\":\"NGN\",\"type\":\"nuban\",\"is_deleted\":false,\"createdAt\":\"2020-11-24T10:03:06.000Z\",\"updatedAt\":\"2020-11-24T10:03:06.000Z\"},{\"id\":831,\"name\":\"Pettysave MFB\",\"slug\":\"pettysave-mfb-ng\",\"code\":\"MFB51452\",\"longcode\":\"090768\",\"gateway\":null,\"pay_with_bank\":false,\"supports_transfer\":true,\"available_for_direct_debit\":false,\"active\":true,\"country\":\"Nigeria\",\"currency\":\"NGN\",\"type\":\"nuban\",\"is_deleted\":false,\"createdAt\":\"2025-03-25T08:04:18.000Z\",\"updatedAt\":\"2025-03-25T08:04:18.000Z\"},{\"id\":762,\"name\":\"PFI FINANCE COMPANY LIMITED\",\"slug\":\"pfi-finance-company-limited-ng\",\"code\":\"050021\",\"longcode\":\"050021\",\"gateway\":\"\",\"pay_with_bank\":false,\"supports_transfer\":true,\"available_for_direct_debit\":false,\"active\":true,\"country\":\"Nigeria\",\"currency\":\"NGN\",\"type\":\"nuban\",\"is_deleted\":false,\"createdAt\":\"2023-12-30T06:20:00.000Z\",\"updatedAt\":\"2023-12-30T06:20:00.000Z\"},{\"id\":705,\"name\":\"Platinum Mortgage Bank\",\"slug\":\"platinum-mortgage-bank-ng\",\"code\":\"268\",\"longcode\":\"null\",\"gateway\":null,\"pay_with_bank\":false,\"supports_transfer\":true,\"available_for_direct_debit\":false,\"active\":true,\"country\":\"Nigeria\",\"currency\":\"NGN\",\"type\":\"nuban\",\"is_deleted\":false,\"createdAt\":\"2023-07-03T11:21:22.000Z\",\"updatedAt\":\"2023-07-03T11:21:22.000Z\"},{\"id\":770,\"name\":\"Pocket App\",\"slug\":\"pocket\",\"code\":\"00716\",\"longcode\":\"00716\",\"gateway\":\"digitalbankmandate\",\"pay_with_bank\":false,\"supports_transfer\":true,\"available_for_direct_debit\":false,\"active\":true,\"country\":\"Nigeria\",\"currency\":\"NGN\",\"type\":\"nuban\",\"is_deleted\":false,\"createdAt\":\"2024-01-18T16:56:20.000Z\",\"updatedAt\":\"2024-12-16T14:46:07.000Z\"},{\"id\":13,\"name\":\"Polaris Bank\",\"slug\":\"polaris-bank\",\"code\":\"076\",\"longcode\":\"076151006\",\"gateway\":null,\"pay_with_bank\":false,\"supports_transfer\":true,\"available_for_direct_debit\":true,\"active\":true,\"country\":\"Nigeria\",\"currency\":\"NGN\",\"type\":\"nuban\",\"is_deleted\":false,\"createdAt\":\"2016-07-14T10:04:29.000Z\",\"updatedAt\":\"2016-07-14T10:04:29.000Z\"},{\"id\":626,\"name\":\"Polyunwana MFB\",\"slug\":\"polyunwana-mfb-ng\",\"code\":\"50864\",\"longcode\":\"null\",\"gateway\":null,\"pay_with_bank\":false,\"supports_transfer\":true,\"available_for_direct_debit\":false,\"active\":true,\"country\":\"Nigeria\",\"currency\":\"NGN\",\"type\":\"nuban\",\"is_deleted\":false,\"createdAt\":\"2022-08-17T17:27:23.000Z\",\"updatedAt\":\"2022-08-17T17:27:23.000Z\"},{\"id\":304,\"name\":\"PremiumTrust Bank\",\"slug\":\"premiumtrust-bank-ng\",\"code\":\"105\",\"longcode\":\"000031\",\"gateway\":\"\",\"pay_with_bank\":false,\"supports_transfer\":true,\"available_for_direct_debit\":true,\"active\":true,\"country\":\"Nigeria\",\"currency\":\"NGN\",\"type\":\"nuban\",\"is_deleted\":false,\"createdAt\":\"2022-06-01T14:16:02.000Z\",\"updatedAt\":\"2022-08-17T08:13:08.000Z\"},{\"id\":792,\"name\":\"Prospa Capital Microfinance Bank\",\"slug\":\"prospa-capital-microfinance-bank-ng\",\"code\":\"50739\",\"longcode\":\"50739\",\"gateway\":\"null\",\"pay_with_bank\":false,\"supports_transfer\":true,\"available_for_direct_debit\":false,\"active\":true,\"country\":\"Nigeria\",\"currency\":\"NGN\",\"type\":\"nuban\",\"is_deleted\":false,\"createdAt\":\"2024-08-13T08:14:03.000Z\",\"updatedAt\":\"2024-08-13T08:14:03.000Z\"},{\"id\":760,\"name\":\"PROSPERIS FINANCE LIMITED\",\"slug\":\"prosperis-finance-limited-ng\",\"code\":\"050023\",\"longcode\":\"050023\",\"gateway\":\"\",\"pay_with_bank\":false,\"supports_transfer\":true,\"available_for_direct_debit\":false,\"active\":true,\"country\":\"Nigeria\",\"currency\":\"NGN\",\"type\":\"nuban\",\"is_deleted\":false,\"createdAt\":\"2023-12-30T06:19:33.000Z\",\"updatedAt\":\"2023-12-30T06:19:33.000Z\"},{\"id\":25,\"name\":\"Providus Bank\",\"slug\":\"providus-bank\",\"code\":\"101\",\"longcode\":\"\",\"gateway\":null,\"pay_with_bank\":false,\"supports_transfer\":true,\"available_for_direct_debit\":true,\"active\":true,\"country\":\"Nigeria\",\"currency\":\"NGN\",\"type\":\"nuban\",\"is_deleted\":false,\"createdAt\":\"2017-03-27T16:09:29.000Z\",\"updatedAt\":\"2021-02-09T17:50:06.000Z\"},{\"id\":232,\"name\":\"QuickFund MFB\",\"slug\":\"quickfund-mfb\",\"code\":\"51293\",\"longcode\":\"\",\"gateway\":null,\"pay_with_bank\":false,\"supports_transfer\":true,\"available_for_direct_debit\":false,\"active\":true,\"country\":\"Nigeria\",\"currency\":\"NGN\",\"type\":\"nuban\",\"is_deleted\":false,\"createdAt\":\"2021-10-29T08:43:35.000Z\",\"updatedAt\":\"2021-10-29T08:43:35.000Z\"},{\"id\":176,\"name\":\"Rand Merchant Bank\",\"slug\":\"rand-merchant-bank\",\"code\":\"502\",\"longcode\":\"\",\"gateway\":null,\"pay_with_bank\":false,\"supports_transfer\":true,\"available_for_direct_debit\":false,\"active\":true,\"country\":\"Nigeria\",\"currency\":\"NGN\",\"type\":\"nuban\",\"is_deleted\":false,\"createdAt\":\"2021-02-11T17:33:20.000Z\",\"updatedAt\":\"2021-02-11T17:33:20.000Z\"},{\"id\":766,\"name\":\"RANDALPHA MICROFINANCE BANK\",\"slug\":\"randalpha-microfinance-bank-ng\",\"code\":\"090496\",\"longcode\":\"090496\",\"gateway\":\"\",\"pay_with_bank\":false,\"supports_transfer\":true,\"available_for_direct_debit\":false,\"active\":true,\"country\":\"Nigeria\",\"currency\":\"NGN\",\"type\":\"nuban\",\"is_deleted\":false,\"createdAt\":\"2023-12-30T06:20:40.000Z\",\"updatedAt\":\"2023-12-30T06:20:40.000Z\"},{\"id\":295,\"name\":\"Refuge Mortgage Bank\",\"slug\":\"refuge-mortgage-bank\",\"code\":\"90067\",\"longcode\":\"\",\"gateway\":null,\"pay_with_bank\":false,\"supports_transfer\":true,\"available_for_direct_debit\":false,\"active\":true,\"country\":\"Nigeria\",\"currency\":\"NGN\",\"type\":\"nuban\",\"is_deleted\":false,\"createdAt\":\"2022-05-25T10:46:17.000Z\",\"updatedAt\":\"2022-05-25T10:46:17.000Z\"},{\"id\":773,\"name\":\"REHOBOTH MICROFINANCE BANK\",\"slug\":\"rehoboth-microfinance-bank-ng\",\"code\":\"50761\",\"longcode\":\"090463\",\"gateway\":\"\",\"pay_with_bank\":false,\"supports_transfer\":true,\"available_for_direct_debit\":false,\"active\":true,\"country\":\"Nigeria\",\"currency\":\"NGN\",\"type\":\"nuban\",\"is_deleted\":false,\"createdAt\":\"2024-02-02T08:58:01.000Z\",\"updatedAt\":\"2024-02-02T08:58:01.000Z\"},{\"id\":710,\"name\":\"Rephidim Microfinance Bank\",\"slug\":\"rephidim\",\"code\":\"50994\",\"longcode\":\"221151615\",\"gateway\":null,\"pay_with_bank\":false,\"supports_transfer\":true,\"available_for_direct_debit\":false,\"active\":true,\"country\":\"Nigeria\",\"currency\":\"NGN\",\"type\":\"nuban\",\"is_deleted\":false,\"createdAt\":\"2023-08-21T08:22:46.000Z\",\"updatedAt\":\"2023-08-21T08:22:46.000Z\"},{\"id\":885,\"name\":\"Retrust Mfb\",\"slug\":\"retrust-mfb-ng\",\"code\":\"51375\",\"longcode\":\"090766\",\"gateway\":null,\"pay_with_bank\":false,\"supports_transfer\":true,\"available_for_direct_debit\":false,\"active\":true,\"country\":\"Nigeria\",\"currency\":\"NGN\",\"type\":\"nuban\",\"is_deleted\":false,\"createdAt\":\"2026-01-16T09:08:54.000Z\",\"updatedAt\":\"2026-01-16T09:08:54.000Z\"},{\"id\":700,\"name\":\"Rigo Microfinance Bank Limited\",\"slug\":\"rigo-microfinance-bank-limited-ng\",\"code\":\"51286\",\"longcode\":\"51286\",\"gateway\":null,\"pay_with_bank\":false,\"supports_transfer\":true,\"available_for_direct_debit\":false,\"active\":true,\"country\":\"Nigeria\",\"currency\":\"NGN\",\"type\":\"nuban\",\"is_deleted\":false,\"createdAt\":\"2023-05-26T14:45:26.000Z\",\"updatedAt\":\"2023-05-26T14:45:26.000Z\"},{\"id\":679,\"name\":\"ROCKSHIELD MICROFINANCE BANK\",\"slug\":\"rockshield-microfinance-bank-ng\",\"code\":\"50767\",\"longcode\":\"\",\"gateway\":\"\",\"pay_with_bank\":false,\"supports_transfer\":true,\"available_for_direct_debit\":false,\"active\":true,\"country\":\"Nigeria\",\"currency\":\"NGN\",\"type\":\"nuban\",\"is_deleted\":false,\"createdAt\":\"2022-12-20T13:41:50.000Z\",\"updatedAt\":\"2022-12-20T14:27:14.000Z\"},{\"id\":69,\"name\":\"Rubies MFB\",\"slug\":\"rubies-mfb\",\"code\":\"125\",\"longcode\":\"\",\"gateway\":null,\"pay_with_bank\":false,\"supports_transfer\":true,\"available_for_direct_debit\":false,\"active\":true,\"country\":\"Nigeria\",\"currency\":\"NGN\",\"type\":\"nuban\",\"is_deleted\":false,\"createdAt\":\"2020-01-25T09:49:59.000Z\",\"updatedAt\":\"2020-01-25T09:49:59.000Z\"},{\"id\":286,\"name\":\"Safe Haven MFB\",\"slug\":\"safe-haven-mfb-ng\",\"code\":\"51113\",\"longcode\":\"51113\",\"gateway\":\"\",\"pay_with_bank\":false,\"supports_transfer\":true,\"available_for_direct_debit\":false,\"active\":true,\"country\":\"Nigeria\",\"currency\":\"NGN\",\"type\":\"nuban\",\"is_deleted\":false,\"createdAt\":\"2022-02-18T13:11:59.000Z\",\"updatedAt\":\"2022-02-18T13:11:59.000Z\"},{\"id\":706,\"name\":\"SAGE GREY FINANCE LIMITED\",\"slug\":\"sage-grey-finance-limited-ng\",\"code\":\"40165\",\"longcode\":\"null\",\"gateway\":null,\"pay_with_bank\":false,\"supports_transfer\":true,\"available_for_direct_debit\":false,\"active\":true,\"country\":\"Nigeria\",\"currency\":\"NGN\",\"type\":\"nuban\",\"is_deleted\":false,\"createdAt\":\"2023-07-05T08:27:27.000Z\",\"updatedAt\":\"2023-07-05T08:27:27.000Z\"},{\"id\":632,\"name\":\"Shield MFB\",\"slug\":\"shield-mfb-ng\",\"code\":\"50582\",\"longcode\":\"\",\"gateway\":null,\"pay_with_bank\":false,\"supports_transfer\":true,\"available_for_direct_debit\":false,\"active\":true,\"country\":\"Nigeria\",\"currency\":\"NGN\",\"type\":\"nuban\",\"is_deleted\":false,\"createdAt\":\"2022-09-16T15:16:47.000Z\",\"updatedAt\":\"2022-09-16T15:16:47.000Z\"},{\"id\":750,\"name\":\"Signature Bank Ltd\",\"slug\":\"signature-bank-ltd-ng\",\"code\":\"106\",\"longcode\":\"000034\",\"gateway\":null,\"pay_with_bank\":false,\"supports_transfer\":true,\"available_for_direct_debit\":false,\"active\":true,\"country\":\"Nigeria\",\"currency\":\"NGN\",\"type\":\"nuban\",\"is_deleted\":false,\"createdAt\":\"2023-12-06T08:58:35.000Z\",\"updatedAt\":\"2023-12-06T08:58:35.000Z\"},{\"id\":695,\"name\":\"Solid Allianze MFB\",\"slug\":\"solid-allianze-mfb\",\"code\":\"51062\",\"longcode\":\"\",\"gateway\":null,\"pay_with_bank\":false,\"supports_transfer\":true,\"available_for_direct_debit\":false,\"active\":true,\"country\":\"Nigeria\",\"currency\":\"NGN\",\"type\":\"nuban\",\"is_deleted\":false,\"createdAt\":\"2023-04-26T15:02:23.000Z\",\"updatedAt\":\"2023-04-26T15:02:23.000Z\"},{\"id\":365,\"name\":\"Solid Rock MFB\",\"slug\":\"solid-rock-mfb\",\"code\":\"50800\",\"longcode\":\"\",\"gateway\":null,\"pay_with_bank\":false,\"supports_transfer\":true,\"available_for_direct_debit\":false,\"active\":true,\"country\":\"Nigeria\",\"currency\":\"NGN\",\"type\":\"nuban\",\"is_deleted\":false,\"createdAt\":\"2022-06-27T10:24:28.000Z\",\"updatedAt\":\"2022-06-27T10:24:28.000Z\"},{\"id\":72,\"name\":\"Sparkle Microfinance Bank\",\"slug\":\"sparkle-microfinance-bank\",\"code\":\"51310\",\"longcode\":\"\",\"gateway\":null,\"pay_with_bank\":false,\"supports_transfer\":true,\"available_for_direct_debit\":false,\"active\":true,\"country\":\"Nigeria\",\"currency\":\"NGN\",\"type\":\"nuban\",\"is_deleted\":false,\"createdAt\":\"2020-02-11T18:43:14.000Z\",\"updatedAt\":\"2020-02-11T18:43:14.000Z\"},{\"id\":855,\"name\":\"Springfield Microfinance Bank\",\"slug\":\"springfield-microfinance-bank-ng\",\"code\":\"51429\",\"longcode\":\"090806\",\"gateway\":\"null\",\"pay_with_bank\":false,\"supports_transfer\":true,\"available_for_direct_debit\":false,\"active\":true,\"country\":\"Nigeria\",\"currency\":\"NGN\",\"type\":\"nuban\",\"is_deleted\":false,\"createdAt\":\"2025-06-02T15:04:17.000Z\",\"updatedAt\":\"2025-06-02T15:04:17.000Z\"},{\"id\":14,\"name\":\"Stanbic IBTC Bank\",\"slug\":\"stanbic-ibtc-bank\",\"code\":\"221\",\"longcode\":\"221159522\",\"gateway\":null,\"pay_with_bank\":false,\"supports_transfer\":true,\"available_for_direct_debit\":false,\"active\":true,\"country\":\"Nigeria\",\"currency\":\"NGN\",\"type\":\"nuban\",\"is_deleted\":false,\"createdAt\":\"2016-07-14T10:04:29.000Z\",\"updatedAt\":\"2020-02-18T20:24:17.000Z\"},{\"id\":15,\"name\":\"Standard Chartered Bank\",\"slug\":\"standard-chartered-bank\",\"code\":\"068\",\"longcode\":\"068150015\",\"gateway\":null,\"pay_with_bank\":false,\"supports_transfer\":true,\"available_for_direct_debit\":true,\"active\":true,\"country\":\"Nigeria\",\"currency\":\"NGN\",\"type\":\"nuban\",\"is_deleted\":false,\"createdAt\":\"2016-07-14T10:04:29.000Z\",\"updatedAt\":\"2020-02-18T20:23:40.000Z\"},{\"id\":765,\"name\":\"STANFORD MICROFINANCE BANK\",\"slug\":\"stanford-microfinance-bank-ng\",\"code\":\"090162\",\"longcode\":\"090162\",\"gateway\":\"\",\"pay_with_bank\":false,\"supports_transfer\":true,\"available_for_direct_debit\":false,\"active\":true,\"country\":\"Nigeria\",\"currency\":\"NGN\",\"type\":\"nuban\",\"is_deleted\":false,\"createdAt\":\"2023-12-30T06:20:30.000Z\",\"updatedAt\":\"2023-12-30T06:20:30.000Z\"},{\"id\":779,\"name\":\"STATESIDE MICROFINANCE BANK\",\"slug\":\"stateside-microfinance-bank-ng\",\"code\":\"50809\",\"longcode\":\"50809\",\"gateway\":null,\"pay_with_bank\":false,\"supports_transfer\":true,\"available_for_direct_debit\":false,\"active\":true,\"country\":\"Nigeria\",\"currency\":\"NGN\",\"type\":\"nuban\",\"is_deleted\":false,\"createdAt\":\"2024-05-21T10:21:20.000Z\",\"updatedAt\":\"2024-05-21T10:21:20.000Z\"},{\"id\":826,\"name\":\"STB Mortgage Bank\",\"slug\":\"stb-mortgage-bank-ng\",\"code\":\"070022\",\"longcode\":\"070022\",\"gateway\":null,\"pay_with_bank\":false,\"supports_transfer\":true,\"available_for_direct_debit\":false,\"active\":true,\"country\":\"Nigeria\",\"currency\":\"NGN\",\"type\":\"nuban\",\"is_deleted\":false,\"createdAt\":\"2025-02-24T13:39:49.000Z\",\"updatedAt\":\"2025-02-24T13:39:49.000Z\"},{\"id\":285,\"name\":\"Stellas MFB\",\"slug\":\"stellas-mfb\",\"code\":\"51253\",\"longcode\":\"\",\"gateway\":null,\"pay_with_bank\":false,\"supports_transfer\":true,\"available_for_direct_debit\":false,\"active\":true,\"country\":\"Nigeria\",\"currency\":\"NGN\",\"type\":\"nuban\",\"is_deleted\":false,\"createdAt\":\"2022-02-17T14:54:01.000Z\",\"updatedAt\":\"2022-02-17T14:54:01.000Z\"},{\"id\":16,\"name\":\"Sterling Bank\",\"slug\":\"sterling-bank\",\"code\":\"232\",\"longcode\":\"232150016\",\"gateway\":\"emandate\",\"pay_with_bank\":false,\"supports_transfer\":true,\"available_for_direct_debit\":true,\"active\":true,\"country\":\"Nigeria\",\"currency\":\"NGN\",\"type\":\"nuban\",\"is_deleted\":false,\"createdAt\":\"2016-07-14T10:04:29.000Z\",\"updatedAt\":\"2022-05-27T08:56:01.000Z\"},{\"id\":869,\"name\":\"Summit Bank\",\"slug\":\"summit-bank-ng\",\"code\":\"00305\",\"longcode\":\"080003\",\"gateway\":null,\"pay_with_bank\":false,\"supports_transfer\":true,\"available_for_direct_debit\":false,\"active\":true,\"country\":\"Nigeria\",\"currency\":\"NGN\",\"type\":\"nuban\",\"is_deleted\":false,\"createdAt\":\"2025-09-30T09:23:41.000Z\",\"updatedAt\":\"2025-09-30T09:23:41.000Z\"},{\"id\":23,\"name\":\"Suntrust Bank\",\"slug\":\"suntrust-bank\",\"code\":\"100\",\"longcode\":\"\",\"gateway\":null,\"pay_with_bank\":false,\"supports_transfer\":true,\"available_for_direct_debit\":true,\"active\":true,\"country\":\"Nigeria\",\"currency\":\"NGN\",\"type\":\"nuban\",\"is_deleted\":false,\"createdAt\":\"2016-10-10T17:26:29.000Z\",\"updatedAt\":\"2016-10-10T17:26:29.000Z\"},{\"id\":631,\"name\":\"Supreme MFB\",\"slug\":\"supreme-mfb-ng\",\"code\":\"50968\",\"longcode\":\"\",\"gateway\":null,\"pay_with_bank\":false,\"supports_transfer\":true,\"available_for_direct_debit\":false,\"active\":true,\"country\":\"Nigeria\",\"currency\":\"NGN\",\"type\":\"nuban\",\"is_deleted\":false,\"createdAt\":\"2022-09-16T15:16:29.000Z\",\"updatedAt\":\"2022-09-16T15:16:29.000Z\"},{\"id\":888,\"name\":\"Sycamore Microfinance Bank\",\"slug\":\"sycamore-microfinance-bank-ng\",\"code\":\"51056\",\"longcode\":\"090827\",\"gateway\":null,\"pay_with_bank\":false,\"supports_transfer\":false,\"available_for_direct_debit\":false,\"active\":true,\"country\":\"Nigeria\",\"currency\":\"NGN\",\"type\":\"nuban\",\"is_deleted\":false,\"createdAt\":\"2026-01-22T11:05:36.000Z\",\"updatedAt\":\"2026-01-22T11:05:36.000Z\"},{\"id\":68,\"name\":\"TAJ Bank\",\"slug\":\"taj-bank\",\"code\":\"302\",\"longcode\":\"\",\"gateway\":null,\"pay_with_bank\":false,\"supports_transfer\":true,\"available_for_direct_debit\":false,\"active\":true,\"country\":\"Nigeria\",\"currency\":\"NGN\",\"type\":\"nuban\",\"is_deleted\":false,\"createdAt\":\"2020-01-20T11:20:32.000Z\",\"updatedAt\":\"2020-01-20T11:20:32.000Z\"},{\"id\":186,\"name\":\"Tangerine Money\",\"slug\":\"tangerine-money\",\"code\":\"51269\",\"longcode\":\"\",\"gateway\":null,\"pay_with_bank\":false,\"supports_transfer\":true,\"available_for_direct_debit\":false,\"active\":true,\"country\":\"Nigeria\",\"currency\":\"NGN\",\"type\":\"nuban\",\"is_deleted\":false,\"createdAt\":\"2021-09-17T13:25:16.000Z\",\"updatedAt\":\"2021-09-17T13:25:16.000Z\"},{\"id\":889,\"name\":\"Tatum Bank\",\"slug\":\"tatum-bank-ng\",\"code\":\"109\",\"longcode\":\"000042\",\"gateway\":null,\"pay_with_bank\":false,\"supports_transfer\":true,\"available_for_direct_debit\":false,\"active\":true,\"country\":\"Nigeria\",\"currency\":\"NGN\",\"type\":\"nuban\",\"is_deleted\":false,\"createdAt\":\"2026-01-27T11:10:53.000Z\",\"updatedAt\":\"2026-02-13T14:23:10.000Z\"},{\"id\":811,\"name\":\"TENN\",\"slug\":\"tenn-ng\",\"code\":\"51403\",\"longcode\":\"090716\",\"gateway\":null,\"pay_with_bank\":false,\"supports_transfer\":true,\"available_for_direct_debit\":false,\"active\":true,\"country\":\"Nigeria\",\"currency\":\"NGN\",\"type\":\"nuban\",\"is_deleted\":false,\"createdAt\":\"2024-12-03T13:28:42.000Z\",\"updatedAt\":\"2024-12-03T13:28:42.000Z\"},{\"id\":866,\"name\":\"Think Finance Microfinance Bank\",\"slug\":\"think-finance-microfinance-bank-ng\",\"code\":\"677\",\"longcode\":\"090373\",\"gateway\":null,\"pay_with_bank\":false,\"supports_transfer\":true,\"available_for_direct_debit\":false,\"active\":true,\"country\":\"Nigeria\",\"currency\":\"NGN\",\"type\":\"nuban\",\"is_deleted\":false,\"createdAt\":\"2025-09-12T15:10:04.000Z\",\"updatedAt\":\"2025-09-12T15:10:04.000Z\"},{\"id\":73,\"name\":\"Titan Bank\",\"slug\":\"titan-bank\",\"code\":\"102\",\"longcode\":\"\",\"gateway\":null,\"pay_with_bank\":false,\"supports_transfer\":true,\"available_for_direct_debit\":true,\"active\":true,\"country\":\"Nigeria\",\"currency\":\"NGN\",\"type\":\"nuban\",\"is_deleted\":false,\"createdAt\":\"2020-03-10T11:41:36.000Z\",\"updatedAt\":\"2020-03-23T15:06:29.000Z\"},{\"id\":788,\"name\":\"TransPay MFB\",\"slug\":\"transpay-mfb-ng\",\"code\":\"090708\",\"longcode\":\"090708\",\"gateway\":\"\",\"pay_with_bank\":false,\"supports_transfer\":true,\"available_for_direct_debit\":false,\"active\":true,\"country\":\"Nigeria\",\"currency\":\"NGN\",\"type\":\"nuban\",\"is_deleted\":false,\"createdAt\":\"2024-07-19T12:38:48.000Z\",\"updatedAt\":\"2024-07-19T12:38:48.000Z\"},{\"id\":862,\"name\":\"TRUSTBANC J6 MICROFINANCE BANK\",\"slug\":\"trustbanc-j6-microfinance-bank-ng\",\"code\":\"51118\",\"longcode\":\"090123\",\"gateway\":null,\"pay_with_bank\":false,\"supports_transfer\":true,\"available_for_direct_debit\":false,\"active\":true,\"country\":\"Nigeria\",\"currency\":\"NGN\",\"type\":\"nuban\",\"is_deleted\":false,\"createdAt\":\"2025-09-08T09:20:31.000Z\",\"updatedAt\":\"2025-09-08T09:20:31.000Z\"},{\"id\":690,\"name\":\"U&C Microfinance Bank Ltd (U AND C MFB)\",\"slug\":\"uc-microfinance-bank-ltd-u-and-c-mfb-ng\",\"code\":\"50840\",\"longcode\":\"50840\",\"gateway\":null,\"pay_with_bank\":false,\"supports_transfer\":true,\"available_for_direct_debit\":false,\"active\":true,\"country\":\"Nigeria\",\"currency\":\"NGN\",\"type\":\"nuban\",\"is_deleted\":false,\"createdAt\":\"2023-03-27T16:55:53.000Z\",\"updatedAt\":\"2023-03-27T16:55:53.000Z\"},{\"id\":786,\"name\":\"UCEE MFB\",\"slug\":\"ucee-mfb-ng\",\"code\":\"090706\",\"longcode\":\"090706\",\"gateway\":\"\",\"pay_with_bank\":false,\"supports_transfer\":true,\"available_for_direct_debit\":false,\"active\":true,\"country\":\"Nigeria\",\"currency\":\"NGN\",\"type\":\"nuban\",\"is_deleted\":false,\"createdAt\":\"2024-07-19T12:37:46.000Z\",\"updatedAt\":\"2024-07-19T12:37:46.000Z\"},{\"id\":630,\"name\":\"Uhuru MFB\",\"slug\":\"uhuru-mfb-ng\",\"code\":\"51322\",\"longcode\":\"\",\"gateway\":null,\"pay_with_bank\":false,\"supports_transfer\":true,\"available_for_direct_debit\":false,\"active\":true,\"country\":\"Nigeria\",\"currency\":\"NGN\",\"type\":\"nuban\",\"is_deleted\":false,\"createdAt\":\"2022-09-14T12:58:20.000Z\",\"updatedAt\":\"2023-09-05T17:23:38.000Z\"},{\"id\":853,\"name\":\"Ultraviolet Microfinance Bank\",\"slug\":\"ultraviolet-microfinance-bank-ng\",\"code\":\"51080\",\"longcode\":\"090781\",\"gateway\":null,\"pay_with_bank\":false,\"supports_transfer\":true,\"available_for_direct_debit\":false,\"active\":true,\"country\":\"Nigeria\",\"currency\":\"NGN\",\"type\":\"nuban\",\"is_deleted\":false,\"createdAt\":\"2025-04-30T07:55:59.000Z\",\"updatedAt\":\"2025-04-30T07:55:59.000Z\"},{\"id\":678,\"name\":\"Unaab Microfinance Bank Limited\",\"slug\":\"unaab-microfinance-bank-limited-ng\",\"code\":\"50870\",\"longcode\":\"\",\"gateway\":null,\"pay_with_bank\":false,\"supports_transfer\":true,\"available_for_direct_debit\":false,\"active\":true,\"country\":\"Nigeria\",\"currency\":\"NGN\",\"type\":\"nuban\",\"is_deleted\":false,\"createdAt\":\"2022-11-24T13:47:10.000Z\",\"updatedAt\":\"2022-11-24T13:49:16.000Z\"},{\"id\":861,\"name\":\"UNIABUJA MFB\",\"slug\":\"uniabuja-mfb\",\"code\":\"51447\",\"longcode\":\"MFB51447\",\"gateway\":null,\"pay_with_bank\":false,\"supports_transfer\":true,\"available_for_direct_debit\":false,\"active\":true,\"country\":\"Nigeria\",\"currency\":\"NGN\",\"type\":\"nuban\",\"is_deleted\":false,\"createdAt\":\"2025-08-01T17:04:46.000Z\",\"updatedAt\":\"2025-08-04T10:51:00.000Z\"},{\"id\":282,\"name\":\"Unical MFB\",\"slug\":\"unical-mfb\",\"code\":\"50871\",\"longcode\":\"\",\"gateway\":null,\"pay_with_bank\":false,\"supports_transfer\":true,\"available_for_direct_debit\":false,\"active\":true,\"country\":\"Nigeria\",\"currency\":\"NGN\",\"type\":\"nuban\",\"is_deleted\":false,\"createdAt\":\"2022-01-10T09:52:47.000Z\",\"updatedAt\":\"2022-01-10T09:52:47.000Z\"},{\"id\":638,\"name\":\"Unilag Microfinance Bank\",\"slug\":\"unilag-microfinance-bank-ng\",\"code\":\"51316\",\"longcode\":\"\",\"gateway\":null,\"pay_with_bank\":false,\"supports_transfer\":true,\"available_for_direct_debit\":false,\"active\":true,\"country\":\"Nigeria\",\"currency\":\"NGN\",\"type\":\"nuban\",\"is_deleted\":false,\"createdAt\":\"2022-11-07T07:41:50.000Z\",\"updatedAt\":\"2022-11-07T07:41:50.000Z\"},{\"id\":823,\"name\":\"UNIMAID MICROFINANCE BANK\",\"slug\":\"unimaid-microfinance-bank-ng\",\"code\":\"50875\",\"longcode\":\"090464\",\"gateway\":null,\"pay_with_bank\":false,\"supports_transfer\":true,\"available_for_direct_debit\":false,\"active\":true,\"country\":\"Nigeria\",\"currency\":\"NGN\",\"type\":\"nuban\",\"is_deleted\":false,\"createdAt\":\"2025-02-11T11:04:00.000Z\",\"updatedAt\":\"2025-02-11T15:27:21.000Z\"},{\"id\":17,\"name\":\"Union Bank of Nigeria\",\"slug\":\"union-bank-of-nigeria\",\"code\":\"032\",\"longcode\":\"032080474\",\"gateway\":\"emandate\",\"pay_with_bank\":false,\"supports_transfer\":true,\"available_for_direct_debit\":true,\"active\":true,\"country\":\"Nigeria\",\"currency\":\"NGN\",\"type\":\"nuban\",\"is_deleted\":false,\"createdAt\":\"2016-07-14T10:04:29.000Z\",\"updatedAt\":\"2020-02-18T20:22:54.000Z\"},{\"id\":18,\"name\":\"United Bank For Africa\",\"slug\":\"united-bank-for-africa\",\"code\":\"033\",\"longcode\":\"033153513\",\"gateway\":\"emandate\",\"pay_with_bank\":false,\"supports_transfer\":true,\"available_for_direct_debit\":true,\"active\":true,\"country\":\"Nigeria\",\"currency\":\"NGN\",\"type\":\"nuban\",\"is_deleted\":false,\"createdAt\":\"2016-07-14T10:04:29.000Z\",\"updatedAt\":\"2022-03-09T10:28:57.000Z\"},{\"id\":19,\"name\":\"Unity Bank\",\"slug\":\"unity-bank\",\"code\":\"215\",\"longcode\":\"215154097\",\"gateway\":\"emandate\",\"pay_with_bank\":false,\"supports_transfer\":true,\"available_for_direct_debit\":true,\"active\":true,\"country\":\"Nigeria\",\"currency\":\"NGN\",\"type\":\"nuban\",\"is_deleted\":false,\"createdAt\":\"2016-07-14T10:04:29.000Z\",\"updatedAt\":\"2019-07-22T12:44:02.000Z\"},{\"id\":881,\"name\":\"UNIUYO Microfinance Bank Ltd\",\"slug\":\"uniuyo-microfinance-bank-ltd-ng\",\"code\":\"50880\",\"longcode\":\"090315\",\"gateway\":null,\"pay_with_bank\":false,\"supports_transfer\":true,\"available_for_direct_debit\":false,\"active\":true,\"country\":\"Nigeria\",\"currency\":\"NGN\",\"type\":\"nuban\",\"is_deleted\":false,\"createdAt\":\"2025-12-12T11:24:43.000Z\",\"updatedAt\":\"2025-12-12T11:24:43.000Z\"},{\"id\":737,\"name\":\"Uzondu Microfinance Bank Awka Anambra State\",\"slug\":\"uzondu-microfinance-bank-awka-anambra-state-ng\",\"code\":\"50894\",\"longcode\":\"50894\",\"gateway\":null,\"pay_with_bank\":false,\"supports_transfer\":true,\"available_for_direct_debit\":false,\"active\":true,\"country\":\"Nigeria\",\"currency\":\"NGN\",\"type\":\"nuban\",\"is_deleted\":false,\"createdAt\":\"2023-10-31T13:19:39.000Z\",\"updatedAt\":\"2023-10-31T13:19:39.000Z\"},{\"id\":725,\"name\":\"Vale Finance Limited\",\"slug\":\"vale-finance\",\"code\":\"050020\",\"longcode\":\"\",\"gateway\":\"emandate\",\"pay_with_bank\":false,\"supports_transfer\":true,\"available_for_direct_debit\":false,\"active\":true,\"country\":\"Nigeria\",\"currency\":\"NGN\",\"type\":\"nuban\",\"is_deleted\":false,\"createdAt\":\"2023-10-26T14:23:46.000Z\",\"updatedAt\":\"2023-10-26T14:23:46.000Z\"},{\"id\":71,\"name\":\"VFD Microfinance Bank Limited\",\"slug\":\"vfd\",\"code\":\"566\",\"longcode\":\"\",\"gateway\":null,\"pay_with_bank\":false,\"supports_transfer\":true,\"available_for_direct_debit\":false,\"active\":true,\"country\":\"Nigeria\",\"currency\":\"NGN\",\"type\":\"nuban\",\"is_deleted\":false,\"createdAt\":\"2020-02-11T15:44:11.000Z\",\"updatedAt\":\"2020-10-28T09:42:08.000Z\"},{\"id\":701,\"name\":\"Waya Microfinance Bank\",\"slug\":\"waya-microfinance-bank-ng\",\"code\":\"51355\",\"longcode\":\"51355\",\"gateway\":null,\"pay_with_bank\":false,\"supports_transfer\":true,\"available_for_direct_debit\":false,\"active\":true,\"country\":\"Nigeria\",\"currency\":\"NGN\",\"type\":\"nuban\",\"is_deleted\":false,\"createdAt\":\"2023-05-31T15:50:49.000Z\",\"updatedAt\":\"2023-05-31T15:50:49.000Z\"},{\"id\":20,\"name\":\"Wema Bank\",\"slug\":\"wema-bank\",\"code\":\"035\",\"longcode\":\"035150103\",\"gateway\":null,\"pay_with_bank\":false,\"supports_transfer\":true,\"available_for_direct_debit\":true,\"active\":true,\"country\":\"Nigeria\",\"currency\":\"NGN\",\"type\":\"nuban\",\"is_deleted\":false,\"createdAt\":\"2016-07-14T10:04:29.000Z\",\"updatedAt\":\"2021-02-09T17:49:59.000Z\"},{\"id\":854,\"name\":\"Weston Charis MFB\",\"slug\":\"weston-charis-mfb-ng\",\"code\":\"51386\",\"longcode\":\"090741\",\"gateway\":null,\"pay_with_bank\":false,\"supports_transfer\":true,\"available_for_direct_debit\":false,\"active\":true,\"country\":\"Nigeria\",\"currency\":\"NGN\",\"type\":\"nuban\",\"is_deleted\":false,\"createdAt\":\"2025-05-09T14:59:03.000Z\",\"updatedAt\":\"2025-05-09T14:59:03.000Z\"},{\"id\":827,\"name\":\"Xpress Wallet\",\"slug\":\"xpress-wallet-ng\",\"code\":\"100040\",\"longcode\":\"100040\",\"gateway\":null,\"pay_with_bank\":false,\"supports_transfer\":true,\"available_for_direct_debit\":false,\"active\":true,\"country\":\"Nigeria\",\"currency\":\"NGN\",\"type\":\"nuban\",\"is_deleted\":false,\"createdAt\":\"2025-02-24T13:47:43.000Z\",\"updatedAt\":\"2025-02-24T13:47:43.000Z\"},{\"id\":797,\"name\":\"Yes MFB\",\"slug\":\"yes-mfb-ng\",\"code\":\"594\",\"longcode\":\"090142\",\"gateway\":\"\",\"pay_with_bank\":false,\"supports_transfer\":true,\"available_for_direct_debit\":false,\"active\":true,\"country\":\"Nigeria\",\"currency\":\"NGN\",\"type\":\"nuban\",\"is_deleted\":false,\"createdAt\":\"2024-09-11T14:31:38.000Z\",\"updatedAt\":\"2024-09-11T14:31:38.000Z\"},{\"id\":870,\"name\":\"Zap\",\"slug\":\"zap\",\"code\":\"00zap\",\"longcode\":\"00zap\",\"gateway\":\"digitalbankmandate\",\"pay_with_bank\":false,\"supports_transfer\":true,\"available_for_direct_debit\":false,\"active\":true,\"country\":\"Nigeria\",\"currency\":\"NGN\",\"type\":\"nuban\",\"is_deleted\":false,\"createdAt\":\"2025-10-02T16:09:15.000Z\",\"updatedAt\":\"2025-10-08T09:41:00.000Z\"},{\"id\":21,\"name\":\"Zenith Bank\",\"slug\":\"zenith-bank\",\"code\":\"057\",\"longcode\":\"057150013\",\"gateway\":\"emandate\",\"pay_with_bank\":false,\"supports_transfer\":true,\"available_for_direct_debit\":true,\"active\":true,\"country\":\"Nigeria\",\"currency\":\"NGN\",\"type\":\"nuban\",\"is_deleted\":false,\"createdAt\":\"2016-07-14T10:04:29.000Z\",\"updatedAt\":\"2023-09-26T17:09:43.000Z\"},{\"id\":876,\"name\":\"Zitra MFB\",\"slug\":\"zitra-mfb-ng\",\"code\":\"51373\",\"longcode\":\"090718\",\"gateway\":null,\"pay_with_bank\":false,\"supports_transfer\":true,\"available_for_direct_debit\":false,\"active\":true,\"country\":\"Nigeria\",\"currency\":\"NGN\",\"type\":\"nuban\",\"is_deleted\":false,\"createdAt\":\"2025-11-07T14:05:36.000Z\",\"updatedAt\":\"2025-11-07T14:05:36.000Z\"}]}', 200, 'success', NULL, '2026-03-05 03:13:20');
INSERT INTO `payment_gateway_logs` (`id`, `payment_gateway_setting_id`, `event_type`, `method`, `request_data`, `response_data`, `response_code`, `status`, `error_message`, `logged_at`) VALUES
(3, 2, 'environment_switch', NULL, NULL, NULL, NULL, 'success', NULL, '2026-03-05 03:19:10');
INSERT INTO `payment_gateway_logs` (`id`, `payment_gateway_setting_id`, `event_type`, `method`, `request_data`, `response_data`, `response_code`, `status`, `error_message`, `logged_at`) VALUES
(4, 2, 'test', 'GET', NULL, '{\"status\":true,\"message\":\"Banks retrieved\",\"data\":[{\"id\":879,\"name\":\"78 Finance Company Ltd\",\"slug\":\"78-finance-company-ltd-ng\",\"code\":\"40195\",\"longcode\":\"110072\",\"gateway\":null,\"pay_with_bank\":false,\"supports_transfer\":true,\"available_for_direct_debit\":false,\"active\":true,\"country\":\"Nigeria\",\"currency\":\"NGN\",\"type\":\"nuban\",\"is_deleted\":false,\"createdAt\":\"2025-11-21T12:32:33.000Z\",\"updatedAt\":\"2025-11-21T12:32:33.000Z\"},{\"id\":707,\"name\":\"9jaPay Microfinance Bank\",\"slug\":\"9japay-microfinance-bank-ng\",\"code\":\"090629\",\"longcode\":\"090629\",\"gateway\":null,\"pay_with_bank\":false,\"supports_transfer\":true,\"available_for_direct_debit\":false,\"active\":true,\"country\":\"Nigeria\",\"currency\":\"NGN\",\"type\":\"nuban\",\"is_deleted\":false,\"createdAt\":\"2023-07-20T09:52:18.000Z\",\"updatedAt\":\"2026-02-10T08:10:53.000Z\"},{\"id\":302,\"name\":\"9mobile 9Payment Service Bank\",\"slug\":\"9mobile-9payment-service-bank-ng\",\"code\":\"120001\",\"longcode\":\"120001\",\"gateway\":\"\",\"pay_with_bank\":false,\"supports_transfer\":true,\"available_for_direct_debit\":false,\"active\":true,\"country\":\"Nigeria\",\"currency\":\"NGN\",\"type\":\"nuban\",\"is_deleted\":false,\"createdAt\":\"2022-05-31T06:50:27.000Z\",\"updatedAt\":\"2022-06-23T09:33:55.000Z\"},{\"id\":174,\"name\":\"Abbey Mortgage Bank\",\"slug\":\"abbey-mortgage-bank-ng\",\"code\":\"404\",\"longcode\":\"\",\"gateway\":null,\"pay_with_bank\":false,\"supports_transfer\":true,\"available_for_direct_debit\":false,\"active\":true,\"country\":\"Nigeria\",\"currency\":\"NGN\",\"type\":\"nuban\",\"is_deleted\":false,\"createdAt\":\"2020-12-07T16:19:09.000Z\",\"updatedAt\":\"2023-09-14T13:02:38.000Z\"},{\"id\":188,\"name\":\"Above Only MFB\",\"slug\":\"above-only-mfb\",\"code\":\"51204\",\"longcode\":\"\",\"gateway\":null,\"pay_with_bank\":false,\"supports_transfer\":true,\"available_for_direct_debit\":false,\"active\":true,\"country\":\"Nigeria\",\"currency\":\"NGN\",\"type\":\"nuban\",\"is_deleted\":false,\"createdAt\":\"2021-10-13T20:35:17.000Z\",\"updatedAt\":\"2021-10-13T20:35:17.000Z\"},{\"id\":627,\"name\":\"Abulesoro MFB\",\"slug\":\"abulesoro-mfb-ng\",\"code\":\"51312\",\"longcode\":\"\",\"gateway\":null,\"pay_with_bank\":false,\"supports_transfer\":true,\"available_for_direct_debit\":false,\"active\":true,\"country\":\"Nigeria\",\"currency\":\"NGN\",\"type\":\"nuban\",\"is_deleted\":false,\"createdAt\":\"2022-08-31T08:26:20.000Z\",\"updatedAt\":\"2022-08-31T08:26:20.000Z\"},{\"id\":1,\"name\":\"Access Bank\",\"slug\":\"access-bank\",\"code\":\"044\",\"longcode\":\"044150149\",\"gateway\":\"emandate\",\"pay_with_bank\":false,\"supports_transfer\":true,\"available_for_direct_debit\":true,\"active\":true,\"country\":\"Nigeria\",\"currency\":\"NGN\",\"type\":\"nuban\",\"is_deleted\":false,\"createdAt\":\"2016-07-14T10:04:29.000Z\",\"updatedAt\":\"2020-02-18T08:06:44.000Z\"},{\"id\":3,\"name\":\"Access Bank (Diamond)\",\"slug\":\"access-bank-diamond\",\"code\":\"063\",\"longcode\":\"063150162\",\"gateway\":\"emandate\",\"pay_with_bank\":false,\"supports_transfer\":true,\"available_for_direct_debit\":false,\"active\":true,\"country\":\"Nigeria\",\"currency\":\"NGN\",\"type\":\"nuban\",\"is_deleted\":false,\"createdAt\":\"2016-07-14T10:04:29.000Z\",\"updatedAt\":\"2020-02-18T08:06:48.000Z\"},{\"id\":495,\"name\":\"Accion Microfinance Bank\",\"slug\":\"accion-microfinance-bank-ng\",\"code\":\"602\",\"longcode\":\"\",\"gateway\":\"emandate\",\"pay_with_bank\":false,\"supports_transfer\":true,\"available_for_direct_debit\":false,\"active\":true,\"country\":\"Nigeria\",\"currency\":\"NGN\",\"type\":\"nuban\",\"is_deleted\":false,\"createdAt\":\"2022-07-28T14:22:56.000Z\",\"updatedAt\":\"2022-09-19T07:48:37.000Z\"},{\"id\":897,\"name\":\"Adamawa Mortgage Bank Limited\",\"slug\":\"adamawa-mortgage-bank-limited-ng\",\"code\":\"90102\",\"longcode\":\"070030\",\"gateway\":null,\"pay_with_bank\":false,\"supports_transfer\":false,\"available_for_direct_debit\":false,\"active\":true,\"country\":\"Nigeria\",\"currency\":\"NGN\",\"type\":\"nuban\",\"is_deleted\":false,\"createdAt\":\"2026-02-22T23:42:28.000Z\",\"updatedAt\":\"2026-02-22T23:42:28.000Z\"},{\"id\":687,\"name\":\"Aella MFB\",\"slug\":\"aella-mfb-ng\",\"code\":\"50315\",\"longcode\":\"50315\",\"gateway\":null,\"pay_with_bank\":false,\"supports_transfer\":true,\"available_for_direct_debit\":false,\"active\":true,\"country\":\"Nigeria\",\"currency\":\"NGN\",\"type\":\"nuban\",\"is_deleted\":false,\"createdAt\":\"2023-03-09T08:11:06.000Z\",\"updatedAt\":\"2024-07-30T10:51:33.000Z\"},{\"id\":780,\"name\":\"AG Mortgage Bank\",\"slug\":\"ag-mortgage-bank-ng\",\"code\":\"90077\",\"longcode\":\"100028\",\"gateway\":null,\"pay_with_bank\":false,\"supports_transfer\":true,\"available_for_direct_debit\":false,\"active\":true,\"country\":\"Nigeria\",\"currency\":\"NGN\",\"type\":\"nuban\",\"is_deleted\":false,\"createdAt\":\"2024-06-07T13:28:00.000Z\",\"updatedAt\":\"2024-06-07T13:28:00.000Z\"},{\"id\":676,\"name\":\"Ahmadu Bello University Microfinance Bank\",\"slug\":\"ahmadu-bello-university-microfinance-bank-ng\",\"code\":\"50036\",\"longcode\":\"\",\"gateway\":null,\"pay_with_bank\":false,\"supports_transfer\":true,\"available_for_direct_debit\":false,\"active\":true,\"country\":\"Nigeria\",\"currency\":\"NGN\",\"type\":\"nuban\",\"is_deleted\":false,\"createdAt\":\"2022-11-14T13:35:42.000Z\",\"updatedAt\":\"2022-11-14T13:35:42.000Z\"},{\"id\":300,\"name\":\"Airtel Smartcash PSB\",\"slug\":\"airtel-smartcash-psb-ng\",\"code\":\"120004\",\"longcode\":\"120004\",\"gateway\":\"\",\"pay_with_bank\":false,\"supports_transfer\":true,\"available_for_direct_debit\":false,\"active\":true,\"country\":\"Nigeria\",\"currency\":\"NGN\",\"type\":\"nuban\",\"is_deleted\":false,\"createdAt\":\"2022-05-30T14:03:00.000Z\",\"updatedAt\":\"2022-05-31T06:58:22.000Z\"},{\"id\":698,\"name\":\"AKU Microfinance Bank\",\"slug\":\"aku-mfb\",\"code\":\"51336\",\"longcode\":\"\",\"gateway\":null,\"pay_with_bank\":false,\"supports_transfer\":true,\"available_for_direct_debit\":false,\"active\":true,\"country\":\"Nigeria\",\"currency\":\"NGN\",\"type\":\"nuban\",\"is_deleted\":false,\"createdAt\":\"2023-05-04T15:12:34.000Z\",\"updatedAt\":\"2023-05-04T15:12:34.000Z\"},{\"id\":497,\"name\":\"Akuchukwu Microfinance Bank Limited\",\"slug\":\"akuchukwu-microfinance-bank-limited-ng\",\"code\":\"090561\",\"longcode\":\"090561\",\"gateway\":\"emandate\",\"pay_with_bank\":false,\"supports_transfer\":true,\"available_for_direct_debit\":false,\"active\":true,\"country\":\"Nigeria\",\"currency\":\"NGN\",\"type\":\"nuban\",\"is_deleted\":false,\"createdAt\":\"2022-07-28T14:22:56.000Z\",\"updatedAt\":\"2023-11-03T12:09:37.000Z\"},{\"id\":872,\"name\":\"Al-Barakah Microfinance Bank\",\"slug\":\"al-barakah-microfinance-bank-ng\",\"code\":\"50055\",\"longcode\":\"090133\",\"gateway\":null,\"pay_with_bank\":false,\"supports_transfer\":true,\"available_for_direct_debit\":false,\"active\":true,\"country\":\"Nigeria\",\"currency\":\"NGN\",\"type\":\"nuban\",\"is_deleted\":false,\"createdAt\":\"2025-10-17T10:08:10.000Z\",\"updatedAt\":\"2025-10-17T10:08:10.000Z\"},{\"id\":27,\"name\":\"ALAT by WEMA\",\"slug\":\"alat-by-wema\",\"code\":\"035A\",\"longcode\":\"035150103\",\"gateway\":\"emandate\",\"pay_with_bank\":false,\"supports_transfer\":true,\"available_for_direct_debit\":false,\"active\":true,\"country\":\"Nigeria\",\"currency\":\"NGN\",\"type\":\"nuban\",\"is_deleted\":false,\"createdAt\":\"2017-11-15T12:21:31.000Z\",\"updatedAt\":\"2022-05-31T15:54:34.000Z\"},{\"id\":857,\"name\":\"Alpha Morgan Bank\",\"slug\":\"alpha-morgan\",\"code\":\"108\",\"longcode\":\"000041\",\"gateway\":null,\"pay_with_bank\":false,\"supports_transfer\":true,\"available_for_direct_debit\":false,\"active\":true,\"country\":\"Nigeria\",\"currency\":\"NGN\",\"type\":\"nuban\",\"is_deleted\":false,\"createdAt\":\"2025-06-16T10:33:05.000Z\",\"updatedAt\":\"2025-06-16T10:33:05.000Z\"},{\"id\":790,\"name\":\"Alternative bank\",\"slug\":\"the-alternative-bank-ng\",\"code\":\"000304\",\"longcode\":\"000304\",\"gateway\":null,\"pay_with_bank\":false,\"supports_transfer\":true,\"available_for_direct_debit\":false,\"active\":true,\"country\":\"Nigeria\",\"currency\":\"NGN\",\"type\":\"nuban\",\"is_deleted\":false,\"createdAt\":\"2024-08-06T12:31:06.000Z\",\"updatedAt\":\"2025-02-19T13:05:14.000Z\"},{\"id\":179,\"name\":\"Amju Unique MFB\",\"slug\":\"amju-unique-mfb\",\"code\":\"50926\",\"longcode\":\"511080896\",\"gateway\":null,\"pay_with_bank\":false,\"supports_transfer\":true,\"available_for_direct_debit\":false,\"active\":true,\"country\":\"Nigeria\",\"currency\":\"NGN\",\"type\":\"nuban\",\"is_deleted\":false,\"createdAt\":\"2021-07-07T13:45:57.000Z\",\"updatedAt\":\"2021-07-07T13:45:57.000Z\"},{\"id\":614,\"name\":\"Aramoko MFB\",\"slug\":\"aramoko-mfb\",\"code\":\"50083\",\"longcode\":\"\",\"gateway\":null,\"pay_with_bank\":false,\"supports_transfer\":true,\"available_for_direct_debit\":false,\"active\":true,\"country\":\"Nigeria\",\"currency\":\"NGN\",\"type\":\"nuban\",\"is_deleted\":false,\"createdAt\":\"2022-08-10T09:48:24.000Z\",\"updatedAt\":\"2022-08-10T09:48:24.000Z\"},{\"id\":63,\"name\":\"ASO Savings and Loans\",\"slug\":\"asosavings\",\"code\":\"401\",\"longcode\":\"\",\"gateway\":null,\"pay_with_bank\":false,\"supports_transfer\":true,\"available_for_direct_debit\":false,\"active\":true,\"country\":\"Nigeria\",\"currency\":\"NGN\",\"type\":\"nuban\",\"is_deleted\":false,\"createdAt\":\"2018-09-23T05:52:38.000Z\",\"updatedAt\":\"2019-01-30T09:38:57.000Z\"},{\"id\":793,\"name\":\"Assets Microfinance Bank\",\"slug\":\"assets-microfinance-bank-ng\",\"code\":\"50092\",\"longcode\":\"50092\",\"gateway\":null,\"pay_with_bank\":false,\"supports_transfer\":true,\"available_for_direct_debit\":false,\"active\":true,\"country\":\"Nigeria\",\"currency\":\"NGN\",\"type\":\"nuban\",\"is_deleted\":false,\"createdAt\":\"2024-08-21T11:36:11.000Z\",\"updatedAt\":\"2024-08-21T11:36:11.000Z\"},{\"id\":297,\"name\":\"Astrapolaris MFB LTD\",\"slug\":\"astrapolaris-mfb\",\"code\":\"MFB50094\",\"longcode\":\"\",\"gateway\":null,\"pay_with_bank\":false,\"supports_transfer\":true,\"available_for_direct_debit\":false,\"active\":true,\"country\":\"Nigeria\",\"currency\":\"NGN\",\"type\":\"nuban\",\"is_deleted\":false,\"createdAt\":\"2022-05-25T10:46:17.000Z\",\"updatedAt\":\"2022-05-25T10:46:17.000Z\"},{\"id\":759,\"name\":\"AVUENEGBE MICROFINANCE BANK\",\"slug\":\"avuenegbe-microfinance-bank-ng\",\"code\":\"090478\",\"longcode\":\"090478\",\"gateway\":\"\",\"pay_with_bank\":false,\"supports_transfer\":true,\"available_for_direct_debit\":false,\"active\":true,\"country\":\"Nigeria\",\"currency\":\"NGN\",\"type\":\"nuban\",\"is_deleted\":false,\"createdAt\":\"2023-12-30T06:19:20.000Z\",\"updatedAt\":\"2023-12-30T06:19:20.000Z\"},{\"id\":778,\"name\":\"AWACASH MICROFINANCE BANK\",\"slug\":\"awacash-microfinance-bank-ng\",\"code\":\"51351\",\"longcode\":\"51351\",\"gateway\":null,\"pay_with_bank\":false,\"supports_transfer\":true,\"available_for_direct_debit\":false,\"active\":true,\"country\":\"Nigeria\",\"currency\":\"NGN\",\"type\":\"nuban\",\"is_deleted\":false,\"createdAt\":\"2024-05-20T10:27:56.000Z\",\"updatedAt\":\"2024-05-20T10:27:56.000Z\"},{\"id\":796,\"name\":\"AZTEC MICROFINANCE BANK LIMITED\",\"slug\":\"aztec-microfinance-bank-limited-ng\",\"code\":\"51337\",\"longcode\":\"090540\",\"gateway\":null,\"pay_with_bank\":false,\"supports_transfer\":true,\"available_for_direct_debit\":false,\"active\":true,\"country\":\"Nigeria\",\"currency\":\"NGN\",\"type\":\"nuban\",\"is_deleted\":false,\"createdAt\":\"2024-08-28T14:36:20.000Z\",\"updatedAt\":\"2024-08-28T14:36:20.000Z\"},{\"id\":181,\"name\":\"Bainescredit MFB\",\"slug\":\"bainescredit-mfb\",\"code\":\"51229\",\"longcode\":\"\",\"gateway\":null,\"pay_with_bank\":false,\"supports_transfer\":true,\"available_for_direct_debit\":false,\"active\":true,\"country\":\"Nigeria\",\"currency\":\"NGN\",\"type\":\"nuban\",\"is_deleted\":false,\"createdAt\":\"2021-07-12T14:41:18.000Z\",\"updatedAt\":\"2021-07-12T14:41:18.000Z\"},{\"id\":686,\"name\":\"Banc Corp Microfinance Bank\",\"slug\":\"banc-corp-microfinance-bank-ng\",\"code\":\"50117\",\"longcode\":\"50117\",\"gateway\":\"\",\"pay_with_bank\":false,\"supports_transfer\":true,\"available_for_direct_debit\":false,\"active\":true,\"country\":\"Nigeria\",\"currency\":\"NGN\",\"type\":\"nuban\",\"is_deleted\":false,\"createdAt\":\"2023-03-06T15:39:58.000Z\",\"updatedAt\":\"2023-03-06T15:39:58.000Z\"},{\"id\":880,\"name\":\"Bank78 Microfinance Bank\",\"slug\":\"bank78-microfinance-bank-ng\",\"code\":\"11072\",\"longcode\":\"090866\",\"gateway\":null,\"pay_with_bank\":false,\"supports_transfer\":true,\"available_for_direct_debit\":false,\"active\":true,\"country\":\"Nigeria\",\"currency\":\"NGN\",\"type\":\"nuban\",\"is_deleted\":false,\"createdAt\":\"2025-12-09T10:54:45.000Z\",\"updatedAt\":\"2025-12-09T10:54:45.000Z\"},{\"id\":832,\"name\":\"BANKIT MICROFINANCE BANK LTD\",\"slug\":\"bankit-microfinance-bank-ltd-ng\",\"code\":\"50572\",\"longcode\":\"090275\",\"gateway\":null,\"pay_with_bank\":false,\"supports_transfer\":true,\"available_for_direct_debit\":false,\"active\":true,\"country\":\"Nigeria\",\"currency\":\"NGN\",\"type\":\"nuban\",\"is_deleted\":false,\"createdAt\":\"2025-04-02T13:12:36.000Z\",\"updatedAt\":\"2025-04-02T13:12:36.000Z\"},{\"id\":689,\"name\":\"BANKLY MFB\",\"slug\":\"ampersand-microfinance-bank-ng\",\"code\":\"51341\",\"longcode\":\"\",\"gateway\":\"\",\"pay_with_bank\":false,\"supports_transfer\":true,\"available_for_direct_debit\":false,\"active\":true,\"country\":\"Nigeria\",\"currency\":\"NGN\",\"type\":\"nuban\",\"is_deleted\":false,\"createdAt\":\"2023-03-23T11:11:40.000Z\",\"updatedAt\":\"2024-10-22T07:32:28.000Z\"},{\"id\":777,\"name\":\"Baobab Microfinance Bank\",\"slug\":\"baobab-microfinance-bank-ng\",\"code\":\"MFB50992\",\"longcode\":\"MFB50992\",\"gateway\":\"null\",\"pay_with_bank\":false,\"supports_transfer\":true,\"available_for_direct_debit\":false,\"active\":true,\"country\":\"Nigeria\",\"currency\":\"NGN\",\"type\":\"nuban\",\"is_deleted\":false,\"createdAt\":\"2024-05-08T09:06:52.000Z\",\"updatedAt\":\"2024-05-08T09:06:52.000Z\"},{\"id\":783,\"name\":\"BellBank Microfinance Bank\",\"slug\":\"bellbank-microfinance-bank-ng\",\"code\":\"51100\",\"longcode\":\"51100\",\"gateway\":null,\"pay_with_bank\":false,\"supports_transfer\":true,\"available_for_direct_debit\":false,\"active\":true,\"country\":\"Nigeria\",\"currency\":\"NGN\",\"type\":\"nuban\",\"is_deleted\":false,\"createdAt\":\"2024-07-02T11:56:37.000Z\",\"updatedAt\":\"2024-07-02T11:56:37.000Z\"},{\"id\":589,\"name\":\"Benysta Microfinance Bank Limited\",\"slug\":\"benysta-microfinance-bank-limited\",\"code\":\"51267\",\"longcode\":\"51267\",\"gateway\":\"emandate\",\"pay_with_bank\":false,\"supports_transfer\":true,\"available_for_direct_debit\":false,\"active\":true,\"country\":\"Nigeria\",\"currency\":\"NGN\",\"type\":\"nuban\",\"is_deleted\":false,\"createdAt\":\"2022-07-28T14:22:56.000Z\",\"updatedAt\":\"2024-07-04T11:12:27.000Z\"},{\"id\":886,\"name\":\"Berachah Microfinance Bank Ltd.\",\"slug\":\"berachah-microfinance-bank-ltd-ng\",\"code\":\"50122\",\"longcode\":\"090618\",\"gateway\":null,\"pay_with_bank\":false,\"supports_transfer\":true,\"available_for_direct_debit\":false,\"active\":true,\"country\":\"Nigeria\",\"currency\":\"NGN\",\"type\":\"nuban\",\"is_deleted\":false,\"createdAt\":\"2026-01-16T10:40:16.000Z\",\"updatedAt\":\"2026-01-16T10:40:16.000Z\"},{\"id\":771,\"name\":\"Beststar Microfinance Bank\",\"slug\":\"beststar-microfinance-bank-ng\",\"code\":\"50123\",\"longcode\":\"090615\",\"gateway\":null,\"pay_with_bank\":false,\"supports_transfer\":true,\"available_for_direct_debit\":false,\"active\":true,\"country\":\"Nigeria\",\"currency\":\"NGN\",\"type\":\"nuban\",\"is_deleted\":false,\"createdAt\":\"2024-01-26T08:55:14.000Z\",\"updatedAt\":\"2024-01-26T08:55:14.000Z\"},{\"id\":816,\"name\":\"BOLD MFB\",\"slug\":\"bold-mfb-ng\",\"code\":\"50725\",\"longcode\":\"090753\",\"gateway\":\"\",\"pay_with_bank\":false,\"supports_transfer\":true,\"available_for_direct_debit\":false,\"active\":true,\"country\":\"Nigeria\",\"currency\":\"NGN\",\"type\":\"nuban\",\"is_deleted\":false,\"createdAt\":\"2024-12-20T11:31:23.000Z\",\"updatedAt\":\"2024-12-20T14:06:12.000Z\"},{\"id\":815,\"name\":\"Bosak Microfinance Bank\",\"slug\":\"bosak-microfinance-bank-ng\",\"code\":\"650\",\"longcode\":\"650\",\"gateway\":null,\"pay_with_bank\":false,\"supports_transfer\":true,\"available_for_direct_debit\":false,\"active\":true,\"country\":\"Nigeria\",\"currency\":\"NGN\",\"type\":\"nuban\",\"is_deleted\":false,\"createdAt\":\"2024-12-16T12:21:26.000Z\",\"updatedAt\":\"2024-12-16T12:21:26.000Z\"},{\"id\":108,\"name\":\"Bowen Microfinance Bank\",\"slug\":\"bowen-microfinance-bank\",\"code\":\"50931\",\"longcode\":\"\",\"gateway\":null,\"pay_with_bank\":false,\"supports_transfer\":true,\"available_for_direct_debit\":false,\"active\":true,\"country\":\"Nigeria\",\"currency\":\"NGN\",\"type\":\"nuban\",\"is_deleted\":false,\"createdAt\":\"2020-02-11T15:38:57.000Z\",\"updatedAt\":\"2020-02-11T15:38:57.000Z\"},{\"id\":697,\"name\":\"Branch International Finance Company Limited\",\"slug\":\"branch\",\"code\":\"FC40163\",\"longcode\":\"\",\"gateway\":null,\"pay_with_bank\":false,\"supports_transfer\":true,\"available_for_direct_debit\":false,\"active\":true,\"country\":\"Nigeria\",\"currency\":\"NGN\",\"type\":\"nuban\",\"is_deleted\":false,\"createdAt\":\"2023-05-04T09:49:07.000Z\",\"updatedAt\":\"2024-10-23T10:37:58.000Z\"},{\"id\":867,\"name\":\"Brent Mortgage bank\",\"slug\":\"brent-mortgage-bank-ng\",\"code\":\"90070\",\"longcode\":\"070015\",\"gateway\":null,\"pay_with_bank\":false,\"supports_transfer\":true,\"available_for_direct_debit\":false,\"active\":true,\"country\":\"Nigeria\",\"currency\":\"NGN\",\"type\":\"nuban\",\"is_deleted\":false,\"createdAt\":\"2025-09-17T06:54:19.000Z\",\"updatedAt\":\"2025-09-17T06:54:19.000Z\"},{\"id\":817,\"name\":\"BuyPower MFB\",\"slug\":\"buypower-mfb-ng\",\"code\":\"50645\",\"longcode\":\"50645\",\"gateway\":\"\",\"pay_with_bank\":false,\"supports_transfer\":true,\"available_for_direct_debit\":false,\"active\":true,\"country\":\"Nigeria\",\"currency\":\"NGN\",\"type\":\"nuban\",\"is_deleted\":false,\"createdAt\":\"2025-01-13T12:40:37.000Z\",\"updatedAt\":\"2025-01-13T15:31:54.000Z\"},{\"id\":82,\"name\":\"Carbon\",\"slug\":\"carbon\",\"code\":\"565\",\"longcode\":\"\",\"gateway\":\"digitalbankmandate\",\"pay_with_bank\":false,\"supports_transfer\":true,\"available_for_direct_debit\":false,\"active\":true,\"country\":\"Nigeria\",\"currency\":\"NGN\",\"type\":\"nuban\",\"is_deleted\":false,\"createdAt\":\"2020-06-16T08:15:31.000Z\",\"updatedAt\":\"2025-03-10T13:42:25.000Z\"},{\"id\":781,\"name\":\"Cashbridge Microfinance Bank Limited\",\"slug\":\"cashbridge-mfb-ng\",\"code\":\"51353\",\"longcode\":\"51353\",\"gateway\":null,\"pay_with_bank\":false,\"supports_transfer\":true,\"available_for_direct_debit\":false,\"active\":true,\"country\":\"Nigeria\",\"currency\":\"NGN\",\"type\":\"nuban\",\"is_deleted\":false,\"createdAt\":\"2024-06-27T13:01:40.000Z\",\"updatedAt\":\"2024-06-27T13:01:40.000Z\"},{\"id\":692,\"name\":\"CASHCONNECT MFB\",\"slug\":\"cashconnect-mfb-ng\",\"code\":\"865\",\"longcode\":\"865\",\"gateway\":\"\",\"pay_with_bank\":false,\"supports_transfer\":true,\"available_for_direct_debit\":false,\"active\":true,\"country\":\"Nigeria\",\"currency\":\"NGN\",\"type\":\"nuban\",\"is_deleted\":false,\"createdAt\":\"2023-04-05T14:29:19.000Z\",\"updatedAt\":\"2023-04-05T14:29:19.000Z\"},{\"id\":74,\"name\":\"CEMCS Microfinance Bank\",\"slug\":\"cemcs-microfinance-bank\",\"code\":\"50823\",\"longcode\":\"\",\"gateway\":null,\"pay_with_bank\":false,\"supports_transfer\":true,\"available_for_direct_debit\":false,\"active\":true,\"country\":\"Nigeria\",\"currency\":\"NGN\",\"type\":\"nuban\",\"is_deleted\":false,\"createdAt\":\"2020-03-23T15:06:13.000Z\",\"updatedAt\":\"2020-03-23T15:06:28.000Z\"},{\"id\":284,\"name\":\"Chanelle Microfinance Bank Limited\",\"slug\":\"chanelle-microfinance-bank-limited-ng\",\"code\":\"50171\",\"longcode\":\"50171\",\"gateway\":\"\",\"pay_with_bank\":false,\"supports_transfer\":true,\"available_for_direct_debit\":false,\"active\":true,\"country\":\"Nigeria\",\"currency\":\"NGN\",\"type\":\"nuban\",\"is_deleted\":false,\"createdAt\":\"2022-02-10T13:28:38.000Z\",\"updatedAt\":\"2022-02-10T13:28:38.000Z\"},{\"id\":704,\"name\":\"Chikum Microfinance bank\",\"slug\":\"chikum-microfinance-bank-ng\",\"code\":\"312\",\"longcode\":\"null\",\"gateway\":null,\"pay_with_bank\":false,\"supports_transfer\":true,\"available_for_direct_debit\":false,\"active\":true,\"country\":\"Nigeria\",\"currency\":\"NGN\",\"type\":\"nuban\",\"is_deleted\":false,\"createdAt\":\"2023-07-03T11:21:07.000Z\",\"updatedAt\":\"2023-07-03T11:21:07.000Z\"},{\"id\":2,\"name\":\"Citibank Nigeria\",\"slug\":\"citibank-nigeria\",\"code\":\"023\",\"longcode\":\"023150005\",\"gateway\":null,\"pay_with_bank\":false,\"supports_transfer\":true,\"available_for_direct_debit\":true,\"active\":true,\"country\":\"Nigeria\",\"currency\":\"NGN\",\"type\":\"nuban\",\"is_deleted\":false,\"createdAt\":\"2016-07-14T10:04:29.000Z\",\"updatedAt\":\"2020-02-18T20:24:02.000Z\"},{\"id\":755,\"name\":\"CITYCODE MORTAGE BANK\",\"slug\":\"citycode-mortage-bank-ng\",\"code\":\"070027\",\"longcode\":\"070027\",\"gateway\":\"\",\"pay_with_bank\":false,\"supports_transfer\":true,\"available_for_direct_debit\":false,\"active\":true,\"country\":\"Nigeria\",\"currency\":\"NGN\",\"type\":\"nuban\",\"is_deleted\":false,\"createdAt\":\"2023-12-30T06:16:39.000Z\",\"updatedAt\":\"2023-12-30T06:16:39.000Z\"},{\"id\":691,\"name\":\"Consumer Microfinance Bank\",\"slug\":\"consumer-microfinance-bank-ng\",\"code\":\"50910\",\"longcode\":\"50910\",\"gateway\":null,\"pay_with_bank\":false,\"supports_transfer\":true,\"available_for_direct_debit\":false,\"active\":true,\"country\":\"Nigeria\",\"currency\":\"NGN\",\"type\":\"nuban\",\"is_deleted\":false,\"createdAt\":\"2023-03-28T06:18:02.000Z\",\"updatedAt\":\"2023-03-28T06:18:02.000Z\"},{\"id\":874,\"name\":\"Cool Microfinance Bank Limited\",\"slug\":\"cool-microfinance-bank-limited-ng\",\"code\":\"51458\",\"longcode\":\"090842\",\"gateway\":null,\"pay_with_bank\":false,\"supports_transfer\":true,\"available_for_direct_debit\":false,\"active\":true,\"country\":\"Nigeria\",\"currency\":\"NGN\",\"type\":\"nuban\",\"is_deleted\":false,\"createdAt\":\"2025-11-06T13:26:41.000Z\",\"updatedAt\":\"2025-11-06T13:26:41.000Z\"},{\"id\":895,\"name\":\"Cooperative Mortgage Bank\",\"slug\":\"cooperative-mortgage-bank-ng\",\"code\":\"90089\",\"longcode\":\"070021\",\"gateway\":null,\"pay_with_bank\":false,\"supports_transfer\":false,\"available_for_direct_debit\":false,\"active\":true,\"country\":\"Nigeria\",\"currency\":\"NGN\",\"type\":\"nuban\",\"is_deleted\":false,\"createdAt\":\"2026-02-16T14:02:24.000Z\",\"updatedAt\":\"2026-02-16T14:02:24.000Z\"},{\"id\":283,\"name\":\"Corestep MFB\",\"slug\":\"corestep-mfb\",\"code\":\"50204\",\"longcode\":\"\",\"gateway\":null,\"pay_with_bank\":false,\"supports_transfer\":true,\"available_for_direct_debit\":false,\"active\":true,\"country\":\"Nigeria\",\"currency\":\"NGN\",\"type\":\"nuban\",\"is_deleted\":false,\"createdAt\":\"2022-02-09T14:33:06.000Z\",\"updatedAt\":\"2022-02-09T14:33:06.000Z\"},{\"id\":173,\"name\":\"Coronation Merchant Bank\",\"slug\":\"coronation-merchant-bank-ng\",\"code\":\"559\",\"longcode\":\"\",\"gateway\":null,\"pay_with_bank\":false,\"supports_transfer\":true,\"available_for_direct_debit\":false,\"active\":true,\"country\":\"Nigeria\",\"currency\":\"NGN\",\"type\":\"nuban\",\"is_deleted\":false,\"createdAt\":\"2020-11-24T10:25:07.000Z\",\"updatedAt\":\"2023-05-04T06:49:08.000Z\"},{\"id\":694,\"name\":\"County Finance Limited\",\"slug\":\"county-finance-limited\",\"code\":\"FC40128\",\"longcode\":\"\",\"gateway\":null,\"pay_with_bank\":false,\"supports_transfer\":true,\"available_for_direct_debit\":false,\"active\":true,\"country\":\"Nigeria\",\"currency\":\"NGN\",\"type\":\"nuban\",\"is_deleted\":false,\"createdAt\":\"2023-04-26T14:24:23.000Z\",\"updatedAt\":\"2023-04-26T14:24:23.000Z\"},{\"id\":829,\"name\":\"Credit Direct Limited\",\"slug\":\"credit-direct-limited-ng\",\"code\":\"40119\",\"longcode\":\"110049\",\"gateway\":null,\"pay_with_bank\":false,\"supports_transfer\":true,\"available_for_direct_debit\":false,\"active\":true,\"country\":\"Nigeria\",\"currency\":\"NGN\",\"type\":\"nuban\",\"is_deleted\":false,\"createdAt\":\"2025-03-15T18:14:25.000Z\",\"updatedAt\":\"2025-03-15T18:14:25.000Z\"},{\"id\":366,\"name\":\"Crescent MFB\",\"slug\":\"crescent-mfb\",\"code\":\"51297\",\"longcode\":\"\",\"gateway\":null,\"pay_with_bank\":false,\"supports_transfer\":true,\"available_for_direct_debit\":false,\"active\":true,\"country\":\"Nigeria\",\"currency\":\"NGN\",\"type\":\"nuban\",\"is_deleted\":false,\"createdAt\":\"2022-07-18T12:39:03.000Z\",\"updatedAt\":\"2022-07-18T12:39:03.000Z\"},{\"id\":634,\"name\":\"Crust Microfinance Bank\",\"slug\":\"crust-microfinance-bank-ng\",\"code\":\"090560\",\"longcode\":\"\",\"gateway\":\"\",\"pay_with_bank\":false,\"supports_transfer\":true,\"available_for_direct_debit\":false,\"active\":true,\"country\":\"Nigeria\",\"currency\":\"NGN\",\"type\":\"nuban\",\"is_deleted\":false,\"createdAt\":\"2022-09-22T09:14:25.000Z\",\"updatedAt\":\"2023-12-12T15:46:28.000Z\"},{\"id\":820,\"name\":\"CRUTECH MICROFINANCE BANK LTD\",\"slug\":\"crutech-microfinance-bank-ltd-ng\",\"code\":\"50216\",\"longcode\":\"090414\",\"gateway\":\"\",\"pay_with_bank\":false,\"supports_transfer\":true,\"available_for_direct_debit\":false,\"active\":true,\"country\":\"Nigeria\",\"currency\":\"NGN\",\"type\":\"nuban\",\"is_deleted\":false,\"createdAt\":\"2025-01-24T12:05:13.000Z\",\"updatedAt\":\"2025-04-15T15:27:51.000Z\"},{\"id\":865,\"name\":\"Dash Microfinance Bank\",\"slug\":\"dash-microfinance-bank-ng\",\"code\":\"51368\",\"longcode\":\"090845\",\"gateway\":null,\"pay_with_bank\":false,\"supports_transfer\":true,\"available_for_direct_debit\":false,\"active\":true,\"country\":\"Nigeria\",\"currency\":\"NGN\",\"type\":\"nuban\",\"is_deleted\":false,\"createdAt\":\"2025-09-12T15:03:26.000Z\",\"updatedAt\":\"2025-09-12T15:03:26.000Z\"},{\"id\":738,\"name\":\"Davenport MICROFINANCE BANK\",\"slug\":\"davenport-microfinance-bank-ng\",\"code\":\"51334\",\"longcode\":\"51334\",\"gateway\":\"\",\"pay_with_bank\":false,\"supports_transfer\":true,\"available_for_direct_debit\":false,\"active\":true,\"country\":\"Nigeria\",\"currency\":\"NGN\",\"type\":\"nuban\",\"is_deleted\":false,\"createdAt\":\"2023-11-20T13:30:56.000Z\",\"updatedAt\":\"2023-11-20T13:30:56.000Z\"},{\"id\":860,\"name\":\"Dillon Microfinance Bank\",\"slug\":\"dillon-microfinance-bank-ng\",\"code\":\"51450\",\"longcode\":\"09828\",\"gateway\":null,\"pay_with_bank\":false,\"supports_transfer\":true,\"available_for_direct_debit\":false,\"active\":true,\"country\":\"Nigeria\",\"currency\":\"NGN\",\"type\":\"nuban\",\"is_deleted\":false,\"createdAt\":\"2025-07-31T15:52:51.000Z\",\"updatedAt\":\"2025-07-31T15:52:51.000Z\"},{\"id\":637,\"name\":\"Dot Microfinance Bank\",\"slug\":\"dot-microfinance-bank-ng\",\"code\":\"50162\",\"longcode\":\"\",\"gateway\":null,\"pay_with_bank\":false,\"supports_transfer\":true,\"available_for_direct_debit\":false,\"active\":true,\"country\":\"Nigeria\",\"currency\":\"NGN\",\"type\":\"nuban\",\"is_deleted\":false,\"createdAt\":\"2022-11-03T14:39:09.000Z\",\"updatedAt\":\"2022-11-03T14:39:09.000Z\"},{\"id\":821,\"name\":\"EBSU Microfinance Bank\",\"slug\":\"ebsu-microfinance-bank-ng\",\"code\":\"50922\",\"longcode\":\"090427\",\"gateway\":null,\"pay_with_bank\":false,\"supports_transfer\":true,\"available_for_direct_debit\":false,\"active\":true,\"country\":\"Nigeria\",\"currency\":\"NGN\",\"type\":\"nuban\",\"is_deleted\":false,\"createdAt\":\"2025-02-10T13:06:52.000Z\",\"updatedAt\":\"2025-02-10T13:06:52.000Z\"},{\"id\":4,\"name\":\"Ecobank Nigeria\",\"slug\":\"ecobank-nigeria\",\"code\":\"050\",\"longcode\":\"050150010\",\"gateway\":null,\"pay_with_bank\":false,\"supports_transfer\":true,\"available_for_direct_debit\":true,\"active\":true,\"country\":\"Nigeria\",\"currency\":\"NGN\",\"type\":\"nuban\",\"is_deleted\":false,\"createdAt\":\"2016-07-14T10:04:29.000Z\",\"updatedAt\":\"2020-02-18T20:23:53.000Z\"},{\"id\":628,\"name\":\"Ekimogun MFB\",\"slug\":\"ekimogun-mfb-ng\",\"code\":\"50263\",\"longcode\":\"\",\"gateway\":null,\"pay_with_bank\":false,\"supports_transfer\":true,\"available_for_direct_debit\":false,\"active\":true,\"country\":\"Nigeria\",\"currency\":\"NGN\",\"type\":\"nuban\",\"is_deleted\":false,\"createdAt\":\"2022-08-31T08:26:39.000Z\",\"updatedAt\":\"2022-08-31T08:26:39.000Z\"},{\"id\":64,\"name\":\"Ekondo Microfinance Bank\",\"slug\":\"ekondo-microfinance-bank-ng\",\"code\":\"098\",\"longcode\":\"\",\"gateway\":null,\"pay_with_bank\":false,\"supports_transfer\":true,\"available_for_direct_debit\":false,\"active\":true,\"country\":\"Nigeria\",\"currency\":\"NGN\",\"type\":\"nuban\",\"is_deleted\":false,\"createdAt\":\"2018-09-23T05:55:06.000Z\",\"updatedAt\":\"2022-09-21T15:09:51.000Z\"},{\"id\":761,\"name\":\"EXCEL FINANCE BANK\",\"slug\":\"excel-finance-bank-ng\",\"code\":\"090678\",\"longcode\":\"090678\",\"gateway\":\"\",\"pay_with_bank\":false,\"supports_transfer\":true,\"available_for_direct_debit\":false,\"active\":true,\"country\":\"Nigeria\",\"currency\":\"NGN\",\"type\":\"nuban\",\"is_deleted\":false,\"createdAt\":\"2023-12-30T06:19:49.000Z\",\"updatedAt\":\"2023-12-30T06:19:49.000Z\"},{\"id\":167,\"name\":\"Eyowo\",\"slug\":\"eyowo\",\"code\":\"50126\",\"longcode\":\"\",\"gateway\":null,\"pay_with_bank\":false,\"supports_transfer\":true,\"available_for_direct_debit\":false,\"active\":true,\"country\":\"Nigeria\",\"currency\":\"NGN\",\"type\":\"nuban\",\"is_deleted\":false,\"createdAt\":\"2020-09-07T13:52:22.000Z\",\"updatedAt\":\"2020-11-24T10:03:21.000Z\"},{\"id\":677,\"name\":\"Fairmoney Microfinance Bank\",\"slug\":\"fairmoney-microfinance-bank-ng\",\"code\":\"51318\",\"longcode\":\"\",\"gateway\":null,\"pay_with_bank\":false,\"supports_transfer\":true,\"available_for_direct_debit\":false,\"active\":true,\"country\":\"Nigeria\",\"currency\":\"NGN\",\"type\":\"nuban\",\"is_deleted\":false,\"createdAt\":\"2022-11-15T12:33:47.000Z\",\"updatedAt\":\"2022-11-15T12:37:44.000Z\"},{\"id\":898,\"name\":\"FCMB MFB\",\"slug\":\"fcmb-mfb-ng\",\"code\":\"51241\",\"longcode\":\"51241\",\"gateway\":null,\"pay_with_bank\":false,\"supports_transfer\":true,\"available_for_direct_debit\":false,\"active\":true,\"country\":\"Nigeria\",\"currency\":\"NGN\",\"type\":\"nuban\",\"is_deleted\":false,\"createdAt\":\"2026-02-23T16:51:37.000Z\",\"updatedAt\":\"2026-02-23T16:51:37.000Z\"},{\"id\":767,\"name\":\"Fedeth MFB\",\"slug\":\"fedeth-mfb-ng\",\"code\":\"50298\",\"longcode\":\"090482\",\"gateway\":null,\"pay_with_bank\":false,\"supports_transfer\":true,\"available_for_direct_debit\":false,\"active\":true,\"country\":\"Nigeria\",\"currency\":\"NGN\",\"type\":\"nuban\",\"is_deleted\":false,\"createdAt\":\"2024-01-04T14:09:56.000Z\",\"updatedAt\":\"2024-01-04T14:09:56.000Z\"},{\"id\":6,\"name\":\"Fidelity Bank\",\"slug\":\"fidelity-bank\",\"code\":\"070\",\"longcode\":\"070150003\",\"gateway\":\"emandate\",\"pay_with_bank\":false,\"supports_transfer\":true,\"available_for_direct_debit\":true,\"active\":true,\"country\":\"Nigeria\",\"currency\":\"NGN\",\"type\":\"nuban\",\"is_deleted\":false,\"createdAt\":\"2016-07-14T10:04:29.000Z\",\"updatedAt\":\"2021-08-27T09:15:29.000Z\"},{\"id\":177,\"name\":\"Firmus MFB\",\"slug\":\"firmus-mfb\",\"code\":\"51314\",\"longcode\":\"\",\"gateway\":null,\"pay_with_bank\":false,\"supports_transfer\":true,\"available_for_direct_debit\":false,\"active\":true,\"country\":\"Nigeria\",\"currency\":\"NGN\",\"type\":\"nuban\",\"is_deleted\":false,\"createdAt\":\"2021-06-01T15:33:26.000Z\",\"updatedAt\":\"2021-06-01T15:33:26.000Z\"},{\"id\":7,\"name\":\"First Bank of Nigeria\",\"slug\":\"first-bank-of-nigeria\",\"code\":\"011\",\"longcode\":\"011151003\",\"gateway\":\"ibank\",\"pay_with_bank\":false,\"supports_transfer\":true,\"available_for_direct_debit\":true,\"active\":true,\"country\":\"Nigeria\",\"currency\":\"NGN\",\"type\":\"nuban\",\"is_deleted\":false,\"createdAt\":\"2016-07-14T10:04:29.000Z\",\"updatedAt\":\"2021-03-25T14:22:52.000Z\"},{\"id\":8,\"name\":\"First City Monument Bank\",\"slug\":\"first-city-monument-bank\",\"code\":\"214\",\"longcode\":\"214150018\",\"gateway\":\"emandate\",\"pay_with_bank\":false,\"supports_transfer\":true,\"available_for_direct_debit\":true,\"active\":true,\"country\":\"Nigeria\",\"currency\":\"NGN\",\"type\":\"nuban\",\"is_deleted\":false,\"createdAt\":\"2016-07-14T10:04:29.000Z\",\"updatedAt\":\"2020-02-18T08:06:46.000Z\"},{\"id\":893,\"name\":\"First Option MFB\",\"slug\":\"first-option-mfb-ng\",\"code\":\"50934\",\"longcode\":\"090285\",\"gateway\":null,\"pay_with_bank\":false,\"supports_transfer\":false,\"available_for_direct_debit\":false,\"active\":true,\"country\":\"Nigeria\",\"currency\":\"NGN\",\"type\":\"nuban\",\"is_deleted\":false,\"createdAt\":\"2026-02-13T15:44:27.000Z\",\"updatedAt\":\"2026-02-13T15:44:27.000Z\"},{\"id\":757,\"name\":\"FIRST ROYAL MICROFINANCE BANK\",\"slug\":\"first-royal-microfinance-bank-ng\",\"code\":\"090164\",\"longcode\":\"090164\",\"gateway\":\"\",\"pay_with_bank\":false,\"supports_transfer\":true,\"available_for_direct_debit\":false,\"active\":true,\"country\":\"Nigeria\",\"currency\":\"NGN\",\"type\":\"nuban\",\"is_deleted\":false,\"createdAt\":\"2023-12-30T06:18:48.000Z\",\"updatedAt\":\"2023-12-30T06:18:48.000Z\"},{\"id\":812,\"name\":\"FIRSTMIDAS MFB\",\"slug\":\"firstmidas-mfb-ng\",\"code\":\"51333\",\"longcode\":\"090575\",\"gateway\":null,\"pay_with_bank\":false,\"supports_transfer\":true,\"available_for_direct_debit\":false,\"active\":true,\"country\":\"Nigeria\",\"currency\":\"NGN\",\"type\":\"nuban\",\"is_deleted\":false,\"createdAt\":\"2024-12-04T15:04:19.000Z\",\"updatedAt\":\"2024-12-04T15:04:19.000Z\"},{\"id\":682,\"name\":\"FirstTrust Mortgage Bank Nigeria\",\"slug\":\"firsttrust-mortgage-bank-nigeria-ng\",\"code\":\"413\",\"longcode\":\"\",\"gateway\":null,\"pay_with_bank\":false,\"supports_transfer\":true,\"available_for_direct_debit\":false,\"active\":true,\"country\":\"Nigeria\",\"currency\":\"NGN\",\"type\":\"nuban\",\"is_deleted\":false,\"createdAt\":\"2023-02-17T12:12:37.000Z\",\"updatedAt\":\"2023-06-15T16:21:12.000Z\"},{\"id\":882,\"name\":\"Fortress MFB\",\"slug\":\"fortress-mfb-ng\",\"code\":\"D53\",\"longcode\":\"090486\",\"gateway\":null,\"pay_with_bank\":false,\"supports_transfer\":true,\"available_for_direct_debit\":false,\"active\":true,\"country\":\"Nigeria\",\"currency\":\"NGN\",\"type\":\"nuban\",\"is_deleted\":false,\"createdAt\":\"2025-12-29T09:17:21.000Z\",\"updatedAt\":\"2025-12-29T09:17:21.000Z\"},{\"id\":112,\"name\":\"FSDH Merchant Bank Limited\",\"slug\":\"fsdh-merchant-bank-limited\",\"code\":\"501\",\"longcode\":\"\",\"gateway\":null,\"pay_with_bank\":false,\"supports_transfer\":true,\"available_for_direct_debit\":false,\"active\":true,\"country\":\"Nigeria\",\"currency\":\"NGN\",\"type\":\"nuban\",\"is_deleted\":false,\"createdAt\":\"2020-08-20T09:37:04.000Z\",\"updatedAt\":\"2020-11-24T10:03:22.000Z\"},{\"id\":716,\"name\":\"FUTMINNA MICROFINANCE BANK\",\"slug\":\"futminna-microfinance-bank-ng\",\"code\":\"832\",\"longcode\":\"832\",\"gateway\":\"\",\"pay_with_bank\":false,\"supports_transfer\":true,\"available_for_direct_debit\":false,\"active\":true,\"country\":\"Nigeria\",\"currency\":\"NGN\",\"type\":\"nuban\",\"is_deleted\":false,\"createdAt\":\"2023-10-11T13:24:17.000Z\",\"updatedAt\":\"2023-10-11T13:24:17.000Z\"},{\"id\":794,\"name\":\"Garun Mallam MFB\",\"slug\":\"garun-mallam-mfb-ng\",\"code\":\"MFB51093\",\"longcode\":\"MFB51093\",\"gateway\":null,\"pay_with_bank\":false,\"supports_transfer\":true,\"available_for_direct_debit\":false,\"active\":true,\"country\":\"Nigeria\",\"currency\":\"NGN\",\"type\":\"nuban\",\"is_deleted\":false,\"createdAt\":\"2024-08-23T09:24:06.000Z\",\"updatedAt\":\"2024-08-23T09:24:06.000Z\"},{\"id\":287,\"name\":\"Gateway Mortgage Bank LTD\",\"slug\":\"gateway-mortgage-bank\",\"code\":\"812\",\"longcode\":\"\",\"gateway\":null,\"pay_with_bank\":false,\"supports_transfer\":true,\"available_for_direct_debit\":false,\"active\":true,\"country\":\"Nigeria\",\"currency\":\"NGN\",\"type\":\"nuban\",\"is_deleted\":false,\"createdAt\":\"2022-02-24T06:04:39.000Z\",\"updatedAt\":\"2022-02-24T06:04:39.000Z\"},{\"id\":70,\"name\":\"Globus Bank\",\"slug\":\"globus-bank\",\"code\":\"00103\",\"longcode\":\"103015001\",\"gateway\":null,\"pay_with_bank\":false,\"supports_transfer\":true,\"available_for_direct_debit\":true,\"active\":true,\"country\":\"Nigeria\",\"currency\":\"NGN\",\"type\":\"nuban\",\"is_deleted\":false,\"createdAt\":\"2020-02-11T15:38:57.000Z\",\"updatedAt\":\"2020-02-11T15:38:57.000Z\"},{\"id\":769,\"name\":\"Goldman MFB\",\"slug\":\"goldman-mfb-ng\",\"code\":\"090574\",\"longcode\":\"950356\",\"gateway\":null,\"pay_with_bank\":false,\"supports_transfer\":true,\"available_for_direct_debit\":false,\"active\":true,\"country\":\"Nigeria\",\"currency\":\"NGN\",\"type\":\"nuban\",\"is_deleted\":false,\"createdAt\":\"2024-01-12T10:05:20.000Z\",\"updatedAt\":\"2024-01-12T10:05:20.000Z\"},{\"id\":183,\"name\":\"GoMoney\",\"slug\":\"gomoney\",\"code\":\"100022\",\"longcode\":\"\",\"gateway\":null,\"pay_with_bank\":false,\"supports_transfer\":true,\"available_for_direct_debit\":false,\"active\":true,\"country\":\"Nigeria\",\"currency\":\"NGN\",\"type\":\"nuban\",\"is_deleted\":false,\"createdAt\":\"2021-08-04T11:49:46.000Z\",\"updatedAt\":\"2021-11-12T13:32:14.000Z\"},{\"id\":756,\"name\":\"GOOD SHEPHERD MICROFINANCE BANK\",\"slug\":\"good-shepherd-microfinance-bank-ng\",\"code\":\"090664\",\"longcode\":\"090664\",\"gateway\":\"\",\"pay_with_bank\":false,\"supports_transfer\":true,\"available_for_direct_debit\":false,\"active\":true,\"country\":\"Nigeria\",\"currency\":\"NGN\",\"type\":\"nuban\",\"is_deleted\":false,\"createdAt\":\"2023-12-30T06:16:56.000Z\",\"updatedAt\":\"2023-12-30T06:16:56.000Z\"},{\"id\":635,\"name\":\"Goodnews Microfinance Bank\",\"slug\":\"goodnews-microfinance-bank-ng\",\"code\":\"50739\",\"longcode\":\"\",\"gateway\":null,\"pay_with_bank\":false,\"supports_transfer\":true,\"available_for_direct_debit\":false,\"active\":true,\"country\":\"Nigeria\",\"currency\":\"NGN\",\"type\":\"nuban\",\"is_deleted\":false,\"createdAt\":\"2022-09-29T09:14:18.000Z\",\"updatedAt\":\"2022-10-18T14:59:07.000Z\"},{\"id\":633,\"name\":\"Greenwich Merchant Bank\",\"slug\":\"greenwich-merchant-bank-ng\",\"code\":\"562\",\"longcode\":\"\",\"gateway\":null,\"pay_with_bank\":false,\"supports_transfer\":true,\"available_for_direct_debit\":false,\"active\":true,\"country\":\"Nigeria\",\"currency\":\"NGN\",\"type\":\"nuban\",\"is_deleted\":false,\"createdAt\":\"2022-09-16T15:23:58.000Z\",\"updatedAt\":\"2022-09-16T15:23:58.000Z\"},{\"id\":789,\"name\":\"GROOMING MICROFINANCE BANK\",\"slug\":\"grooming-microfinance-bank-ng\",\"code\":\"51276\",\"longcode\":\"51276\",\"gateway\":null,\"pay_with_bank\":false,\"supports_transfer\":true,\"available_for_direct_debit\":false,\"active\":true,\"country\":\"Nigeria\",\"currency\":\"NGN\",\"type\":\"nuban\",\"is_deleted\":false,\"createdAt\":\"2024-08-06T10:52:30.000Z\",\"updatedAt\":\"2024-08-06T10:52:30.000Z\"},{\"id\":824,\"name\":\"GTI MFB\",\"slug\":\"gti-mfb-ng\",\"code\":\"50368\",\"longcode\":\"090385\",\"gateway\":null,\"pay_with_bank\":false,\"supports_transfer\":true,\"available_for_direct_debit\":false,\"active\":true,\"country\":\"Nigeria\",\"currency\":\"NGN\",\"type\":\"nuban\",\"is_deleted\":false,\"createdAt\":\"2025-02-18T09:16:52.000Z\",\"updatedAt\":\"2025-02-18T09:16:52.000Z\"},{\"id\":9,\"name\":\"Guaranty Trust Bank\",\"slug\":\"guaranty-trust-bank\",\"code\":\"058\",\"longcode\":\"058152036\",\"gateway\":\"ibank\",\"pay_with_bank\":false,\"supports_transfer\":true,\"available_for_direct_debit\":false,\"active\":true,\"country\":\"Nigeria\",\"currency\":\"NGN\",\"type\":\"nuban\",\"is_deleted\":false,\"createdAt\":\"2016-07-14T10:04:29.000Z\",\"updatedAt\":\"2024-11-14T12:30:43.000Z\"},{\"id\":111,\"name\":\"Hackman Microfinance Bank\",\"slug\":\"hackman-microfinance-bank\",\"code\":\"51251\",\"longcode\":\"\",\"gateway\":null,\"pay_with_bank\":false,\"supports_transfer\":true,\"available_for_direct_debit\":false,\"active\":true,\"country\":\"Nigeria\",\"currency\":\"NGN\",\"type\":\"nuban\",\"is_deleted\":false,\"createdAt\":\"2020-08-20T09:32:48.000Z\",\"updatedAt\":\"2020-11-24T10:03:24.000Z\"},{\"id\":81,\"name\":\"Hasal Microfinance Bank\",\"slug\":\"hasal-microfinance-bank\",\"code\":\"50383\",\"longcode\":\"\",\"gateway\":null,\"pay_with_bank\":false,\"supports_transfer\":true,\"available_for_direct_debit\":false,\"active\":true,\"country\":\"Nigeria\",\"currency\":\"NGN\",\"type\":\"nuban\",\"is_deleted\":false,\"createdAt\":\"2020-02-11T15:38:57.000Z\",\"updatedAt\":\"2020-02-11T15:38:57.000Z\"},{\"id\":877,\"name\":\"Hayat Trust MFB\",\"slug\":\"hayat-trust-mfb-ng\",\"code\":\"51364\",\"longcode\":\"090777\",\"gateway\":null,\"pay_with_bank\":false,\"supports_transfer\":true,\"available_for_direct_debit\":false,\"active\":true,\"country\":\"Nigeria\",\"currency\":\"NGN\",\"type\":\"nuban\",\"is_deleted\":false,\"createdAt\":\"2025-11-10T12:34:01.000Z\",\"updatedAt\":\"2025-11-10T12:34:01.000Z\"},{\"id\":301,\"name\":\"HopePSB\",\"slug\":\"hopepsb-ng\",\"code\":\"120002\",\"longcode\":\"120002\",\"gateway\":\"\",\"pay_with_bank\":false,\"supports_transfer\":true,\"available_for_direct_debit\":false,\"active\":true,\"country\":\"Nigeria\",\"currency\":\"NGN\",\"type\":\"nuban\",\"is_deleted\":false,\"createdAt\":\"2022-05-30T14:03:18.000Z\",\"updatedAt\":\"2022-05-30T14:03:18.000Z\"},{\"id\":75,\"name\":\"IBANK Microfinance Bank\",\"slug\":\"IBANK-mfb\",\"code\":\"51211\",\"longcode\":\"090115\",\"gateway\":null,\"pay_with_bank\":false,\"supports_transfer\":true,\"available_for_direct_debit\":false,\"active\":true,\"country\":\"Nigeria\",\"currency\":\"NGN\",\"type\":\"nuban\",\"is_deleted\":false,\"createdAt\":\"2020-04-03T09:34:35.000Z\",\"updatedAt\":\"2024-07-22T11:59:33.000Z\"},{\"id\":828,\"name\":\"IBBU MFB\",\"slug\":\"ibbu-mfb-ng\",\"code\":\"51279\",\"longcode\":\"51279\",\"gateway\":\"\",\"pay_with_bank\":false,\"supports_transfer\":true,\"available_for_direct_debit\":false,\"active\":true,\"country\":\"Nigeria\",\"currency\":\"NGN\",\"type\":\"nuban\",\"is_deleted\":false,\"createdAt\":\"2025-03-13T11:07:50.000Z\",\"updatedAt\":\"2025-03-13T11:07:50.000Z\"},{\"id\":168,\"name\":\"Ibile Microfinance Bank\",\"slug\":\"ibile-mfb\",\"code\":\"51244\",\"longcode\":\"\",\"gateway\":null,\"pay_with_bank\":false,\"supports_transfer\":true,\"available_for_direct_debit\":false,\"active\":true,\"country\":\"Nigeria\",\"currency\":\"NGN\",\"type\":\"nuban\",\"is_deleted\":false,\"createdAt\":\"2020-10-21T10:54:20.000Z\",\"updatedAt\":\"2020-10-21T10:54:33.000Z\"},{\"id\":859,\"name\":\"Ibom Mortgage Bank\",\"slug\":\"ibom-mortgage-bank-ng\",\"code\":\"90012\",\"longcode\":\"070025\",\"gateway\":null,\"pay_with_bank\":false,\"supports_transfer\":true,\"available_for_direct_debit\":false,\"active\":true,\"country\":\"Nigeria\",\"currency\":\"NGN\",\"type\":\"nuban\",\"is_deleted\":false,\"createdAt\":\"2025-07-31T11:20:09.000Z\",\"updatedAt\":\"2025-07-31T11:20:09.000Z\"},{\"id\":615,\"name\":\"Ikoyi Osun MFB\",\"slug\":\"ikoyi-osun-mfb\",\"code\":\"50439\",\"longcode\":\"\",\"gateway\":null,\"pay_with_bank\":false,\"supports_transfer\":true,\"available_for_direct_debit\":false,\"active\":true,\"country\":\"Nigeria\",\"currency\":\"NGN\",\"type\":\"nuban\",\"is_deleted\":false,\"createdAt\":\"2022-08-10T09:48:24.000Z\",\"updatedAt\":\"2022-08-10T09:48:24.000Z\"},{\"id\":636,\"name\":\"Ilaro Poly Microfinance Bank\",\"slug\":\"ilaro-poly-microfinance-bank-ng\",\"code\":\"50442\",\"longcode\":\"\",\"gateway\":null,\"pay_with_bank\":false,\"supports_transfer\":true,\"available_for_direct_debit\":false,\"active\":true,\"country\":\"Nigeria\",\"currency\":\"NGN\",\"type\":\"nuban\",\"is_deleted\":false,\"createdAt\":\"2022-10-12T09:15:26.000Z\",\"updatedAt\":\"2022-10-12T09:15:26.000Z\"},{\"id\":703,\"name\":\"Imowo MFB\",\"slug\":\"imowo-mfb-ng\",\"code\":\"50453\",\"longcode\":\"50453\",\"gateway\":null,\"pay_with_bank\":false,\"supports_transfer\":true,\"available_for_direct_debit\":false,\"active\":true,\"country\":\"Nigeria\",\"currency\":\"NGN\",\"type\":\"nuban\",\"is_deleted\":false,\"createdAt\":\"2023-06-26T13:50:15.000Z\",\"updatedAt\":\"2023-06-26T13:50:15.000Z\"},{\"id\":754,\"name\":\"IMPERIAL HOMES MORTAGE BANK\",\"slug\":\"imperial-homes-mortage-bank-ng\",\"code\":\"415\",\"longcode\":\"100024\",\"gateway\":\"\",\"pay_with_bank\":false,\"supports_transfer\":true,\"available_for_direct_debit\":false,\"active\":true,\"country\":\"Nigeria\",\"currency\":\"NGN\",\"type\":\"nuban\",\"is_deleted\":false,\"createdAt\":\"2023-12-30T05:53:07.000Z\",\"updatedAt\":\"2024-02-12T15:49:56.000Z\"},{\"id\":858,\"name\":\"INDULGE MFB\",\"slug\":\"indulge-mfb-ng\",\"code\":\"51392\",\"longcode\":\"090772\",\"gateway\":null,\"pay_with_bank\":false,\"supports_transfer\":true,\"available_for_direct_debit\":false,\"active\":true,\"country\":\"Nigeria\",\"currency\":\"NGN\",\"type\":\"nuban\",\"is_deleted\":false,\"createdAt\":\"2025-07-31T08:43:41.000Z\",\"updatedAt\":\"2025-07-31T08:43:41.000Z\"},{\"id\":892,\"name\":\"INEBA GOGO MFB\",\"slug\":\"ineba-gogo-mfb-ng\",\"code\":\"51462\",\"longcode\":\"090838\",\"gateway\":null,\"pay_with_bank\":false,\"supports_transfer\":false,\"available_for_direct_debit\":false,\"active\":true,\"country\":\"Nigeria\",\"currency\":\"NGN\",\"type\":\"nuban\",\"is_deleted\":false,\"createdAt\":\"2026-02-04T07:53:36.000Z\",\"updatedAt\":\"2026-02-04T07:53:36.000Z\"},{\"id\":172,\"name\":\"Infinity MFB\",\"slug\":\"infinity-mfb\",\"code\":\"50457\",\"longcode\":\"\",\"gateway\":null,\"pay_with_bank\":false,\"supports_transfer\":true,\"available_for_direct_debit\":false,\"active\":true,\"country\":\"Nigeria\",\"currency\":\"NGN\",\"type\":\"nuban\",\"is_deleted\":false,\"createdAt\":\"2020-11-24T10:23:37.000Z\",\"updatedAt\":\"2020-11-24T10:23:37.000Z\"},{\"id\":822,\"name\":\"Infinity trust  Mortgage Bank\",\"slug\":\"infinity-trust-mortgage-bank-ng\",\"code\":\"070016\",\"longcode\":\"070016\",\"gateway\":\"\",\"pay_with_bank\":false,\"supports_transfer\":true,\"available_for_direct_debit\":false,\"active\":true,\"country\":\"Nigeria\",\"currency\":\"NGN\",\"type\":\"nuban\",\"is_deleted\":false,\"createdAt\":\"2025-02-11T08:33:01.000Z\",\"updatedAt\":\"2025-02-11T08:33:01.000Z\"},{\"id\":787,\"name\":\"ISUA MFB\",\"slug\":\"isua-mfb-ng\",\"code\":\"090701\",\"longcode\":\"090701\",\"gateway\":\"\",\"pay_with_bank\":false,\"supports_transfer\":true,\"available_for_direct_debit\":false,\"active\":true,\"country\":\"Nigeria\",\"currency\":\"NGN\",\"type\":\"nuban\",\"is_deleted\":false,\"createdAt\":\"2024-07-19T12:38:16.000Z\",\"updatedAt\":\"2024-07-19T12:38:16.000Z\"},{\"id\":22,\"name\":\"Jaiz Bank\",\"slug\":\"jaiz-bank\",\"code\":\"301\",\"longcode\":\"301080020\",\"gateway\":null,\"pay_with_bank\":false,\"supports_transfer\":true,\"available_for_direct_debit\":false,\"active\":true,\"country\":\"Nigeria\",\"currency\":\"NGN\",\"type\":\"nuban\",\"is_deleted\":false,\"createdAt\":\"2016-10-10T17:26:29.000Z\",\"updatedAt\":\"2016-10-10T17:26:29.000Z\"},{\"id\":187,\"name\":\"Kadpoly MFB\",\"slug\":\"kadpoly-mfb\",\"code\":\"50502\",\"longcode\":\"\",\"gateway\":null,\"pay_with_bank\":false,\"supports_transfer\":true,\"available_for_direct_debit\":false,\"active\":true,\"country\":\"Nigeria\",\"currency\":\"NGN\",\"type\":\"nuban\",\"is_deleted\":false,\"createdAt\":\"2021-09-27T11:59:42.000Z\",\"updatedAt\":\"2021-09-27T11:59:42.000Z\"},{\"id\":768,\"name\":\"KANOPOLY MFB\",\"slug\":\"kanopoly-mfb-ng\",\"code\":\"51308\",\"longcode\":\"090592\",\"gateway\":null,\"pay_with_bank\":false,\"supports_transfer\":true,\"available_for_direct_debit\":false,\"active\":true,\"country\":\"Nigeria\",\"currency\":\"NGN\",\"type\":\"nuban\",\"is_deleted\":false,\"createdAt\":\"2024-01-04T14:20:38.000Z\",\"updatedAt\":\"2024-01-04T14:20:38.000Z\"},{\"id\":878,\"name\":\"Kayvee Microfinance Bank\",\"slug\":\"kayvee-microfinance-bank-ng\",\"code\":\"5129\",\"longcode\":\"090554\",\"gateway\":null,\"pay_with_bank\":false,\"supports_transfer\":true,\"available_for_direct_debit\":false,\"active\":true,\"country\":\"Nigeria\",\"currency\":\"NGN\",\"type\":\"nuban\",\"is_deleted\":false,\"createdAt\":\"2025-11-10T12:40:37.000Z\",\"updatedAt\":\"2025-11-10T12:40:37.000Z\"},{\"id\":894,\"name\":\"Kebbi Homes Savings and Loans Limited\",\"slug\":\"kebbi-homes-savings-and-loans-limited-ng\",\"code\":\"90028\",\"longcode\":\"070031\",\"gateway\":null,\"pay_with_bank\":false,\"supports_transfer\":false,\"available_for_direct_debit\":false,\"active\":true,\"country\":\"Nigeria\",\"currency\":\"NGN\",\"type\":\"nuban\",\"is_deleted\":false,\"createdAt\":\"2026-02-16T14:01:03.000Z\",\"updatedAt\":\"2026-02-16T14:01:03.000Z\"},{\"id\":11,\"name\":\"Keystone Bank\",\"slug\":\"keystone-bank\",\"code\":\"082\",\"longcode\":\"082150017\",\"gateway\":null,\"pay_with_bank\":false,\"supports_transfer\":true,\"available_for_direct_debit\":true,\"active\":true,\"country\":\"Nigeria\",\"currency\":\"NGN\",\"type\":\"nuban\",\"is_deleted\":false,\"createdAt\":\"2016-07-14T10:04:29.000Z\",\"updatedAt\":\"2020-02-18T20:23:45.000Z\"},{\"id\":810,\"name\":\"Kolomoni MFB\",\"slug\":\"kolomoni-mfb-ng\",\"code\":\"899\",\"longcode\":\"090480\",\"gateway\":\"\",\"pay_with_bank\":false,\"supports_transfer\":true,\"available_for_direct_debit\":false,\"active\":true,\"country\":\"Nigeria\",\"currency\":\"NGN\",\"type\":\"nuban\",\"is_deleted\":false,\"createdAt\":\"2024-11-20T18:56:06.000Z\",\"updatedAt\":\"2024-11-20T18:56:06.000Z\"},{\"id\":784,\"name\":\"KONGAPAY (Kongapay Technologies Limited)(formerly Zinternet)\",\"slug\":\"kongapay-tech-ltd\",\"code\":\"100025\",\"longcode\":\"100025\",\"gateway\":null,\"pay_with_bank\":false,\"supports_transfer\":true,\"available_for_direct_debit\":false,\"active\":true,\"country\":\"Nigeria\",\"currency\":\"NGN\",\"type\":\"nuban\",\"is_deleted\":false,\"createdAt\":\"2024-07-05T13:00:17.000Z\",\"updatedAt\":\"2024-07-05T13:00:17.000Z\"},{\"id\":184,\"name\":\"Kredi Money MFB LTD\",\"slug\":\"kredi-money-mfb\",\"code\":\"50200\",\"longcode\":\"\",\"gateway\":null,\"pay_with_bank\":false,\"supports_transfer\":true,\"available_for_direct_debit\":false,\"active\":true,\"country\":\"Nigeria\",\"currency\":\"NGN\",\"type\":\"nuban\",\"is_deleted\":false,\"createdAt\":\"2021-08-11T09:54:03.000Z\",\"updatedAt\":\"2021-08-11T09:54:03.000Z\"},{\"id\":67,\"name\":\"Kuda Bank\",\"slug\":\"kuda-bank\",\"code\":\"50211\",\"longcode\":\"\",\"gateway\":\"digitalbankmandate\",\"pay_with_bank\":true,\"supports_transfer\":true,\"available_for_direct_debit\":false,\"active\":true,\"country\":\"Nigeria\",\"currency\":\"NGN\",\"type\":\"nuban\",\"is_deleted\":false,\"createdAt\":\"2019-11-15T17:06:54.000Z\",\"updatedAt\":\"2024-10-29T10:56:03.000Z\"},{\"id\":109,\"name\":\"Lagos Building Investment Company Plc.\",\"slug\":\"lbic-plc\",\"code\":\"90052\",\"longcode\":\"\",\"gateway\":null,\"pay_with_bank\":false,\"supports_transfer\":true,\"available_for_direct_debit\":false,\"active\":true,\"country\":\"Nigeria\",\"currency\":\"NGN\",\"type\":\"nuban\",\"is_deleted\":false,\"createdAt\":\"2020-08-10T15:07:44.000Z\",\"updatedAt\":\"2020-08-10T15:07:44.000Z\"},{\"id\":523,\"name\":\"Letshego Microfinance Bank\",\"slug\":\"letshego-microfinance-bank\",\"code\":\"090420\",\"longcode\":\"090420\",\"gateway\":\"emandate\",\"pay_with_bank\":false,\"supports_transfer\":true,\"available_for_direct_debit\":false,\"active\":true,\"country\":\"Nigeria\",\"currency\":\"NGN\",\"type\":\"nuban\",\"is_deleted\":false,\"createdAt\":\"2022-07-28T14:22:56.000Z\",\"updatedAt\":\"2025-03-25T13:13:38.000Z\"},{\"id\":180,\"name\":\"Links MFB\",\"slug\":\"links-mfb\",\"code\":\"50549\",\"longcode\":\"\",\"gateway\":null,\"pay_with_bank\":false,\"supports_transfer\":true,\"available_for_direct_debit\":false,\"active\":true,\"country\":\"Nigeria\",\"currency\":\"NGN\",\"type\":\"nuban\",\"is_deleted\":false,\"createdAt\":\"2021-07-12T14:41:18.000Z\",\"updatedAt\":\"2021-07-12T14:41:18.000Z\"},{\"id\":296,\"name\":\"Living Trust Mortgage Bank\",\"slug\":\"living-trust-mortgage-bank\",\"code\":\"031\",\"longcode\":\"\",\"gateway\":null,\"pay_with_bank\":false,\"supports_transfer\":true,\"available_for_direct_debit\":false,\"active\":true,\"country\":\"Nigeria\",\"currency\":\"NGN\",\"type\":\"nuban\",\"is_deleted\":false,\"createdAt\":\"2022-05-25T10:46:17.000Z\",\"updatedAt\":\"2022-05-25T10:46:17.000Z\"},{\"id\":753,\"name\":\"LOMA MFB\",\"slug\":\"loma-mfb-ng\",\"code\":\"50491\",\"longcode\":\"090620\",\"gateway\":null,\"pay_with_bank\":false,\"supports_transfer\":true,\"available_for_direct_debit\":false,\"active\":true,\"country\":\"Nigeria\",\"currency\":\"NGN\",\"type\":\"nuban\",\"is_deleted\":false,\"createdAt\":\"2023-12-11T05:43:27.000Z\",\"updatedAt\":\"2023-12-11T05:43:27.000Z\"},{\"id\":233,\"name\":\"Lotus Bank\",\"slug\":\"lotus-bank\",\"code\":\"303\",\"longcode\":\"\",\"gateway\":null,\"pay_with_bank\":false,\"supports_transfer\":true,\"available_for_direct_debit\":false,\"active\":true,\"country\":\"Nigeria\",\"currency\":\"NGN\",\"type\":\"nuban\",\"is_deleted\":false,\"createdAt\":\"2021-12-06T14:39:51.000Z\",\"updatedAt\":\"2021-12-06T14:39:51.000Z\"},{\"id\":873,\"name\":\"Maal MFB\",\"slug\":\"maal-mfb-ng\",\"code\":\"51444\",\"longcode\":\"\",\"gateway\":null,\"pay_with_bank\":false,\"supports_transfer\":true,\"available_for_direct_debit\":false,\"active\":true,\"country\":\"Nigeria\",\"currency\":\"NGN\",\"type\":\"nuban\",\"is_deleted\":false,\"createdAt\":\"2025-11-06T11:15:22.000Z\",\"updatedAt\":\"2025-11-06T11:15:22.000Z\"},{\"id\":764,\"name\":\"MAINSTREET MICROFINANCE BANK\",\"slug\":\"mainstreet-microfinance-bank-ng\",\"code\":\"090171\",\"longcode\":\"090171\",\"gateway\":\"\",\"pay_with_bank\":false,\"supports_transfer\":true,\"available_for_direct_debit\":false,\"active\":true,\"country\":\"Nigeria\",\"currency\":\"NGN\",\"type\":\"nuban\",\"is_deleted\":false,\"createdAt\":\"2023-12-30T06:20:20.000Z\",\"updatedAt\":\"2023-12-30T06:20:20.000Z\"},{\"id\":175,\"name\":\"Mayfair MFB\",\"slug\":\"mayfair-mfb\",\"code\":\"50563\",\"longcode\":\"\",\"gateway\":null,\"pay_with_bank\":false,\"supports_transfer\":true,\"available_for_direct_debit\":false,\"active\":true,\"country\":\"Nigeria\",\"currency\":\"NGN\",\"type\":\"nuban\",\"is_deleted\":false,\"createdAt\":\"2021-02-02T08:28:38.000Z\",\"updatedAt\":\"2021-02-02T08:28:38.000Z\"},{\"id\":896,\"name\":\"Mayfresh Mortgage Bank\",\"slug\":\"mayfresh-mortgage-bank-ng\",\"code\":\"90003\",\"longcode\":\"070019\",\"gateway\":null,\"pay_with_bank\":false,\"supports_transfer\":false,\"available_for_direct_debit\":false,\"active\":true,\"country\":\"Nigeria\",\"currency\":\"NGN\",\"type\":\"nuban\",\"is_deleted\":false,\"createdAt\":\"2026-02-16T14:03:04.000Z\",\"updatedAt\":\"2026-02-16T14:03:04.000Z\"},{\"id\":887,\"name\":\"Mega Microfinance Bank\",\"slug\":\"mega-microfinance-bank-ng\",\"code\":\"50570\",\"longcode\":\"090824\",\"gateway\":null,\"pay_with_bank\":false,\"supports_transfer\":true,\"available_for_direct_debit\":false,\"active\":true,\"country\":\"Nigeria\",\"currency\":\"NGN\",\"type\":\"nuban\",\"is_deleted\":false,\"createdAt\":\"2026-01-19T11:06:26.000Z\",\"updatedAt\":\"2026-01-19T11:06:26.000Z\"},{\"id\":178,\"name\":\"Mint MFB\",\"slug\":\"mint-mfb\",\"code\":\"50304\",\"longcode\":\"\",\"gateway\":null,\"pay_with_bank\":false,\"supports_transfer\":true,\"available_for_direct_debit\":false,\"active\":true,\"country\":\"Nigeria\",\"currency\":\"NGN\",\"type\":\"nuban\",\"is_deleted\":false,\"createdAt\":\"2021-06-01T16:07:29.000Z\",\"updatedAt\":\"2021-06-01T16:07:29.000Z\"},{\"id\":875,\"name\":\"MINT-FINEX MFB\",\"slug\":\"mint-finex-mfb-ng\",\"code\":\"09\",\"longcode\":\"090281\",\"gateway\":null,\"pay_with_bank\":false,\"supports_transfer\":true,\"available_for_direct_debit\":false,\"active\":true,\"country\":\"Nigeria\",\"currency\":\"NGN\",\"type\":\"nuban\",\"is_deleted\":false,\"createdAt\":\"2025-11-07T11:04:36.000Z\",\"updatedAt\":\"2025-11-07T11:04:36.000Z\"},{\"id\":714,\"name\":\"Money Master PSB\",\"slug\":\"money-master-psb-ng\",\"code\":\"946\",\"longcode\":\"\",\"gateway\":null,\"pay_with_bank\":false,\"supports_transfer\":true,\"available_for_direct_debit\":false,\"active\":true,\"country\":\"Nigeria\",\"currency\":\"NGN\",\"type\":\"nuban\",\"is_deleted\":false,\"createdAt\":\"2023-09-08T14:47:32.000Z\",\"updatedAt\":\"2023-09-14T12:56:51.000Z\"},{\"id\":688,\"name\":\"Moniepoint MFB\",\"slug\":\"moniepoint-mfb-ng\",\"code\":\"50515\",\"longcode\":\"null\",\"gateway\":null,\"pay_with_bank\":false,\"supports_transfer\":true,\"available_for_direct_debit\":false,\"active\":true,\"country\":\"Nigeria\",\"currency\":\"NGN\",\"type\":\"nuban\",\"is_deleted\":false,\"createdAt\":\"2023-03-20T12:53:58.000Z\",\"updatedAt\":\"2023-03-20T12:53:58.000Z\"},{\"id\":303,\"name\":\"MTN Momo PSB\",\"slug\":\"mtn-momo-psb-ng\",\"code\":\"120003\",\"longcode\":\"120003\",\"gateway\":\"\",\"pay_with_bank\":false,\"supports_transfer\":true,\"available_for_direct_debit\":false,\"active\":true,\"country\":\"Nigeria\",\"currency\":\"NGN\",\"type\":\"nuban\",\"is_deleted\":false,\"createdAt\":\"2022-05-31T06:52:07.000Z\",\"updatedAt\":\"2022-06-23T09:33:55.000Z\"},{\"id\":739,\"name\":\"MUTUAL BENEFITS MICROFINANCE BANK\",\"slug\":\"mutual-benefits-microfinance-bank-ng\",\"code\":\"090190\",\"longcode\":\"090190\",\"gateway\":\"\",\"pay_with_bank\":false,\"supports_transfer\":true,\"available_for_direct_debit\":false,\"active\":true,\"country\":\"Nigeria\",\"currency\":\"NGN\",\"type\":\"nuban\",\"is_deleted\":false,\"createdAt\":\"2023-11-21T07:41:39.000Z\",\"updatedAt\":\"2023-11-21T07:41:39.000Z\"},{\"id\":758,\"name\":\"NDCC MICROFINANCE BANK\",\"slug\":\"ndcc-microfinance-bank-ng\",\"code\":\"090679\",\"longcode\":\"090679\",\"gateway\":\"\",\"pay_with_bank\":false,\"supports_transfer\":true,\"available_for_direct_debit\":false,\"active\":true,\"country\":\"Nigeria\",\"currency\":\"NGN\",\"type\":\"nuban\",\"is_deleted\":false,\"createdAt\":\"2023-12-30T06:19:06.000Z\",\"updatedAt\":\"2023-12-30T06:19:06.000Z\"},{\"id\":776,\"name\":\"NET MICROFINANCE BANK\",\"slug\":\"net-microfinance-bank-ng\",\"code\":\"51361\",\"longcode\":\"51361\",\"gateway\":null,\"pay_with_bank\":false,\"supports_transfer\":true,\"available_for_direct_debit\":false,\"active\":true,\"country\":\"Nigeria\",\"currency\":\"NGN\",\"type\":\"nuban\",\"is_deleted\":false,\"createdAt\":\"2024-04-12T09:27:39.000Z\",\"updatedAt\":\"2024-04-12T09:27:39.000Z\"},{\"id\":774,\"name\":\"Nigerian Navy Microfinance Bank Limited\",\"slug\":\"nigerian-navy-microfinance-bank-limited-ng\",\"code\":\"51142\",\"longcode\":\"090263\",\"gateway\":null,\"pay_with_bank\":false,\"supports_transfer\":true,\"available_for_direct_debit\":false,\"active\":true,\"country\":\"Nigeria\",\"currency\":\"NGN\",\"type\":\"nuban\",\"is_deleted\":false,\"createdAt\":\"2024-03-19T14:47:56.000Z\",\"updatedAt\":\"2024-03-19T14:47:56.000Z\"},{\"id\":883,\"name\":\"NIRSAL MICROFINANCE\",\"slug\":\"nirsal-microfinance-ng\",\"code\":\"51304\",\"longcode\":\"090194\",\"gateway\":null,\"pay_with_bank\":false,\"supports_transfer\":true,\"available_for_direct_debit\":false,\"active\":true,\"country\":\"Nigeria\",\"currency\":\"NGN\",\"type\":\"nuban\",\"is_deleted\":false,\"createdAt\":\"2026-01-12T15:10:56.000Z\",\"updatedAt\":\"2026-01-12T15:10:56.000Z\"},{\"id\":795,\"name\":\"Nombank MFB\",\"slug\":\"nombank-mfb-ng\",\"code\":\"50072\",\"longcode\":\"090645\",\"gateway\":null,\"pay_with_bank\":false,\"supports_transfer\":true,\"available_for_direct_debit\":false,\"active\":true,\"country\":\"Nigeria\",\"currency\":\"NGN\",\"type\":\"nuban\",\"is_deleted\":false,\"createdAt\":\"2024-08-27T11:10:52.000Z\",\"updatedAt\":\"2025-01-21T09:44:45.000Z\"},{\"id\":801,\"name\":\"NOVA BANK\",\"slug\":\"nova-bank-ng\",\"code\":\"561\",\"longcode\":\"060003\",\"gateway\":null,\"pay_with_bank\":false,\"supports_transfer\":true,\"available_for_direct_debit\":false,\"active\":true,\"country\":\"Nigeria\",\"currency\":\"NGN\",\"type\":\"nuban\",\"is_deleted\":false,\"createdAt\":\"2024-10-15T08:02:08.000Z\",\"updatedAt\":\"2024-10-17T08:31:26.000Z\"},{\"id\":830,\"name\":\"Novus MFB\",\"slug\":\"novus-mfb-ng\",\"code\":\"51371\",\"longcode\":\"090734\",\"gateway\":\"\",\"pay_with_bank\":false,\"supports_transfer\":true,\"available_for_direct_debit\":false,\"active\":true,\"country\":\"Nigeria\",\"currency\":\"NGN\",\"type\":\"nuban\",\"is_deleted\":false,\"createdAt\":\"2025-03-21T15:11:04.000Z\",\"updatedAt\":\"2025-03-21T15:11:04.000Z\"},{\"id\":715,\"name\":\"NPF MICROFINANCE BANK\",\"slug\":\"npf-microfinance-bank-ng\",\"code\":\"50629\",\"longcode\":\"50629\",\"gateway\":null,\"pay_with_bank\":false,\"supports_transfer\":true,\"available_for_direct_debit\":false,\"active\":true,\"country\":\"Nigeria\",\"currency\":\"NGN\",\"type\":\"nuban\",\"is_deleted\":false,\"createdAt\":\"2023-09-12T11:57:02.000Z\",\"updatedAt\":\"2023-09-12T19:24:09.000Z\"},{\"id\":825,\"name\":\"NSUK MICROFINANACE BANK\",\"slug\":\"nsuk-microfinanace-bank-ng\",\"code\":\"51261\",\"longcode\":\"090491\",\"gateway\":\"null\",\"pay_with_bank\":false,\"supports_transfer\":true,\"available_for_direct_debit\":false,\"active\":true,\"country\":\"Nigeria\",\"currency\":\"NGN\",\"type\":\"nuban\",\"is_deleted\":false,\"createdAt\":\"2025-02-20T11:36:33.000Z\",\"updatedAt\":\"2025-02-20T13:44:24.000Z\"},{\"id\":863,\"name\":\"Olabisi Onabanjo University Microfinance Bank\",\"slug\":\"olabisi-onabanjo-university-microfinance-bank-ng\",\"code\":\"50689\",\"longcode\":\"090272\",\"gateway\":null,\"pay_with_bank\":false,\"supports_transfer\":true,\"available_for_direct_debit\":false,\"active\":true,\"country\":\"Nigeria\",\"currency\":\"NGN\",\"type\":\"nuban\",\"is_deleted\":false,\"createdAt\":\"2025-09-08T09:24:10.000Z\",\"updatedAt\":\"2025-09-08T09:24:10.000Z\"},{\"id\":802,\"name\":\"OLUCHUKWU MICROFINANCE BANK LTD\",\"slug\":\"oluchukwu-microfinance-bank-ltd-ng\",\"code\":\"50697\",\"longcode\":\"50697\",\"gateway\":\"\",\"pay_with_bank\":false,\"supports_transfer\":true,\"available_for_direct_debit\":false,\"active\":true,\"country\":\"Nigeria\",\"currency\":\"NGN\",\"type\":\"nuban\",\"is_deleted\":false,\"createdAt\":\"2024-10-25T14:15:56.000Z\",\"updatedAt\":\"2024-10-25T14:15:56.000Z\"},{\"id\":171,\"name\":\"OPay Digital Services Limited (OPay)\",\"slug\":\"paycom\",\"code\":\"999992\",\"longcode\":\"\",\"gateway\":\"ibank\",\"pay_with_bank\":false,\"supports_transfer\":true,\"available_for_direct_debit\":false,\"active\":true,\"country\":\"Nigeria\",\"currency\":\"NGN\",\"type\":\"nuban\",\"is_deleted\":false,\"createdAt\":\"2020-11-24T10:20:45.000Z\",\"updatedAt\":\"2026-02-10T12:10:56.000Z\"},{\"id\":699,\"name\":\"Optimus Bank Limited\",\"slug\":\"optimus-bank-ltd\",\"code\":\"107\",\"longcode\":\"00107\",\"gateway\":null,\"pay_with_bank\":false,\"supports_transfer\":true,\"available_for_direct_debit\":false,\"active\":true,\"country\":\"Nigeria\",\"currency\":\"NGN\",\"type\":\"nuban\",\"is_deleted\":false,\"createdAt\":\"2023-05-08T08:03:03.000Z\",\"updatedAt\":\"2023-06-15T16:21:12.000Z\"},{\"id\":185,\"name\":\"Paga\",\"slug\":\"paga\",\"code\":\"100002\",\"longcode\":\"\",\"gateway\":null,\"pay_with_bank\":false,\"supports_transfer\":true,\"available_for_direct_debit\":false,\"active\":true,\"country\":\"Nigeria\",\"currency\":\"NGN\",\"type\":\"nuban\",\"is_deleted\":false,\"createdAt\":\"2021-08-31T08:10:00.000Z\",\"updatedAt\":\"2021-08-31T08:10:00.000Z\"},{\"id\":169,\"name\":\"PalmPay\",\"slug\":\"palmpay\",\"code\":\"999991\",\"longcode\":\"\",\"gateway\":\"ibank\",\"pay_with_bank\":true,\"supports_transfer\":true,\"available_for_direct_debit\":false,\"active\":true,\"country\":\"Nigeria\",\"currency\":\"NGN\",\"type\":\"nuban\",\"is_deleted\":false,\"createdAt\":\"2020-11-24T09:58:37.000Z\",\"updatedAt\":\"2025-01-22T17:04:57.000Z\"},{\"id\":26,\"name\":\"Parallex Bank\",\"slug\":\"parallex-bank\",\"code\":\"104\",\"longcode\":\"\",\"gateway\":null,\"pay_with_bank\":false,\"supports_transfer\":true,\"available_for_direct_debit\":true,\"active\":true,\"country\":\"Nigeria\",\"currency\":\"NGN\",\"type\":\"nuban\",\"is_deleted\":false,\"createdAt\":\"2017-03-31T13:54:29.000Z\",\"updatedAt\":\"2021-10-29T08:00:19.000Z\"},{\"id\":110,\"name\":\"Parkway - ReadyCash\",\"slug\":\"parkway-ready-cash\",\"code\":\"311\",\"longcode\":\"\",\"gateway\":null,\"pay_with_bank\":false,\"supports_transfer\":true,\"available_for_direct_debit\":false,\"active\":true,\"country\":\"Nigeria\",\"currency\":\"NGN\",\"type\":\"nuban\",\"is_deleted\":false,\"createdAt\":\"2020-08-10T15:07:44.000Z\",\"updatedAt\":\"2020-08-10T15:07:44.000Z\"},{\"id\":763,\"name\":\"PATHFINDER MICROFINANCE BANK LIMITED\",\"slug\":\"pathfinder-microfinance-bank-limited-ng\",\"code\":\"090680\",\"longcode\":\"090680\",\"gateway\":\"\",\"pay_with_bank\":false,\"supports_transfer\":true,\"available_for_direct_debit\":false,\"active\":true,\"country\":\"Nigeria\",\"currency\":\"NGN\",\"type\":\"nuban\",\"is_deleted\":false,\"createdAt\":\"2023-12-30T06:20:10.000Z\",\"updatedAt\":\"2023-12-30T06:20:10.000Z\"},{\"id\":884,\"name\":\"Paystack MFB\",\"slug\":\"paystack-mfb-ng\",\"code\":\"51457\",\"longcode\":\"090986\",\"gateway\":null,\"pay_with_bank\":false,\"supports_transfer\":true,\"available_for_direct_debit\":false,\"active\":true,\"country\":\"Nigeria\",\"currency\":\"NGN\",\"type\":\"nuban\",\"is_deleted\":false,\"createdAt\":\"2026-01-15T10:15:02.000Z\",\"updatedAt\":\"2026-01-15T10:15:02.000Z\"},{\"id\":629,\"name\":\"Paystack-Titan\",\"slug\":\"titan-paystack\",\"code\":\"100039\",\"longcode\":\"\",\"gateway\":null,\"pay_with_bank\":false,\"supports_transfer\":true,\"available_for_direct_debit\":false,\"active\":true,\"country\":\"Nigeria\",\"currency\":\"NGN\",\"type\":\"nuban\",\"is_deleted\":false,\"createdAt\":\"2022-09-02T08:51:15.000Z\",\"updatedAt\":\"2024-03-26T14:31:05.000Z\"},{\"id\":693,\"name\":\"Peace Microfinance Bank\",\"slug\":\"peace-microfinance-bank-ng\",\"code\":\"50743\",\"longcode\":\"50743\",\"gateway\":null,\"pay_with_bank\":false,\"supports_transfer\":true,\"available_for_direct_debit\":false,\"active\":true,\"country\":\"Nigeria\",\"currency\":\"NGN\",\"type\":\"nuban\",\"is_deleted\":false,\"createdAt\":\"2023-04-12T16:51:04.000Z\",\"updatedAt\":\"2023-04-12T16:51:04.000Z\"},{\"id\":775,\"name\":\"PECANTRUST MICROFINANCE BANK LIMITED\",\"slug\":\"pecantrust-microfinance-bank-limited-ng\",\"code\":\"51226\",\"longcode\":\"51226\",\"gateway\":null,\"pay_with_bank\":false,\"supports_transfer\":true,\"available_for_direct_debit\":false,\"active\":true,\"country\":\"Nigeria\",\"currency\":\"NGN\",\"type\":\"nuban\",\"is_deleted\":false,\"createdAt\":\"2024-04-05T10:24:20.000Z\",\"updatedAt\":\"2024-04-05T10:24:20.000Z\"},{\"id\":683,\"name\":\"Personal Trust MFB\",\"slug\":\"personal-trust-mfb-ng\",\"code\":\"51146\",\"longcode\":\"\",\"gateway\":null,\"pay_with_bank\":false,\"supports_transfer\":true,\"available_for_direct_debit\":false,\"active\":true,\"country\":\"Nigeria\",\"currency\":\"NGN\",\"type\":\"nuban\",\"is_deleted\":false,\"createdAt\":\"2023-02-17T12:13:28.000Z\",\"updatedAt\":\"2023-02-17T12:13:28.000Z\"},{\"id\":170,\"name\":\"Petra Mircofinance Bank Plc\",\"slug\":\"petra-microfinance-bank-plc\",\"code\":\"50746\",\"longcode\":\"\",\"gateway\":null,\"pay_with_bank\":false,\"supports_transfer\":true,\"available_for_direct_debit\":false,\"active\":true,\"country\":\"Nigeria\",\"currency\":\"NGN\",\"type\":\"nuban\",\"is_deleted\":false,\"createdAt\":\"2020-11-24T10:03:06.000Z\",\"updatedAt\":\"2020-11-24T10:03:06.000Z\"},{\"id\":831,\"name\":\"Pettysave MFB\",\"slug\":\"pettysave-mfb-ng\",\"code\":\"MFB51452\",\"longcode\":\"090768\",\"gateway\":null,\"pay_with_bank\":false,\"supports_transfer\":true,\"available_for_direct_debit\":false,\"active\":true,\"country\":\"Nigeria\",\"currency\":\"NGN\",\"type\":\"nuban\",\"is_deleted\":false,\"createdAt\":\"2025-03-25T08:04:18.000Z\",\"updatedAt\":\"2025-03-25T08:04:18.000Z\"},{\"id\":762,\"name\":\"PFI FINANCE COMPANY LIMITED\",\"slug\":\"pfi-finance-company-limited-ng\",\"code\":\"050021\",\"longcode\":\"050021\",\"gateway\":\"\",\"pay_with_bank\":false,\"supports_transfer\":true,\"available_for_direct_debit\":false,\"active\":true,\"country\":\"Nigeria\",\"currency\":\"NGN\",\"type\":\"nuban\",\"is_deleted\":false,\"createdAt\":\"2023-12-30T06:20:00.000Z\",\"updatedAt\":\"2023-12-30T06:20:00.000Z\"},{\"id\":705,\"name\":\"Platinum Mortgage Bank\",\"slug\":\"platinum-mortgage-bank-ng\",\"code\":\"268\",\"longcode\":\"null\",\"gateway\":null,\"pay_with_bank\":false,\"supports_transfer\":true,\"available_for_direct_debit\":false,\"active\":true,\"country\":\"Nigeria\",\"currency\":\"NGN\",\"type\":\"nuban\",\"is_deleted\":false,\"createdAt\":\"2023-07-03T11:21:22.000Z\",\"updatedAt\":\"2023-07-03T11:21:22.000Z\"},{\"id\":770,\"name\":\"Pocket App\",\"slug\":\"pocket\",\"code\":\"00716\",\"longcode\":\"00716\",\"gateway\":\"digitalbankmandate\",\"pay_with_bank\":false,\"supports_transfer\":true,\"available_for_direct_debit\":false,\"active\":true,\"country\":\"Nigeria\",\"currency\":\"NGN\",\"type\":\"nuban\",\"is_deleted\":false,\"createdAt\":\"2024-01-18T16:56:20.000Z\",\"updatedAt\":\"2024-12-16T14:46:07.000Z\"},{\"id\":13,\"name\":\"Polaris Bank\",\"slug\":\"polaris-bank\",\"code\":\"076\",\"longcode\":\"076151006\",\"gateway\":null,\"pay_with_bank\":false,\"supports_transfer\":true,\"available_for_direct_debit\":true,\"active\":true,\"country\":\"Nigeria\",\"currency\":\"NGN\",\"type\":\"nuban\",\"is_deleted\":false,\"createdAt\":\"2016-07-14T10:04:29.000Z\",\"updatedAt\":\"2016-07-14T10:04:29.000Z\"},{\"id\":626,\"name\":\"Polyunwana MFB\",\"slug\":\"polyunwana-mfb-ng\",\"code\":\"50864\",\"longcode\":\"null\",\"gateway\":null,\"pay_with_bank\":false,\"supports_transfer\":true,\"available_for_direct_debit\":false,\"active\":true,\"country\":\"Nigeria\",\"currency\":\"NGN\",\"type\":\"nuban\",\"is_deleted\":false,\"createdAt\":\"2022-08-17T17:27:23.000Z\",\"updatedAt\":\"2022-08-17T17:27:23.000Z\"},{\"id\":304,\"name\":\"PremiumTrust Bank\",\"slug\":\"premiumtrust-bank-ng\",\"code\":\"105\",\"longcode\":\"000031\",\"gateway\":\"\",\"pay_with_bank\":false,\"supports_transfer\":true,\"available_for_direct_debit\":true,\"active\":true,\"country\":\"Nigeria\",\"currency\":\"NGN\",\"type\":\"nuban\",\"is_deleted\":false,\"createdAt\":\"2022-06-01T14:16:02.000Z\",\"updatedAt\":\"2022-08-17T08:13:08.000Z\"},{\"id\":792,\"name\":\"Prospa Capital Microfinance Bank\",\"slug\":\"prospa-capital-microfinance-bank-ng\",\"code\":\"50739\",\"longcode\":\"50739\",\"gateway\":\"null\",\"pay_with_bank\":false,\"supports_transfer\":true,\"available_for_direct_debit\":false,\"active\":true,\"country\":\"Nigeria\",\"currency\":\"NGN\",\"type\":\"nuban\",\"is_deleted\":false,\"createdAt\":\"2024-08-13T08:14:03.000Z\",\"updatedAt\":\"2024-08-13T08:14:03.000Z\"},{\"id\":760,\"name\":\"PROSPERIS FINANCE LIMITED\",\"slug\":\"prosperis-finance-limited-ng\",\"code\":\"050023\",\"longcode\":\"050023\",\"gateway\":\"\",\"pay_with_bank\":false,\"supports_transfer\":true,\"available_for_direct_debit\":false,\"active\":true,\"country\":\"Nigeria\",\"currency\":\"NGN\",\"type\":\"nuban\",\"is_deleted\":false,\"createdAt\":\"2023-12-30T06:19:33.000Z\",\"updatedAt\":\"2023-12-30T06:19:33.000Z\"},{\"id\":25,\"name\":\"Providus Bank\",\"slug\":\"providus-bank\",\"code\":\"101\",\"longcode\":\"\",\"gateway\":null,\"pay_with_bank\":false,\"supports_transfer\":true,\"available_for_direct_debit\":true,\"active\":true,\"country\":\"Nigeria\",\"currency\":\"NGN\",\"type\":\"nuban\",\"is_deleted\":false,\"createdAt\":\"2017-03-27T16:09:29.000Z\",\"updatedAt\":\"2021-02-09T17:50:06.000Z\"},{\"id\":232,\"name\":\"QuickFund MFB\",\"slug\":\"quickfund-mfb\",\"code\":\"51293\",\"longcode\":\"\",\"gateway\":null,\"pay_with_bank\":false,\"supports_transfer\":true,\"available_for_direct_debit\":false,\"active\":true,\"country\":\"Nigeria\",\"currency\":\"NGN\",\"type\":\"nuban\",\"is_deleted\":false,\"createdAt\":\"2021-10-29T08:43:35.000Z\",\"updatedAt\":\"2021-10-29T08:43:35.000Z\"},{\"id\":176,\"name\":\"Rand Merchant Bank\",\"slug\":\"rand-merchant-bank\",\"code\":\"502\",\"longcode\":\"\",\"gateway\":null,\"pay_with_bank\":false,\"supports_transfer\":true,\"available_for_direct_debit\":false,\"active\":true,\"country\":\"Nigeria\",\"currency\":\"NGN\",\"type\":\"nuban\",\"is_deleted\":false,\"createdAt\":\"2021-02-11T17:33:20.000Z\",\"updatedAt\":\"2021-02-11T17:33:20.000Z\"},{\"id\":766,\"name\":\"RANDALPHA MICROFINANCE BANK\",\"slug\":\"randalpha-microfinance-bank-ng\",\"code\":\"090496\",\"longcode\":\"090496\",\"gateway\":\"\",\"pay_with_bank\":false,\"supports_transfer\":true,\"available_for_direct_debit\":false,\"active\":true,\"country\":\"Nigeria\",\"currency\":\"NGN\",\"type\":\"nuban\",\"is_deleted\":false,\"createdAt\":\"2023-12-30T06:20:40.000Z\",\"updatedAt\":\"2023-12-30T06:20:40.000Z\"},{\"id\":295,\"name\":\"Refuge Mortgage Bank\",\"slug\":\"refuge-mortgage-bank\",\"code\":\"90067\",\"longcode\":\"\",\"gateway\":null,\"pay_with_bank\":false,\"supports_transfer\":true,\"available_for_direct_debit\":false,\"active\":true,\"country\":\"Nigeria\",\"currency\":\"NGN\",\"type\":\"nuban\",\"is_deleted\":false,\"createdAt\":\"2022-05-25T10:46:17.000Z\",\"updatedAt\":\"2022-05-25T10:46:17.000Z\"},{\"id\":773,\"name\":\"REHOBOTH MICROFINANCE BANK\",\"slug\":\"rehoboth-microfinance-bank-ng\",\"code\":\"50761\",\"longcode\":\"090463\",\"gateway\":\"\",\"pay_with_bank\":false,\"supports_transfer\":true,\"available_for_direct_debit\":false,\"active\":true,\"country\":\"Nigeria\",\"currency\":\"NGN\",\"type\":\"nuban\",\"is_deleted\":false,\"createdAt\":\"2024-02-02T08:58:01.000Z\",\"updatedAt\":\"2024-02-02T08:58:01.000Z\"},{\"id\":710,\"name\":\"Rephidim Microfinance Bank\",\"slug\":\"rephidim\",\"code\":\"50994\",\"longcode\":\"221151615\",\"gateway\":null,\"pay_with_bank\":false,\"supports_transfer\":true,\"available_for_direct_debit\":false,\"active\":true,\"country\":\"Nigeria\",\"currency\":\"NGN\",\"type\":\"nuban\",\"is_deleted\":false,\"createdAt\":\"2023-08-21T08:22:46.000Z\",\"updatedAt\":\"2023-08-21T08:22:46.000Z\"},{\"id\":885,\"name\":\"Retrust Mfb\",\"slug\":\"retrust-mfb-ng\",\"code\":\"51375\",\"longcode\":\"090766\",\"gateway\":null,\"pay_with_bank\":false,\"supports_transfer\":true,\"available_for_direct_debit\":false,\"active\":true,\"country\":\"Nigeria\",\"currency\":\"NGN\",\"type\":\"nuban\",\"is_deleted\":false,\"createdAt\":\"2026-01-16T09:08:54.000Z\",\"updatedAt\":\"2026-01-16T09:08:54.000Z\"},{\"id\":700,\"name\":\"Rigo Microfinance Bank Limited\",\"slug\":\"rigo-microfinance-bank-limited-ng\",\"code\":\"51286\",\"longcode\":\"51286\",\"gateway\":null,\"pay_with_bank\":false,\"supports_transfer\":true,\"available_for_direct_debit\":false,\"active\":true,\"country\":\"Nigeria\",\"currency\":\"NGN\",\"type\":\"nuban\",\"is_deleted\":false,\"createdAt\":\"2023-05-26T14:45:26.000Z\",\"updatedAt\":\"2023-05-26T14:45:26.000Z\"},{\"id\":679,\"name\":\"ROCKSHIELD MICROFINANCE BANK\",\"slug\":\"rockshield-microfinance-bank-ng\",\"code\":\"50767\",\"longcode\":\"\",\"gateway\":\"\",\"pay_with_bank\":false,\"supports_transfer\":true,\"available_for_direct_debit\":false,\"active\":true,\"country\":\"Nigeria\",\"currency\":\"NGN\",\"type\":\"nuban\",\"is_deleted\":false,\"createdAt\":\"2022-12-20T13:41:50.000Z\",\"updatedAt\":\"2022-12-20T14:27:14.000Z\"},{\"id\":69,\"name\":\"Rubies MFB\",\"slug\":\"rubies-mfb\",\"code\":\"125\",\"longcode\":\"\",\"gateway\":null,\"pay_with_bank\":false,\"supports_transfer\":true,\"available_for_direct_debit\":false,\"active\":true,\"country\":\"Nigeria\",\"currency\":\"NGN\",\"type\":\"nuban\",\"is_deleted\":false,\"createdAt\":\"2020-01-25T09:49:59.000Z\",\"updatedAt\":\"2020-01-25T09:49:59.000Z\"},{\"id\":286,\"name\":\"Safe Haven MFB\",\"slug\":\"safe-haven-mfb-ng\",\"code\":\"51113\",\"longcode\":\"51113\",\"gateway\":\"\",\"pay_with_bank\":false,\"supports_transfer\":true,\"available_for_direct_debit\":false,\"active\":true,\"country\":\"Nigeria\",\"currency\":\"NGN\",\"type\":\"nuban\",\"is_deleted\":false,\"createdAt\":\"2022-02-18T13:11:59.000Z\",\"updatedAt\":\"2022-02-18T13:11:59.000Z\"},{\"id\":706,\"name\":\"SAGE GREY FINANCE LIMITED\",\"slug\":\"sage-grey-finance-limited-ng\",\"code\":\"40165\",\"longcode\":\"null\",\"gateway\":null,\"pay_with_bank\":false,\"supports_transfer\":true,\"available_for_direct_debit\":false,\"active\":true,\"country\":\"Nigeria\",\"currency\":\"NGN\",\"type\":\"nuban\",\"is_deleted\":false,\"createdAt\":\"2023-07-05T08:27:27.000Z\",\"updatedAt\":\"2023-07-05T08:27:27.000Z\"},{\"id\":632,\"name\":\"Shield MFB\",\"slug\":\"shield-mfb-ng\",\"code\":\"50582\",\"longcode\":\"\",\"gateway\":null,\"pay_with_bank\":false,\"supports_transfer\":true,\"available_for_direct_debit\":false,\"active\":true,\"country\":\"Nigeria\",\"currency\":\"NGN\",\"type\":\"nuban\",\"is_deleted\":false,\"createdAt\":\"2022-09-16T15:16:47.000Z\",\"updatedAt\":\"2022-09-16T15:16:47.000Z\"},{\"id\":750,\"name\":\"Signature Bank Ltd\",\"slug\":\"signature-bank-ltd-ng\",\"code\":\"106\",\"longcode\":\"000034\",\"gateway\":null,\"pay_with_bank\":false,\"supports_transfer\":true,\"available_for_direct_debit\":false,\"active\":true,\"country\":\"Nigeria\",\"currency\":\"NGN\",\"type\":\"nuban\",\"is_deleted\":false,\"createdAt\":\"2023-12-06T08:58:35.000Z\",\"updatedAt\":\"2023-12-06T08:58:35.000Z\"},{\"id\":695,\"name\":\"Solid Allianze MFB\",\"slug\":\"solid-allianze-mfb\",\"code\":\"51062\",\"longcode\":\"\",\"gateway\":null,\"pay_with_bank\":false,\"supports_transfer\":true,\"available_for_direct_debit\":false,\"active\":true,\"country\":\"Nigeria\",\"currency\":\"NGN\",\"type\":\"nuban\",\"is_deleted\":false,\"createdAt\":\"2023-04-26T15:02:23.000Z\",\"updatedAt\":\"2023-04-26T15:02:23.000Z\"},{\"id\":365,\"name\":\"Solid Rock MFB\",\"slug\":\"solid-rock-mfb\",\"code\":\"50800\",\"longcode\":\"\",\"gateway\":null,\"pay_with_bank\":false,\"supports_transfer\":true,\"available_for_direct_debit\":false,\"active\":true,\"country\":\"Nigeria\",\"currency\":\"NGN\",\"type\":\"nuban\",\"is_deleted\":false,\"createdAt\":\"2022-06-27T10:24:28.000Z\",\"updatedAt\":\"2022-06-27T10:24:28.000Z\"},{\"id\":72,\"name\":\"Sparkle Microfinance Bank\",\"slug\":\"sparkle-microfinance-bank\",\"code\":\"51310\",\"longcode\":\"\",\"gateway\":null,\"pay_with_bank\":false,\"supports_transfer\":true,\"available_for_direct_debit\":false,\"active\":true,\"country\":\"Nigeria\",\"currency\":\"NGN\",\"type\":\"nuban\",\"is_deleted\":false,\"createdAt\":\"2020-02-11T18:43:14.000Z\",\"updatedAt\":\"2020-02-11T18:43:14.000Z\"},{\"id\":855,\"name\":\"Springfield Microfinance Bank\",\"slug\":\"springfield-microfinance-bank-ng\",\"code\":\"51429\",\"longcode\":\"090806\",\"gateway\":\"null\",\"pay_with_bank\":false,\"supports_transfer\":true,\"available_for_direct_debit\":false,\"active\":true,\"country\":\"Nigeria\",\"currency\":\"NGN\",\"type\":\"nuban\",\"is_deleted\":false,\"createdAt\":\"2025-06-02T15:04:17.000Z\",\"updatedAt\":\"2025-06-02T15:04:17.000Z\"},{\"id\":14,\"name\":\"Stanbic IBTC Bank\",\"slug\":\"stanbic-ibtc-bank\",\"code\":\"221\",\"longcode\":\"221159522\",\"gateway\":null,\"pay_with_bank\":false,\"supports_transfer\":true,\"available_for_direct_debit\":false,\"active\":true,\"country\":\"Nigeria\",\"currency\":\"NGN\",\"type\":\"nuban\",\"is_deleted\":false,\"createdAt\":\"2016-07-14T10:04:29.000Z\",\"updatedAt\":\"2020-02-18T20:24:17.000Z\"},{\"id\":15,\"name\":\"Standard Chartered Bank\",\"slug\":\"standard-chartered-bank\",\"code\":\"068\",\"longcode\":\"068150015\",\"gateway\":null,\"pay_with_bank\":false,\"supports_transfer\":true,\"available_for_direct_debit\":true,\"active\":true,\"country\":\"Nigeria\",\"currency\":\"NGN\",\"type\":\"nuban\",\"is_deleted\":false,\"createdAt\":\"2016-07-14T10:04:29.000Z\",\"updatedAt\":\"2020-02-18T20:23:40.000Z\"},{\"id\":765,\"name\":\"STANFORD MICROFINANCE BANK\",\"slug\":\"stanford-microfinance-bank-ng\",\"code\":\"090162\",\"longcode\":\"090162\",\"gateway\":\"\",\"pay_with_bank\":false,\"supports_transfer\":true,\"available_for_direct_debit\":false,\"active\":true,\"country\":\"Nigeria\",\"currency\":\"NGN\",\"type\":\"nuban\",\"is_deleted\":false,\"createdAt\":\"2023-12-30T06:20:30.000Z\",\"updatedAt\":\"2023-12-30T06:20:30.000Z\"},{\"id\":779,\"name\":\"STATESIDE MICROFINANCE BANK\",\"slug\":\"stateside-microfinance-bank-ng\",\"code\":\"50809\",\"longcode\":\"50809\",\"gateway\":null,\"pay_with_bank\":false,\"supports_transfer\":true,\"available_for_direct_debit\":false,\"active\":true,\"country\":\"Nigeria\",\"currency\":\"NGN\",\"type\":\"nuban\",\"is_deleted\":false,\"createdAt\":\"2024-05-21T10:21:20.000Z\",\"updatedAt\":\"2024-05-21T10:21:20.000Z\"},{\"id\":826,\"name\":\"STB Mortgage Bank\",\"slug\":\"stb-mortgage-bank-ng\",\"code\":\"070022\",\"longcode\":\"070022\",\"gateway\":null,\"pay_with_bank\":false,\"supports_transfer\":true,\"available_for_direct_debit\":false,\"active\":true,\"country\":\"Nigeria\",\"currency\":\"NGN\",\"type\":\"nuban\",\"is_deleted\":false,\"createdAt\":\"2025-02-24T13:39:49.000Z\",\"updatedAt\":\"2025-02-24T13:39:49.000Z\"},{\"id\":285,\"name\":\"Stellas MFB\",\"slug\":\"stellas-mfb\",\"code\":\"51253\",\"longcode\":\"\",\"gateway\":null,\"pay_with_bank\":false,\"supports_transfer\":true,\"available_for_direct_debit\":false,\"active\":true,\"country\":\"Nigeria\",\"currency\":\"NGN\",\"type\":\"nuban\",\"is_deleted\":false,\"createdAt\":\"2022-02-17T14:54:01.000Z\",\"updatedAt\":\"2022-02-17T14:54:01.000Z\"},{\"id\":16,\"name\":\"Sterling Bank\",\"slug\":\"sterling-bank\",\"code\":\"232\",\"longcode\":\"232150016\",\"gateway\":\"emandate\",\"pay_with_bank\":false,\"supports_transfer\":true,\"available_for_direct_debit\":true,\"active\":true,\"country\":\"Nigeria\",\"currency\":\"NGN\",\"type\":\"nuban\",\"is_deleted\":false,\"createdAt\":\"2016-07-14T10:04:29.000Z\",\"updatedAt\":\"2022-05-27T08:56:01.000Z\"},{\"id\":869,\"name\":\"Summit Bank\",\"slug\":\"summit-bank-ng\",\"code\":\"00305\",\"longcode\":\"080003\",\"gateway\":null,\"pay_with_bank\":false,\"supports_transfer\":true,\"available_for_direct_debit\":false,\"active\":true,\"country\":\"Nigeria\",\"currency\":\"NGN\",\"type\":\"nuban\",\"is_deleted\":false,\"createdAt\":\"2025-09-30T09:23:41.000Z\",\"updatedAt\":\"2025-09-30T09:23:41.000Z\"},{\"id\":23,\"name\":\"Suntrust Bank\",\"slug\":\"suntrust-bank\",\"code\":\"100\",\"longcode\":\"\",\"gateway\":null,\"pay_with_bank\":false,\"supports_transfer\":true,\"available_for_direct_debit\":true,\"active\":true,\"country\":\"Nigeria\",\"currency\":\"NGN\",\"type\":\"nuban\",\"is_deleted\":false,\"createdAt\":\"2016-10-10T17:26:29.000Z\",\"updatedAt\":\"2016-10-10T17:26:29.000Z\"},{\"id\":631,\"name\":\"Supreme MFB\",\"slug\":\"supreme-mfb-ng\",\"code\":\"50968\",\"longcode\":\"\",\"gateway\":null,\"pay_with_bank\":false,\"supports_transfer\":true,\"available_for_direct_debit\":false,\"active\":true,\"country\":\"Nigeria\",\"currency\":\"NGN\",\"type\":\"nuban\",\"is_deleted\":false,\"createdAt\":\"2022-09-16T15:16:29.000Z\",\"updatedAt\":\"2022-09-16T15:16:29.000Z\"},{\"id\":888,\"name\":\"Sycamore Microfinance Bank\",\"slug\":\"sycamore-microfinance-bank-ng\",\"code\":\"51056\",\"longcode\":\"090827\",\"gateway\":null,\"pay_with_bank\":false,\"supports_transfer\":false,\"available_for_direct_debit\":false,\"active\":true,\"country\":\"Nigeria\",\"currency\":\"NGN\",\"type\":\"nuban\",\"is_deleted\":false,\"createdAt\":\"2026-01-22T11:05:36.000Z\",\"updatedAt\":\"2026-01-22T11:05:36.000Z\"},{\"id\":68,\"name\":\"TAJ Bank\",\"slug\":\"taj-bank\",\"code\":\"302\",\"longcode\":\"\",\"gateway\":null,\"pay_with_bank\":false,\"supports_transfer\":true,\"available_for_direct_debit\":false,\"active\":true,\"country\":\"Nigeria\",\"currency\":\"NGN\",\"type\":\"nuban\",\"is_deleted\":false,\"createdAt\":\"2020-01-20T11:20:32.000Z\",\"updatedAt\":\"2020-01-20T11:20:32.000Z\"},{\"id\":186,\"name\":\"Tangerine Money\",\"slug\":\"tangerine-money\",\"code\":\"51269\",\"longcode\":\"\",\"gateway\":null,\"pay_with_bank\":false,\"supports_transfer\":true,\"available_for_direct_debit\":false,\"active\":true,\"country\":\"Nigeria\",\"currency\":\"NGN\",\"type\":\"nuban\",\"is_deleted\":false,\"createdAt\":\"2021-09-17T13:25:16.000Z\",\"updatedAt\":\"2021-09-17T13:25:16.000Z\"},{\"id\":889,\"name\":\"Tatum Bank\",\"slug\":\"tatum-bank-ng\",\"code\":\"109\",\"longcode\":\"000042\",\"gateway\":null,\"pay_with_bank\":false,\"supports_transfer\":true,\"available_for_direct_debit\":false,\"active\":true,\"country\":\"Nigeria\",\"currency\":\"NGN\",\"type\":\"nuban\",\"is_deleted\":false,\"createdAt\":\"2026-01-27T11:10:53.000Z\",\"updatedAt\":\"2026-02-13T14:23:10.000Z\"},{\"id\":811,\"name\":\"TENN\",\"slug\":\"tenn-ng\",\"code\":\"51403\",\"longcode\":\"090716\",\"gateway\":null,\"pay_with_bank\":false,\"supports_transfer\":true,\"available_for_direct_debit\":false,\"active\":true,\"country\":\"Nigeria\",\"currency\":\"NGN\",\"type\":\"nuban\",\"is_deleted\":false,\"createdAt\":\"2024-12-03T13:28:42.000Z\",\"updatedAt\":\"2024-12-03T13:28:42.000Z\"},{\"id\":866,\"name\":\"Think Finance Microfinance Bank\",\"slug\":\"think-finance-microfinance-bank-ng\",\"code\":\"677\",\"longcode\":\"090373\",\"gateway\":null,\"pay_with_bank\":false,\"supports_transfer\":true,\"available_for_direct_debit\":false,\"active\":true,\"country\":\"Nigeria\",\"currency\":\"NGN\",\"type\":\"nuban\",\"is_deleted\":false,\"createdAt\":\"2025-09-12T15:10:04.000Z\",\"updatedAt\":\"2025-09-12T15:10:04.000Z\"},{\"id\":73,\"name\":\"Titan Bank\",\"slug\":\"titan-bank\",\"code\":\"102\",\"longcode\":\"\",\"gateway\":null,\"pay_with_bank\":false,\"supports_transfer\":true,\"available_for_direct_debit\":true,\"active\":true,\"country\":\"Nigeria\",\"currency\":\"NGN\",\"type\":\"nuban\",\"is_deleted\":false,\"createdAt\":\"2020-03-10T11:41:36.000Z\",\"updatedAt\":\"2020-03-23T15:06:29.000Z\"},{\"id\":788,\"name\":\"TransPay MFB\",\"slug\":\"transpay-mfb-ng\",\"code\":\"090708\",\"longcode\":\"090708\",\"gateway\":\"\",\"pay_with_bank\":false,\"supports_transfer\":true,\"available_for_direct_debit\":false,\"active\":true,\"country\":\"Nigeria\",\"currency\":\"NGN\",\"type\":\"nuban\",\"is_deleted\":false,\"createdAt\":\"2024-07-19T12:38:48.000Z\",\"updatedAt\":\"2024-07-19T12:38:48.000Z\"},{\"id\":862,\"name\":\"TRUSTBANC J6 MICROFINANCE BANK\",\"slug\":\"trustbanc-j6-microfinance-bank-ng\",\"code\":\"51118\",\"longcode\":\"090123\",\"gateway\":null,\"pay_with_bank\":false,\"supports_transfer\":true,\"available_for_direct_debit\":false,\"active\":true,\"country\":\"Nigeria\",\"currency\":\"NGN\",\"type\":\"nuban\",\"is_deleted\":false,\"createdAt\":\"2025-09-08T09:20:31.000Z\",\"updatedAt\":\"2025-09-08T09:20:31.000Z\"},{\"id\":690,\"name\":\"U&C Microfinance Bank Ltd (U AND C MFB)\",\"slug\":\"uc-microfinance-bank-ltd-u-and-c-mfb-ng\",\"code\":\"50840\",\"longcode\":\"50840\",\"gateway\":null,\"pay_with_bank\":false,\"supports_transfer\":true,\"available_for_direct_debit\":false,\"active\":true,\"country\":\"Nigeria\",\"currency\":\"NGN\",\"type\":\"nuban\",\"is_deleted\":false,\"createdAt\":\"2023-03-27T16:55:53.000Z\",\"updatedAt\":\"2023-03-27T16:55:53.000Z\"},{\"id\":786,\"name\":\"UCEE MFB\",\"slug\":\"ucee-mfb-ng\",\"code\":\"090706\",\"longcode\":\"090706\",\"gateway\":\"\",\"pay_with_bank\":false,\"supports_transfer\":true,\"available_for_direct_debit\":false,\"active\":true,\"country\":\"Nigeria\",\"currency\":\"NGN\",\"type\":\"nuban\",\"is_deleted\":false,\"createdAt\":\"2024-07-19T12:37:46.000Z\",\"updatedAt\":\"2024-07-19T12:37:46.000Z\"},{\"id\":630,\"name\":\"Uhuru MFB\",\"slug\":\"uhuru-mfb-ng\",\"code\":\"51322\",\"longcode\":\"\",\"gateway\":null,\"pay_with_bank\":false,\"supports_transfer\":true,\"available_for_direct_debit\":false,\"active\":true,\"country\":\"Nigeria\",\"currency\":\"NGN\",\"type\":\"nuban\",\"is_deleted\":false,\"createdAt\":\"2022-09-14T12:58:20.000Z\",\"updatedAt\":\"2023-09-05T17:23:38.000Z\"},{\"id\":853,\"name\":\"Ultraviolet Microfinance Bank\",\"slug\":\"ultraviolet-microfinance-bank-ng\",\"code\":\"51080\",\"longcode\":\"090781\",\"gateway\":null,\"pay_with_bank\":false,\"supports_transfer\":true,\"available_for_direct_debit\":false,\"active\":true,\"country\":\"Nigeria\",\"currency\":\"NGN\",\"type\":\"nuban\",\"is_deleted\":false,\"createdAt\":\"2025-04-30T07:55:59.000Z\",\"updatedAt\":\"2025-04-30T07:55:59.000Z\"},{\"id\":678,\"name\":\"Unaab Microfinance Bank Limited\",\"slug\":\"unaab-microfinance-bank-limited-ng\",\"code\":\"50870\",\"longcode\":\"\",\"gateway\":null,\"pay_with_bank\":false,\"supports_transfer\":true,\"available_for_direct_debit\":false,\"active\":true,\"country\":\"Nigeria\",\"currency\":\"NGN\",\"type\":\"nuban\",\"is_deleted\":false,\"createdAt\":\"2022-11-24T13:47:10.000Z\",\"updatedAt\":\"2022-11-24T13:49:16.000Z\"},{\"id\":861,\"name\":\"UNIABUJA MFB\",\"slug\":\"uniabuja-mfb\",\"code\":\"51447\",\"longcode\":\"MFB51447\",\"gateway\":null,\"pay_with_bank\":false,\"supports_transfer\":true,\"available_for_direct_debit\":false,\"active\":true,\"country\":\"Nigeria\",\"currency\":\"NGN\",\"type\":\"nuban\",\"is_deleted\":false,\"createdAt\":\"2025-08-01T17:04:46.000Z\",\"updatedAt\":\"2025-08-04T10:51:00.000Z\"},{\"id\":282,\"name\":\"Unical MFB\",\"slug\":\"unical-mfb\",\"code\":\"50871\",\"longcode\":\"\",\"gateway\":null,\"pay_with_bank\":false,\"supports_transfer\":true,\"available_for_direct_debit\":false,\"active\":true,\"country\":\"Nigeria\",\"currency\":\"NGN\",\"type\":\"nuban\",\"is_deleted\":false,\"createdAt\":\"2022-01-10T09:52:47.000Z\",\"updatedAt\":\"2022-01-10T09:52:47.000Z\"},{\"id\":638,\"name\":\"Unilag Microfinance Bank\",\"slug\":\"unilag-microfinance-bank-ng\",\"code\":\"51316\",\"longcode\":\"\",\"gateway\":null,\"pay_with_bank\":false,\"supports_transfer\":true,\"available_for_direct_debit\":false,\"active\":true,\"country\":\"Nigeria\",\"currency\":\"NGN\",\"type\":\"nuban\",\"is_deleted\":false,\"createdAt\":\"2022-11-07T07:41:50.000Z\",\"updatedAt\":\"2022-11-07T07:41:50.000Z\"},{\"id\":823,\"name\":\"UNIMAID MICROFINANCE BANK\",\"slug\":\"unimaid-microfinance-bank-ng\",\"code\":\"50875\",\"longcode\":\"090464\",\"gateway\":null,\"pay_with_bank\":false,\"supports_transfer\":true,\"available_for_direct_debit\":false,\"active\":true,\"country\":\"Nigeria\",\"currency\":\"NGN\",\"type\":\"nuban\",\"is_deleted\":false,\"createdAt\":\"2025-02-11T11:04:00.000Z\",\"updatedAt\":\"2025-02-11T15:27:21.000Z\"},{\"id\":17,\"name\":\"Union Bank of Nigeria\",\"slug\":\"union-bank-of-nigeria\",\"code\":\"032\",\"longcode\":\"032080474\",\"gateway\":\"emandate\",\"pay_with_bank\":false,\"supports_transfer\":true,\"available_for_direct_debit\":true,\"active\":true,\"country\":\"Nigeria\",\"currency\":\"NGN\",\"type\":\"nuban\",\"is_deleted\":false,\"createdAt\":\"2016-07-14T10:04:29.000Z\",\"updatedAt\":\"2020-02-18T20:22:54.000Z\"},{\"id\":18,\"name\":\"United Bank For Africa\",\"slug\":\"united-bank-for-africa\",\"code\":\"033\",\"longcode\":\"033153513\",\"gateway\":\"emandate\",\"pay_with_bank\":false,\"supports_transfer\":true,\"available_for_direct_debit\":true,\"active\":true,\"country\":\"Nigeria\",\"currency\":\"NGN\",\"type\":\"nuban\",\"is_deleted\":false,\"createdAt\":\"2016-07-14T10:04:29.000Z\",\"updatedAt\":\"2022-03-09T10:28:57.000Z\"},{\"id\":19,\"name\":\"Unity Bank\",\"slug\":\"unity-bank\",\"code\":\"215\",\"longcode\":\"215154097\",\"gateway\":\"emandate\",\"pay_with_bank\":false,\"supports_transfer\":true,\"available_for_direct_debit\":true,\"active\":true,\"country\":\"Nigeria\",\"currency\":\"NGN\",\"type\":\"nuban\",\"is_deleted\":false,\"createdAt\":\"2016-07-14T10:04:29.000Z\",\"updatedAt\":\"2019-07-22T12:44:02.000Z\"},{\"id\":881,\"name\":\"UNIUYO Microfinance Bank Ltd\",\"slug\":\"uniuyo-microfinance-bank-ltd-ng\",\"code\":\"50880\",\"longcode\":\"090315\",\"gateway\":null,\"pay_with_bank\":false,\"supports_transfer\":true,\"available_for_direct_debit\":false,\"active\":true,\"country\":\"Nigeria\",\"currency\":\"NGN\",\"type\":\"nuban\",\"is_deleted\":false,\"createdAt\":\"2025-12-12T11:24:43.000Z\",\"updatedAt\":\"2025-12-12T11:24:43.000Z\"},{\"id\":737,\"name\":\"Uzondu Microfinance Bank Awka Anambra State\",\"slug\":\"uzondu-microfinance-bank-awka-anambra-state-ng\",\"code\":\"50894\",\"longcode\":\"50894\",\"gateway\":null,\"pay_with_bank\":false,\"supports_transfer\":true,\"available_for_direct_debit\":false,\"active\":true,\"country\":\"Nigeria\",\"currency\":\"NGN\",\"type\":\"nuban\",\"is_deleted\":false,\"createdAt\":\"2023-10-31T13:19:39.000Z\",\"updatedAt\":\"2023-10-31T13:19:39.000Z\"},{\"id\":725,\"name\":\"Vale Finance Limited\",\"slug\":\"vale-finance\",\"code\":\"050020\",\"longcode\":\"\",\"gateway\":\"emandate\",\"pay_with_bank\":false,\"supports_transfer\":true,\"available_for_direct_debit\":false,\"active\":true,\"country\":\"Nigeria\",\"currency\":\"NGN\",\"type\":\"nuban\",\"is_deleted\":false,\"createdAt\":\"2023-10-26T14:23:46.000Z\",\"updatedAt\":\"2023-10-26T14:23:46.000Z\"},{\"id\":71,\"name\":\"VFD Microfinance Bank Limited\",\"slug\":\"vfd\",\"code\":\"566\",\"longcode\":\"\",\"gateway\":null,\"pay_with_bank\":false,\"supports_transfer\":true,\"available_for_direct_debit\":false,\"active\":true,\"country\":\"Nigeria\",\"currency\":\"NGN\",\"type\":\"nuban\",\"is_deleted\":false,\"createdAt\":\"2020-02-11T15:44:11.000Z\",\"updatedAt\":\"2020-10-28T09:42:08.000Z\"},{\"id\":701,\"name\":\"Waya Microfinance Bank\",\"slug\":\"waya-microfinance-bank-ng\",\"code\":\"51355\",\"longcode\":\"51355\",\"gateway\":null,\"pay_with_bank\":false,\"supports_transfer\":true,\"available_for_direct_debit\":false,\"active\":true,\"country\":\"Nigeria\",\"currency\":\"NGN\",\"type\":\"nuban\",\"is_deleted\":false,\"createdAt\":\"2023-05-31T15:50:49.000Z\",\"updatedAt\":\"2023-05-31T15:50:49.000Z\"},{\"id\":20,\"name\":\"Wema Bank\",\"slug\":\"wema-bank\",\"code\":\"035\",\"longcode\":\"035150103\",\"gateway\":null,\"pay_with_bank\":false,\"supports_transfer\":true,\"available_for_direct_debit\":true,\"active\":true,\"country\":\"Nigeria\",\"currency\":\"NGN\",\"type\":\"nuban\",\"is_deleted\":false,\"createdAt\":\"2016-07-14T10:04:29.000Z\",\"updatedAt\":\"2021-02-09T17:49:59.000Z\"},{\"id\":854,\"name\":\"Weston Charis MFB\",\"slug\":\"weston-charis-mfb-ng\",\"code\":\"51386\",\"longcode\":\"090741\",\"gateway\":null,\"pay_with_bank\":false,\"supports_transfer\":true,\"available_for_direct_debit\":false,\"active\":true,\"country\":\"Nigeria\",\"currency\":\"NGN\",\"type\":\"nuban\",\"is_deleted\":false,\"createdAt\":\"2025-05-09T14:59:03.000Z\",\"updatedAt\":\"2025-05-09T14:59:03.000Z\"},{\"id\":827,\"name\":\"Xpress Wallet\",\"slug\":\"xpress-wallet-ng\",\"code\":\"100040\",\"longcode\":\"100040\",\"gateway\":null,\"pay_with_bank\":false,\"supports_transfer\":true,\"available_for_direct_debit\":false,\"active\":true,\"country\":\"Nigeria\",\"currency\":\"NGN\",\"type\":\"nuban\",\"is_deleted\":false,\"createdAt\":\"2025-02-24T13:47:43.000Z\",\"updatedAt\":\"2025-02-24T13:47:43.000Z\"},{\"id\":797,\"name\":\"Yes MFB\",\"slug\":\"yes-mfb-ng\",\"code\":\"594\",\"longcode\":\"090142\",\"gateway\":\"\",\"pay_with_bank\":false,\"supports_transfer\":true,\"available_for_direct_debit\":false,\"active\":true,\"country\":\"Nigeria\",\"currency\":\"NGN\",\"type\":\"nuban\",\"is_deleted\":false,\"createdAt\":\"2024-09-11T14:31:38.000Z\",\"updatedAt\":\"2024-09-11T14:31:38.000Z\"},{\"id\":870,\"name\":\"Zap\",\"slug\":\"zap\",\"code\":\"00zap\",\"longcode\":\"00zap\",\"gateway\":\"digitalbankmandate\",\"pay_with_bank\":false,\"supports_transfer\":true,\"available_for_direct_debit\":false,\"active\":true,\"country\":\"Nigeria\",\"currency\":\"NGN\",\"type\":\"nuban\",\"is_deleted\":false,\"createdAt\":\"2025-10-02T16:09:15.000Z\",\"updatedAt\":\"2025-10-08T09:41:00.000Z\"},{\"id\":21,\"name\":\"Zenith Bank\",\"slug\":\"zenith-bank\",\"code\":\"057\",\"longcode\":\"057150013\",\"gateway\":\"emandate\",\"pay_with_bank\":false,\"supports_transfer\":true,\"available_for_direct_debit\":true,\"active\":true,\"country\":\"Nigeria\",\"currency\":\"NGN\",\"type\":\"nuban\",\"is_deleted\":false,\"createdAt\":\"2016-07-14T10:04:29.000Z\",\"updatedAt\":\"2023-09-26T17:09:43.000Z\"},{\"id\":876,\"name\":\"Zitra MFB\",\"slug\":\"zitra-mfb-ng\",\"code\":\"51373\",\"longcode\":\"090718\",\"gateway\":null,\"pay_with_bank\":false,\"supports_transfer\":true,\"available_for_direct_debit\":false,\"active\":true,\"country\":\"Nigeria\",\"currency\":\"NGN\",\"type\":\"nuban\",\"is_deleted\":false,\"createdAt\":\"2025-11-07T14:05:36.000Z\",\"updatedAt\":\"2025-11-07T14:05:36.000Z\"}]}', 200, 'success', NULL, '2026-03-05 03:19:13');
INSERT INTO `payment_gateway_logs` (`id`, `payment_gateway_setting_id`, `event_type`, `method`, `request_data`, `response_data`, `response_code`, `status`, `error_message`, `logged_at`) VALUES
(5, 1, 'environment_switch', NULL, NULL, NULL, NULL, 'success', NULL, '2026-03-05 03:19:17');

-- --------------------------------------------------------

--
-- Table structure for table `payment_gateway_settings`
--

CREATE TABLE `payment_gateway_settings` (
  `id` bigint UNSIGNED NOT NULL,
  `gateway_name` varchar(255) COLLATE utf8mb4_unicode_ci NOT NULL,
  `is_enabled` tinyint(1) NOT NULL DEFAULT '0',
  `is_default` tinyint(1) NOT NULL DEFAULT '0',
  `priority` int NOT NULL DEFAULT '0',
  `environment` varchar(255) COLLATE utf8mb4_unicode_ci NOT NULL DEFAULT 'sandbox',
  `credentials` text COLLATE utf8mb4_unicode_ci NOT NULL,
  `webhook_url` varchar(255) COLLATE utf8mb4_unicode_ci DEFAULT NULL,
  `webhook_secret` varchar(255) COLLATE utf8mb4_unicode_ci DEFAULT NULL,
  `last_webhook_at` timestamp NULL DEFAULT NULL,
  `transaction_fee_percentage` decimal(5,2) DEFAULT NULL,
  `transaction_fee_flat` decimal(10,2) DEFAULT NULL,
  `connection_status` varchar(255) COLLATE utf8mb4_unicode_ci NOT NULL DEFAULT 'unknown',
  `last_test_at` timestamp NULL DEFAULT NULL,
  `last_test_response` longtext COLLATE utf8mb4_unicode_ci,
  `created_at` timestamp NULL DEFAULT NULL,
  `updated_at` timestamp NULL DEFAULT NULL
) ENGINE=InnoDB DEFAULT CHARSET=utf8mb4 COLLATE=utf8mb4_unicode_ci;

--
-- Dumping data for table `payment_gateway_settings`
--

INSERT INTO `payment_gateway_settings` (`id`, `gateway_name`, `is_enabled`, `is_default`, `priority`, `environment`, `credentials`, `webhook_url`, `webhook_secret`, `last_webhook_at`, `transaction_fee_percentage`, `transaction_fee_flat`, `connection_status`, `last_test_at`, `last_test_response`, `created_at`, `updated_at`) VALUES
(1, 'paystack', 0, 0, 1, 'sandbox', 'eyJpdiI6ImR4NDlZSVFmL3ZoL1VVZzJWY3lHdHc9PSIsInZhbHVlIjoiVXZxYldOemRwTmxzQTA3UzQ3WGRvdTRERUxFVWRtOCs0blBuL0dXZzRqckxZQ1BWNUpvMGpDVlFMUlREKzV2TTcwdytycXVYSFB5dmNCR0pSZTkvbFpCWVZzYnhlSUFwdjgzN1JsaUxwYjYvZTZlcmwvcmxGM3ZrMFRIQWtNVVhSTnJmQVZ0c21LK1NnNFBadUVXZkgwc0N5MGsySGovSEFqM2pBc1d4WEFoWEhWZkRPUng4bi9VdHpBTjM5ckVaR0xIdysyTzJBQWo4NVNyMlVRZHdaeWtFUnpHZzZMR0I4ZDZzQll5eUNBOD0iLCJtYWMiOiI1NDFiYTIyOGFjOTEyYWYxNGJjNGFkZTJiZTg2YjBhYTViZWY5OTEzNTFmMmI1MjRmNDQ0MTEzNzQ0MmIwMGM4IiwidGFnIjoiIn0=', 'http://localhost/webhooks/paystack?environment=sandbox', '', NULL, 2.90, 100.00, 'active', '2026-03-05 03:13:20', '{\"status\":\"success\",\"banks_count\":236}', '2026-03-05 03:11:12', '2026-03-05 03:13:20'),
(2, 'paystack', 0, 0, 1, 'production', 'eyJpdiI6ImVLYWxHUGRPUWNZSG9MbUJEUG1jM2c9PSIsInZhbHVlIjoiWTZkdjdpdjZ4QVdWYXpQZzBmYi9WRG9CSXUralZNc2s1RWp3Y1lkcVdNTkQ4WlVZZTNvaDRDWnFqLzY3WjRZb3NGZ0lKSlExZWRjNEZuL0hmVVBiaVhxVHdyS0UyY1c3d1RwSUxUY1VBYUtjMG1OZCtmQmNVUU1XMVprNmxqMGhYK1ozYlBaTHplSVpZbVRwM3dQeFJpc3g0THgrdTNuaUozTkpmdTJpWUNIQnNtS2J6WWw2N3VxRnprSm1ESEEzdzVOU1YrMG1hcFVIUFQ3aTlpRGZGdFZ0WTZMem02UzNWeGNsRk9sc1hiQT0iLCJtYWMiOiJiNmExMWJkZGVmYjQwNzNiZDMzM2JiMGIyMzE4ZjFmZTNkNDQ5YmYwYWQxN2I2YzhkNTdkY2YyNmI1OGU1OWQyIiwidGFnIjoiIn0=', 'http://localhost/webhooks/paystack?environment=production', '', NULL, 2.90, 100.00, 'active', '2026-03-05 03:19:13', '{\"status\":\"success\",\"banks_count\":236}', '2026-03-05 03:11:12', '2026-03-05 03:19:13');

-- --------------------------------------------------------

--
-- Table structure for table `payouts`
--

CREATE TABLE `payouts` (
  `id` bigint UNSIGNED NOT NULL,
  `uuid` char(36) COLLATE utf8mb4_unicode_ci NOT NULL,
  `client_id` bigint UNSIGNED NOT NULL,
  `payout_number` varchar(255) COLLATE utf8mb4_unicode_ci NOT NULL,
  `amount` decimal(15,2) NOT NULL,
  `currency` varchar(3) COLLATE utf8mb4_unicode_ci NOT NULL DEFAULT 'KES',
  `payout_method` enum('mpesa','bank_transfer','instasend','paystack_transfer') COLLATE utf8mb4_unicode_ci NOT NULL,
  `account_id` bigint UNSIGNED NOT NULL,
  `account_details` text COLLATE utf8mb4_unicode_ci,
  `status` enum('pending','processing','approved','completed','failed','cancelled','rejected') COLLATE utf8mb4_unicode_ci NOT NULL DEFAULT 'pending',
  `requested_by` bigint UNSIGNED NOT NULL,
  `approved_by` bigint UNSIGNED DEFAULT NULL,
  `processed_by` bigint UNSIGNED DEFAULT NULL,
  `rejection_reason` text COLLATE utf8mb4_unicode_ci,
  `failure_reason` text COLLATE utf8mb4_unicode_ci,
  `notes` text COLLATE utf8mb4_unicode_ci,
  `gateway_payout_id` varchar(255) COLLATE utf8mb4_unicode_ci DEFAULT NULL,
  `gateway_reference` varchar(255) COLLATE utf8mb4_unicode_ci DEFAULT NULL,
  `gateway_response` text COLLATE utf8mb4_unicode_ci,
  `processing_fee` decimal(10,2) NOT NULL DEFAULT '0.00',
  `net_amount` decimal(15,2) NOT NULL,
  `requested_at` timestamp NOT NULL DEFAULT CURRENT_TIMESTAMP,
  `approved_at` timestamp NULL DEFAULT NULL,
  `processed_at` timestamp NULL DEFAULT NULL,
  `completed_at` timestamp NULL DEFAULT NULL,
  `failed_at` timestamp NULL DEFAULT NULL,
  `created_at` timestamp NULL DEFAULT NULL,
  `updated_at` timestamp NULL DEFAULT NULL,
  `deleted_at` timestamp NULL DEFAULT NULL
) ENGINE=InnoDB DEFAULT CHARSET=utf8mb4 COLLATE=utf8mb4_unicode_ci;

--
-- Dumping data for table `payouts`
--

INSERT INTO `payouts` (`id`, `uuid`, `client_id`, `payout_number`, `amount`, `currency`, `payout_method`, `account_id`, `account_details`, `status`, `requested_by`, `approved_by`, `processed_by`, `rejection_reason`, `failure_reason`, `notes`, `gateway_payout_id`, `gateway_reference`, `gateway_response`, `processing_fee`, `net_amount`, `requested_at`, `approved_at`, `processed_at`, `completed_at`, `failed_at`, `created_at`, `updated_at`, `deleted_at`) VALUES
(1, '9b35894e-4c4f-43ef-a1df-8aae117ee020', 1, 'PO-260216-001', 8000.00, 'KES', 'mpesa', 1, '{\"phone_number\":\"254712345678\",\"account_name\":\"John Doe Events\",\"paybill\":null,\"till_number\":null}', 'completed', 1, 1, 1, NULL, NULL, NULL, NULL, NULL, NULL, 160.00, 7840.00, '2026-03-02 05:38:13', '2026-03-03 05:58:27', '2026-03-03 05:58:43', '2026-03-03 05:58:45', NULL, '2026-03-03 05:38:13', '2026-03-03 05:58:45', NULL),
(2, '44291092-5ad9-49a7-93ea-4715defd540e', 1, 'PO-260221-002', 15000.00, 'KES', 'mpesa', 1, '{\"phone_number\":\"254712345678\",\"account_name\":\"John Doe Events\",\"paybill\":null,\"till_number\":null}', 'completed', 1, 1, 1, NULL, NULL, NULL, NULL, NULL, NULL, 300.00, 14700.00, '2026-02-26 05:38:13', '2026-02-27 05:38:13', '2026-03-03 05:58:58', '2026-03-03 05:58:59', NULL, '2026-03-03 05:38:13', '2026-03-03 05:58:59', NULL),
(3, '8ff3631a-79a6-45fe-a18d-f1fd2aa4d8d6', 1, 'PO-260226-003', 25000.00, 'KES', 'mpesa', 1, '{\"phone_number\":\"254712345678\",\"account_name\":\"John Doe Events\",\"paybill\":null,\"till_number\":null}', 'completed', 1, 1, 1, NULL, NULL, NULL, 'MPESA_DRBSYM899I', 'QGRUVWCL74I', '\"{\\\"ResultCode\\\":0,\\\"ResultDesc\\\":\\\"The service request is processed successfully.\\\"}\"', 500.00, 24500.00, '2026-02-16 05:38:13', '2026-02-17 05:38:13', '2026-02-18 05:38:13', '2026-02-18 05:38:13', NULL, '2026-03-03 05:38:13', '2026-03-03 05:38:13', NULL);

-- --------------------------------------------------------

--
-- Table structure for table `payout_items`
--

CREATE TABLE `payout_items` (
  `id` bigint UNSIGNED NOT NULL,
  `payout_id` bigint UNSIGNED NOT NULL,
  `transaction_id` bigint UNSIGNED NOT NULL,
  `amount` decimal(15,2) NOT NULL,
  `created_at` timestamp NULL DEFAULT NULL,
  `updated_at` timestamp NULL DEFAULT NULL
) ENGINE=InnoDB DEFAULT CHARSET=utf8mb4 COLLATE=utf8mb4_unicode_ci;

--
-- Dumping data for table `payout_items`
--

INSERT INTO `payout_items` (`id`, `payout_id`, `transaction_id`, `amount`, `created_at`, `updated_at`) VALUES
(1, 3, 1, 2550.00, '2026-03-03 05:38:13', '2026-03-03 05:38:13'),
(2, 3, 2, 1275.00, '2026-03-03 05:38:13', '2026-03-03 05:38:13'),
(3, 3, 3, 1275.00, '2026-03-03 05:38:13', '2026-03-03 05:38:13'),
(4, 3, 4, 4250.00, '2026-03-03 05:38:13', '2026-03-03 05:38:13'),
(5, 3, 5, 4250.00, '2026-03-03 05:38:13', '2026-03-03 05:38:13');

-- --------------------------------------------------------

--
-- Table structure for table `permissions`
--

CREATE TABLE `permissions` (
  `id` bigint UNSIGNED NOT NULL,
  `name` varchar(255) COLLATE utf8mb4_unicode_ci NOT NULL,
  `guard_name` varchar(255) COLLATE utf8mb4_unicode_ci NOT NULL,
  `created_at` timestamp NULL DEFAULT NULL,
  `updated_at` timestamp NULL DEFAULT NULL
) ENGINE=InnoDB DEFAULT CHARSET=utf8mb4 COLLATE=utf8mb4_unicode_ci;

--
-- Dumping data for table `permissions`
--

INSERT INTO `permissions` (`id`, `name`, `guard_name`, `created_at`, `updated_at`) VALUES
(1, 'view-clients', 'web', '2026-02-12 09:06:46', '2026-02-12 09:06:46'),
(2, 'create-clients', 'web', '2026-02-12 09:06:46', '2026-02-12 09:06:46'),
(3, 'edit-clients', 'web', '2026-02-12 09:06:46', '2026-02-12 09:06:46'),
(4, 'delete-clients', 'web', '2026-02-12 09:06:46', '2026-02-12 09:06:46'),
(5, 'view-users', 'web', '2026-02-12 09:06:46', '2026-02-12 09:06:46'),
(6, 'create-users', 'web', '2026-02-12 09:06:46', '2026-02-12 09:06:46'),
(7, 'edit-users', 'web', '2026-02-12 09:06:46', '2026-02-12 09:06:46'),
(8, 'delete-users', 'web', '2026-02-12 09:06:46', '2026-02-12 09:06:46'),
(9, 'view-events', 'web', '2026-02-12 09:06:46', '2026-02-12 09:06:46'),
(10, 'create-events', 'web', '2026-02-12 09:06:46', '2026-02-12 09:06:46'),
(11, 'edit-events', 'web', '2026-02-12 09:06:46', '2026-02-12 09:06:46'),
(12, 'delete-events', 'web', '2026-02-12 09:06:46', '2026-02-12 09:06:46'),
(13, 'manage-event-registrations', 'web', '2026-02-12 09:06:46', '2026-02-12 09:06:46'),
(14, 'view-voting-sessions', 'web', '2026-02-12 09:06:46', '2026-02-12 09:06:46'),
(15, 'create-voting-sessions', 'web', '2026-02-12 09:06:46', '2026-02-12 09:06:46'),
(16, 'edit-voting-sessions', 'web', '2026-02-12 09:06:46', '2026-02-12 09:06:46'),
(17, 'delete-voting-sessions', 'web', '2026-02-12 09:06:46', '2026-02-12 09:06:46'),
(18, 'manage-candidates', 'web', '2026-02-12 09:06:46', '2026-02-12 09:06:46'),
(19, 'view-voting-results', 'web', '2026-02-12 09:06:46', '2026-02-12 09:06:46'),
(20, 'view-polls', 'web', '2026-02-12 09:06:46', '2026-02-12 09:06:46'),
(21, 'create-polls', 'web', '2026-02-12 09:06:46', '2026-02-12 09:06:46'),
(22, 'edit-polls', 'web', '2026-02-12 09:06:46', '2026-02-12 09:06:46'),
(23, 'delete-polls', 'web', '2026-02-12 09:06:46', '2026-02-12 09:06:46'),
(24, 'view-poll-results', 'web', '2026-02-12 09:06:46', '2026-02-12 09:06:46'),
(25, 'view-tickets', 'web', '2026-02-12 09:06:46', '2026-02-12 09:06:46'),
(26, 'create-tickets', 'web', '2026-02-12 09:06:46', '2026-02-12 09:06:46'),
(27, 'edit-tickets', 'web', '2026-02-12 09:06:46', '2026-02-12 09:06:46'),
(28, 'delete-tickets', 'web', '2026-02-12 09:06:46', '2026-02-12 09:06:46'),
(29, 'check-in-tickets', 'web', '2026-02-12 09:06:46', '2026-02-12 09:06:46'),
(30, 'view-transactions', 'web', '2026-02-12 09:06:46', '2026-02-12 09:06:46'),
(31, 'create-transactions', 'web', '2026-02-12 09:06:46', '2026-02-12 09:06:46'),
(32, 'process-refunds', 'web', '2026-02-12 09:06:46', '2026-02-12 09:06:46'),
(33, 'view-invoices', 'web', '2026-02-12 09:06:46', '2026-02-12 09:06:46'),
(34, 'create-invoices', 'web', '2026-02-12 09:06:46', '2026-02-12 09:06:46'),
(35, 'view-posts', 'web', '2026-02-12 09:06:46', '2026-02-12 09:06:46'),
(36, 'create-posts', 'web', '2026-02-12 09:06:46', '2026-02-12 09:06:46'),
(37, 'edit-posts', 'web', '2026-02-12 09:06:46', '2026-02-12 09:06:46'),
(38, 'delete-posts', 'web', '2026-02-12 09:06:46', '2026-02-12 09:06:46'),
(39, 'publish-posts', 'web', '2026-02-12 09:06:46', '2026-02-12 09:06:46'),
(40, 'view-settings', 'web', '2026-02-12 09:06:46', '2026-02-12 09:06:46'),
(41, 'edit-settings', 'web', '2026-02-12 09:06:46', '2026-02-12 09:06:46'),
(42, 'view-reports', 'web', '2026-02-12 09:06:46', '2026-02-12 09:06:46'),
(43, 'export-reports', 'web', '2026-02-12 09:06:46', '2026-02-12 09:06:46'),
(44, 'update-events', 'web', '2026-03-13 14:20:36', '2026-03-13 14:20:36'),
(45, 'publish-events', 'web', '2026-03-13 14:20:36', '2026-03-13 14:20:36'),
(46, 'cancel-events', 'web', '2026-03-13 14:20:36', '2026-03-13 14:20:36'),
(47, 'approve-events', 'web', '2026-03-13 14:20:36', '2026-03-13 14:20:36'),
(48, 'reject-events', 'web', '2026-03-13 14:20:36', '2026-03-13 14:20:36');

-- --------------------------------------------------------

--
-- Table structure for table `polls`
--

CREATE TABLE `polls` (
  `id` bigint UNSIGNED NOT NULL,
  `client_id` bigint UNSIGNED DEFAULT NULL,
  `event_id` bigint UNSIGNED DEFAULT NULL,
  `title` varchar(255) COLLATE utf8mb4_unicode_ci NOT NULL,
  `description` text COLLATE utf8mb4_unicode_ci,
  `poll_type` enum('single_choice','multiple_choice','checkbox','rating','text','mixed') COLLATE utf8mb4_unicode_ci NOT NULL DEFAULT 'single_choice',
  `allow_anonymous` tinyint(1) NOT NULL DEFAULT '0',
  `allow_multiple_votes` tinyint(1) NOT NULL DEFAULT '0',
  `show_results_before_voting` tinyint(1) NOT NULL DEFAULT '0',
  `start_date` timestamp NULL DEFAULT NULL,
  `end_date` timestamp NULL DEFAULT NULL,
  `status` enum('draft','active','closed') COLLATE utf8mb4_unicode_ci NOT NULL DEFAULT 'draft',
  `total_votes` int UNSIGNED NOT NULL DEFAULT '0',
  `created_by` bigint UNSIGNED DEFAULT NULL,
  `created_at` timestamp NULL DEFAULT NULL,
  `updated_at` timestamp NULL DEFAULT NULL
) ENGINE=InnoDB DEFAULT CHARSET=utf8mb4 COLLATE=utf8mb4_unicode_ci;

--
-- Dumping data for table `polls`
--

INSERT INTO `polls` (`id`, `client_id`, `event_id`, `title`, `description`, `poll_type`, `allow_anonymous`, `allow_multiple_votes`, `show_results_before_voting`, `start_date`, `end_date`, `status`, `total_votes`, `created_by`, `created_at`, `updated_at`) VALUES
(1, 1, 60, 'Which award category resonates with you most?', 'Help us understand what matters most to our community', 'single_choice', 1, 0, 1, '2026-03-11 07:06:41', '2026-03-25 07:06:41', 'active', 137, NULL, '2026-03-11 07:06:41', '2026-03-11 07:06:41'),
(2, 1, 61, 'Who deserves Innovator of the Year?', 'Tell us who you think should take home this prestigious award', 'single_choice', 1, 0, 1, '2026-03-11 07:06:44', '2026-04-05 07:06:44', 'active', 312, NULL, '2026-03-11 07:06:44', '2026-03-11 07:06:44'),
(3, 1, 61, 'Rate the nomination process', 'How would you rate your experience nominating candidates?', 'rating', 1, 0, 0, '2026-03-11 07:06:44', '2026-04-10 07:06:44', 'active', 162, NULL, '2026-03-11 07:06:44', '2026-03-11 07:06:44'),
(4, 1, 62, 'Which tech sector deserves to win?', 'Select all sectors you think are most impactful', 'multiple_choice', 1, 0, 1, '2026-03-11 07:06:47', '2026-03-22 07:06:47', 'active', 512, NULL, '2026-03-11 07:06:47', '2026-03-11 07:06:47');

-- --------------------------------------------------------

--
-- Table structure for table `poll_analytics`
--

CREATE TABLE `poll_analytics` (
  `id` bigint UNSIGNED NOT NULL,
  `client_id` bigint UNSIGNED NOT NULL,
  `poll_id` bigint UNSIGNED NOT NULL,
  `poll_question_id` bigint UNSIGNED DEFAULT NULL,
  `poll_option_id` bigint UNSIGNED DEFAULT NULL,
  `date` date NOT NULL,
  `hour` tinyint UNSIGNED DEFAULT NULL,
  `response_count` int UNSIGNED NOT NULL DEFAULT '0',
  `unique_respondents` int UNSIGNED NOT NULL DEFAULT '0',
  `average_rating` decimal(3,2) DEFAULT NULL,
  `option_votes` int UNSIGNED NOT NULL DEFAULT '0',
  `option_percentage` decimal(5,2) NOT NULL DEFAULT '0.00',
  `demographic_breakdown` json DEFAULT NULL,
  `source_breakdown` json DEFAULT NULL,
  `created_at` timestamp NULL DEFAULT NULL,
  `updated_at` timestamp NULL DEFAULT NULL
) ENGINE=InnoDB DEFAULT CHARSET=utf8mb4 COLLATE=utf8mb4_unicode_ci;

--
-- Dumping data for table `poll_analytics`
--

INSERT INTO `poll_analytics` (`id`, `client_id`, `poll_id`, `poll_question_id`, `poll_option_id`, `date`, `hour`, `response_count`, `unique_respondents`, `average_rating`, `option_votes`, `option_percentage`, `demographic_breakdown`, `source_breakdown`, `created_at`, `updated_at`) VALUES
(3, 1, 3, NULL, NULL, '2026-02-12', NULL, 450, 380, NULL, 0, 0.00, NULL, NULL, '2026-02-12 09:06:48', '2026-02-12 09:06:48');

-- --------------------------------------------------------

--
-- Table structure for table `poll_options`
--

CREATE TABLE `poll_options` (
  `id` bigint UNSIGNED NOT NULL,
  `poll_id` bigint UNSIGNED NOT NULL,
  `option_text` varchar(255) COLLATE utf8mb4_unicode_ci NOT NULL,
  `option_image` varchar(255) COLLATE utf8mb4_unicode_ci DEFAULT NULL,
  `sort_order` int NOT NULL DEFAULT '0',
  `vote_count` int UNSIGNED NOT NULL DEFAULT '0',
  `created_at` timestamp NULL DEFAULT NULL,
  `updated_at` timestamp NULL DEFAULT NULL
) ENGINE=InnoDB DEFAULT CHARSET=utf8mb4 COLLATE=utf8mb4_unicode_ci;

--
-- Dumping data for table `poll_options`
--

INSERT INTO `poll_options` (`id`, `poll_id`, `option_text`, `option_image`, `sort_order`, `vote_count`, `created_at`, `updated_at`) VALUES
(1, 1, 'Top Business Innovator', NULL, 0, 58, '2026-03-11 07:06:41', '2026-03-11 07:06:41'),
(2, 1, 'Community Champion', NULL, 1, 57, '2026-03-11 07:06:41', '2026-03-11 07:06:41'),
(3, 1, 'Rising Startup of the Year', NULL, 2, 22, '2026-03-11 07:06:41', '2026-03-11 07:06:41'),
(4, 2, 'Kelvin Ouma', NULL, 0, 61, '2026-03-11 07:06:44', '2026-03-11 07:06:44'),
(5, 2, 'Lydia Maina', NULL, 1, 77, '2026-03-11 07:06:44', '2026-03-11 07:06:44'),
(6, 2, 'Victor Kiprop', NULL, 2, 59, '2026-03-11 07:06:44', '2026-03-11 07:06:44'),
(7, 2, 'Esther Auma', NULL, 3, 115, '2026-03-11 07:06:44', '2026-03-11 07:06:44'),
(8, 3, '1 - Poor', NULL, 0, 57, '2026-03-11 07:06:44', '2026-03-11 07:06:44'),
(9, 3, '2 - Fair', NULL, 1, 33, '2026-03-11 07:06:44', '2026-03-11 07:06:44'),
(10, 3, '3 - Good', NULL, 2, 14, '2026-03-11 07:06:44', '2026-03-11 07:06:44'),
(11, 3, '4 - Very Good', NULL, 3, 43, '2026-03-11 07:06:44', '2026-03-11 07:06:44'),
(12, 3, '5 - Excellent', NULL, 4, 15, '2026-03-11 07:06:44', '2026-03-11 07:06:44'),
(13, 4, 'Fintech & Payments', NULL, 0, 134, '2026-03-11 07:06:47', '2026-03-11 07:06:47'),
(14, 4, 'AgriTech', NULL, 1, 153, '2026-03-11 07:06:47', '2026-03-11 07:06:47'),
(15, 4, 'HealthTech', NULL, 2, 154, '2026-03-11 07:06:47', '2026-03-11 07:06:47'),
(16, 4, 'EdTech', NULL, 3, 71, '2026-03-11 07:06:47', '2026-03-11 07:06:47');

-- --------------------------------------------------------

--
-- Table structure for table `poll_questions`
--

CREATE TABLE `poll_questions` (
  `id` bigint UNSIGNED NOT NULL,
  `poll_id` bigint UNSIGNED NOT NULL,
  `question` varchar(255) COLLATE utf8mb4_unicode_ci NOT NULL,
  `description` text COLLATE utf8mb4_unicode_ci,
  `question_type` enum('single_choice','multiple_choice','rating','text','yes_no','scale') COLLATE utf8mb4_unicode_ci NOT NULL DEFAULT 'single_choice',
  `is_required` tinyint(1) NOT NULL DEFAULT '1',
  `sort_order` int NOT NULL DEFAULT '0',
  `min_selections` int UNSIGNED DEFAULT NULL,
  `max_selections` int UNSIGNED DEFAULT NULL,
  `rating_scale` tinyint UNSIGNED NOT NULL DEFAULT '5',
  `settings` json DEFAULT NULL,
  `is_active` tinyint(1) NOT NULL DEFAULT '1',
  `created_at` timestamp NULL DEFAULT NULL,
  `updated_at` timestamp NULL DEFAULT NULL
) ENGINE=InnoDB DEFAULT CHARSET=utf8mb4 COLLATE=utf8mb4_unicode_ci;

-- --------------------------------------------------------

--
-- Table structure for table `poll_responses`
--

CREATE TABLE `poll_responses` (
  `id` bigint UNSIGNED NOT NULL,
  `poll_id` bigint UNSIGNED NOT NULL,
  `poll_option_id` bigint UNSIGNED DEFAULT NULL,
  `user_id` bigint UNSIGNED DEFAULT NULL,
  `response_text` text COLLATE utf8mb4_unicode_ci,
  `rating_value` tinyint UNSIGNED DEFAULT NULL,
  `ip_address` varchar(45) COLLATE utf8mb4_unicode_ci DEFAULT NULL,
  `user_agent` text COLLATE utf8mb4_unicode_ci,
  `created_at` timestamp NULL DEFAULT NULL,
  `updated_at` timestamp NULL DEFAULT NULL
) ENGINE=InnoDB DEFAULT CHARSET=utf8mb4 COLLATE=utf8mb4_unicode_ci;

-- --------------------------------------------------------

--
-- Table structure for table `poll_settings`
--

CREATE TABLE `poll_settings` (
  `id` bigint UNSIGNED NOT NULL,
  `client_id` bigint UNSIGNED NOT NULL,
  `poll_id` bigint UNSIGNED DEFAULT NULL,
  `key` varchar(100) COLLATE utf8mb4_unicode_ci NOT NULL,
  `value` text COLLATE utf8mb4_unicode_ci,
  `type` varchar(20) COLLATE utf8mb4_unicode_ci NOT NULL DEFAULT 'string',
  `group` varchar(50) COLLATE utf8mb4_unicode_ci NOT NULL DEFAULT 'general',
  `description` text COLLATE utf8mb4_unicode_ci,
  `created_at` timestamp NULL DEFAULT NULL,
  `updated_at` timestamp NULL DEFAULT NULL
) ENGINE=InnoDB DEFAULT CHARSET=utf8mb4 COLLATE=utf8mb4_unicode_ci;

--
-- Dumping data for table `poll_settings`
--

INSERT INTO `poll_settings` (`id`, `client_id`, `poll_id`, `key`, `value`, `type`, `group`, `description`, `created_at`, `updated_at`) VALUES
(5, 1, 3, 'max_selections', '3', 'integer', 'general', NULL, '2026-02-12 09:06:48', '2026-02-12 09:06:48'),
(6, 1, 3, 'show_percentage', 'true', 'boolean', 'general', NULL, '2026-02-12 09:06:48', '2026-02-12 09:06:48');

-- --------------------------------------------------------

--
-- Table structure for table `posts`
--

CREATE TABLE `posts` (
  `id` bigint UNSIGNED NOT NULL,
  `uuid` char(36) COLLATE utf8mb4_unicode_ci NOT NULL,
  `client_id` bigint UNSIGNED NOT NULL,
  `event_id` bigint UNSIGNED DEFAULT NULL,
  `category_id` bigint UNSIGNED DEFAULT NULL,
  `author_id` bigint UNSIGNED NOT NULL,
  `title` varchar(255) COLLATE utf8mb4_unicode_ci NOT NULL,
  `slug` varchar(255) COLLATE utf8mb4_unicode_ci NOT NULL,
  `excerpt` text COLLATE utf8mb4_unicode_ci,
  `content` longtext COLLATE utf8mb4_unicode_ci NOT NULL,
  `featured_image` varchar(255) COLLATE utf8mb4_unicode_ci DEFAULT NULL,
  `featured_image_alt` varchar(255) COLLATE utf8mb4_unicode_ci DEFAULT NULL,
  `status` enum('draft','pending','published','scheduled','archived') COLLATE utf8mb4_unicode_ci NOT NULL DEFAULT 'draft',
  `published_at` timestamp NULL DEFAULT NULL,
  `is_featured` tinyint(1) NOT NULL DEFAULT '0',
  `is_sticky` tinyint(1) NOT NULL DEFAULT '0',
  `is_commentable` tinyint(1) NOT NULL DEFAULT '1',
  `views_count` int UNSIGNED NOT NULL DEFAULT '0',
  `comments_count` int UNSIGNED NOT NULL DEFAULT '0',
  `likes_count` int UNSIGNED NOT NULL DEFAULT '0',
  `reading_time` int UNSIGNED DEFAULT NULL,
  `seo_title` varchar(255) COLLATE utf8mb4_unicode_ci DEFAULT NULL,
  `seo_description` text COLLATE utf8mb4_unicode_ci,
  `seo_keywords` text COLLATE utf8mb4_unicode_ci,
  `og_image` varchar(255) COLLATE utf8mb4_unicode_ci DEFAULT NULL,
  `og_description` text COLLATE utf8mb4_unicode_ci,
  `canonical_url` varchar(255) COLLATE utf8mb4_unicode_ci DEFAULT NULL,
  `created_at` timestamp NULL DEFAULT NULL,
  `updated_at` timestamp NULL DEFAULT NULL,
  `deleted_at` timestamp NULL DEFAULT NULL
) ENGINE=InnoDB DEFAULT CHARSET=utf8mb4 COLLATE=utf8mb4_unicode_ci;

--
-- Dumping data for table `posts`
--

INSERT INTO `posts` (`id`, `uuid`, `client_id`, `event_id`, `category_id`, `author_id`, `title`, `slug`, `excerpt`, `content`, `featured_image`, `featured_image_alt`, `status`, `published_at`, `is_featured`, `is_sticky`, `is_commentable`, `views_count`, `comments_count`, `likes_count`, `reading_time`, `seo_title`, `seo_description`, `seo_keywords`, `og_image`, `og_description`, `canonical_url`, `created_at`, `updated_at`, `deleted_at`) VALUES
(11, '7423d28d-1314-41bf-8a03-1e5c47961957', 2, NULL, 7, 4, 'IKWA Awards 2026: Voting Now Open', 'ikwa-awards-2026-voting-now-open', 'The event management landscape continues to evolve with new technologies and innovative approaches. Organizations are discovering that creating memora...', '<p>The event management landscape continues to evolve with new technologies and innovative approaches. Organizations are discovering that creating memorable experiences requires a combination of strategic planning, audience engagement, and seamless execution.</p><p>In today\'s digital age, event organizers have access to powerful tools that streamline ticketing, enhance attendee experiences, and provide valuable insights through data analytics. These platforms enable organizers to focus on what matters most: creating exceptional events that resonate with their audience.</p><p>Successful events are built on strong foundations of communication, collaboration, and creativity. By leveraging modern event management solutions, organizers can reduce administrative overhead while increasing attendee satisfaction and engagement.</p>', NULL, NULL, 'published', '2026-02-28 17:44:05', 1, 0, 1, 0, 0, 0, 5, 'IKWA Awards 2026: Voting Now Open - Tech Events Kenya', 'The event management landscape continues to evolve with new technologies and innovative approaches. Organizations are discovering that creating memora...', 'events, ticketing, voting, awards', 'media/posts/post-image-7.jpg', 'The event management landscape continues to evolve with new technologies and innovative approaches. Organizations are discovering that creating memora...', NULL, '2026-03-03 17:44:05', '2026-03-03 18:10:35', NULL),
(12, 'ebb58c00-189e-4aa9-8b88-22a751eb33df', 2, NULL, 6, 4, 'How to Create Memorable Event Experiences', 'how-to-create-memorable-event-experiences', 'The event management landscape continues to evolve with new technologies and innovative approaches. Organizations are discovering that creating memora...', '<p>The event management landscape continues to evolve with new technologies and innovative approaches. Organizations are discovering that creating memorable experiences requires a combination of strategic planning, audience engagement, and seamless execution.</p><p>In today\'s digital age, event organizers have access to powerful tools that streamline ticketing, enhance attendee experiences, and provide valuable insights through data analytics. These platforms enable organizers to focus on what matters most: creating exceptional events that resonate with their audience.</p><p>Successful events are built on strong foundations of communication, collaboration, and creativity. By leveraging modern event management solutions, organizers can reduce administrative overhead while increasing attendee satisfaction and engagement.</p>', 'posts/featured-images/USRuIafSjjrBkXfUsAyvvNlK10mmkUzexdyb1UHn.webp', 'How to Create Memorable Event Experiences', 'published', '2026-02-24 17:44:00', 0, 0, 1, 0, 0, 0, 1, 'How to Create Memorable Event Experiences - Tech Events Kenya', 'The event management landscape continues to evolve with new technologies and innovative approaches. Organizations are discovering that creating memora...', 'events, ticketing, voting, awards', 'media/posts/post-image-5.jpg', 'The event management landscape continues to evolve with new technologies and innovative approaches. Organizations are discovering that creating memora...', NULL, '2026-03-03 17:44:05', '2026-03-09 15:48:06', NULL),
(13, 'b418938e-eb1a-43c0-8b9a-91a7663ee002', 2, NULL, 9, 4, 'Top 10 Event Management Tips for 2026', 'top-10-event-management-tips-for-2026', 'The event management landscape continues to evolve with new technologies and innovative approaches. Organizations are discovering that creating memora...', '<p>The event management landscape continues to evolve with new technologies and innovative approaches. Organizations are discovering that creating memorable experiences requires a combination of strategic planning, audience engagement, and seamless execution.</p><p>In today\'s digital age, event organizers have access to powerful tools that streamline ticketing, enhance attendee experiences, and provide valuable insights through data analytics. These platforms enable organizers to focus on what matters most: creating exceptional events that resonate with their audience.</p><p>Successful events are built on strong foundations of communication, collaboration, and creativity. By leveraging modern event management solutions, organizers can reduce administrative overhead while increasing attendee satisfaction and engagement.</p><p>The future of events lies in hybrid experiences that blend physical and virtual elements, creating opportunities for broader participation and enhanced accessibility. This evolution opens new possibilities for event organizers to reach global audiences while maintaining the intimacy of in-person connections.</p><p>As the industry continues to grow, staying ahead of trends and adopting best practices becomes essential for success. Event organizers who embrace innovation and prioritize attendee experience will find themselves well-positioned to thrive in this dynamic landscape.</p>', 'posts/featured-images/HbfKzOGIuh7U8aZyu02MzZhC6LOq8GzHGccLJMmf.webp', 'Top 10 Event Management Tips for 2026', 'published', '2026-02-26 17:44:00', 0, 1, 1, 0, 0, 0, 1, 'Top 10 Event Management Tips for 2026 - Tech Events Kenya', 'The event management landscape continues to evolve with new technologies and innovative approaches. Organizations are discovering that creating memora...', 'events, ticketing, voting, awards', 'media/posts/post-image-4.jpg', 'The event management landscape continues to evolve with new technologies and innovative approaches. Organizations are discovering that creating memora...', NULL, '2026-03-03 17:44:05', '2026-03-09 15:48:38', NULL),
(14, '8babae6a-037c-4ad5-b284-5fee4419755a', 2, NULL, 9, 4, 'Understanding Ticket Types and Pricing Strategies', 'understanding-ticket-types-and-pricing-strategies', 'The event management landscape continues to evolve with new technologies and innovative approaches. Organizations are discovering that creating memora...', '<p>The event management landscape continues to evolve with new technologies and innovative approaches. Organizations are discovering that creating memorable experiences requires a combination of strategic planning, audience engagement, and seamless execution.</p><p>In today\'s digital age, event organizers have access to powerful tools that streamline ticketing, enhance attendee experiences, and provide valuable insights through data analytics. These platforms enable organizers to focus on what matters most: creating exceptional events that resonate with their audience.</p><p>Successful events are built on strong foundations of communication, collaboration, and creativity. By leveraging modern event management solutions, organizers can reduce administrative overhead while increasing attendee satisfaction and engagement.</p><p>The future of events lies in hybrid experiences that blend physical and virtual elements, creating opportunities for broader participation and enhanced accessibility. This evolution opens new possibilities for event organizers to reach global audiences while maintaining the intimacy of in-person connections.</p><p>As the industry continues to grow, staying ahead of trends and adopting best practices becomes essential for success. Event organizers who embrace innovation and prioritize attendee experience will find themselves well-positioned to thrive in this dynamic landscape.</p>', 'media/posts/post-image-5.jpg', 'Understanding Ticket Types and Pricing Strategies', 'published', '2026-02-21 17:44:05', 0, 0, 1, 0, 0, 0, 5, 'Understanding Ticket Types and Pricing Strategies - Tech Events Kenya', 'The event management landscape continues to evolve with new technologies and innovative approaches. Organizations are discovering that creating memora...', 'events, ticketing, voting, awards', 'media/posts/post-image-3.jpg', 'The event management landscape continues to evolve with new technologies and innovative approaches. Organizations are discovering that creating memora...', NULL, '2026-03-03 17:44:05', '2026-03-03 17:44:05', NULL),
(15, '9b744fa9-e8e6-495a-bd34-ef1f6a46bda4', 2, NULL, 9, 4, 'Event Marketing: Best Practices and Trends', 'event-marketing-best-practices-and-trends', 'The event management landscape continues to evolve with new technologies and innovative approaches. Organizations are discovering that creating memora...', '<p>The event management landscape continues to evolve with new technologies and innovative approaches. Organizations are discovering that creating memorable experiences requires a combination of strategic planning, audience engagement, and seamless execution.</p><p>In today\'s digital age, event organizers have access to powerful tools that streamline ticketing, enhance attendee experiences, and provide valuable insights through data analytics. These platforms enable organizers to focus on what matters most: creating exceptional events that resonate with their audience.</p><p>Successful events are built on strong foundations of communication, collaboration, and creativity. By leveraging modern event management solutions, organizers can reduce administrative overhead while increasing attendee satisfaction and engagement.</p><p>The future of events lies in hybrid experiences that blend physical and virtual elements, creating opportunities for broader participation and enhanced accessibility. This evolution opens new possibilities for event organizers to reach global audiences while maintaining the intimacy of in-person connections.</p>', 'posts/featured-images/rLCgD3jDHIiQyxfE48COXYIUOxkvgyxZzutkPidd.webp', 'Event Marketing: Best Practices and Trends', 'published', '2026-02-17 17:44:00', 0, 0, 1, 0, 0, 0, 1, 'Event Marketing: Best Practices and Trends - Tech Events Kenya', 'The event management landscape continues to evolve with new technologies and innovative approaches. Organizations are discovering that creating memora...', 'events, ticketing, voting, awards', 'media/posts/post-image-7.jpg', 'The event management landscape continues to evolve with new technologies and innovative approaches. Organizations are discovering that creating memora...', NULL, '2026-03-03 17:44:05', '2026-03-09 15:49:12', NULL),
(16, '0a47cca8-3ba2-40ee-863e-ef23b3065951', 2, NULL, 7, 4, 'Platform Update: New Features Released', 'platform-update-new-features-released', 'The event management landscape continues to evolve with new technologies and innovative approaches. Organizations are discovering that creating memora...', '<p>The event management landscape continues to evolve with new technologies and innovative approaches. Organizations are discovering that creating memorable experiences requires a combination of strategic planning, audience engagement, and seamless execution.</p><p>In today\'s digital age, event organizers have access to powerful tools that streamline ticketing, enhance attendee experiences, and provide valuable insights through data analytics. These platforms enable organizers to focus on what matters most: creating exceptional events that resonate with their audience.</p><p>Successful events are built on strong foundations of communication, collaboration, and creativity. By leveraging modern event management solutions, organizers can reduce administrative overhead while increasing attendee satisfaction and engagement.</p>', 'media/posts/post-image-5.jpg', 'Platform Update: New Features Released', 'published', '2026-03-01 17:44:05', 0, 0, 1, 0, 0, 0, 6, 'Platform Update: New Features Released - Tech Events Kenya', 'The event management landscape continues to evolve with new technologies and innovative approaches. Organizations are discovering that creating memora...', 'events, ticketing, voting, awards', 'media/posts/post-image-2.jpg', 'The event management landscape continues to evolve with new technologies and innovative approaches. Organizations are discovering that creating memora...', NULL, '2026-03-03 17:44:05', '2026-03-03 17:44:05', NULL),
(17, '35c08f91-17c4-4e52-89d3-8dfc318092bb', 2, NULL, 7, 4, 'Upcoming Features: What to Expect in Q2', 'upcoming-features-what-to-expect-in-q2', 'The event management landscape continues to evolve with new technologies and innovative approaches. Organizations are discovering that creating memora...', '<p>The event management landscape continues to evolve with new technologies and innovative approaches. Organizations are discovering that creating memorable experiences requires a combination of strategic planning, audience engagement, and seamless execution.</p><p>In today\'s digital age, event organizers have access to powerful tools that streamline ticketing, enhance attendee experiences, and provide valuable insights through data analytics. These platforms enable organizers to focus on what matters most: creating exceptional events that resonate with their audience.</p><p>Successful events are built on strong foundations of communication, collaboration, and creativity. By leveraging modern event management solutions, organizers can reduce administrative overhead while increasing attendee satisfaction and engagement.</p><p>The future of events lies in hybrid experiences that blend physical and virtual elements, creating opportunities for broader participation and enhanced accessibility. This evolution opens new possibilities for event organizers to reach global audiences while maintaining the intimacy of in-person connections.</p>', NULL, NULL, 'draft', NULL, 0, 0, 1, 0, 0, 0, 7, 'Upcoming Features: What to Expect in Q2 - Tech Events Kenya', 'The event management landscape continues to evolve with new technologies and innovative approaches. Organizations are discovering that creating memora...', 'events, ticketing, voting, awards', 'media/posts/post-image-7.jpg', 'The event management landscape continues to evolve with new technologies and innovative approaches. Organizations are discovering that creating memora...', NULL, '2026-03-03 17:44:05', '2026-03-03 18:10:35', NULL),
(18, '8fa77f18-a47d-4f0c-b3a2-39e2dacbfffe', 2, NULL, 10, 4, 'Building Community Through Events', 'building-community-through-events', 'The event management landscape continues to evolve with new technologies and innovative approaches. Organizations are discovering that creating memora...', '<p>The event management landscape continues to evolve with new technologies and innovative approaches. Organizations are discovering that creating memorable experiences requires a combination of strategic planning, audience engagement, and seamless execution.</p><p>In today\'s digital age, event organizers have access to powerful tools that streamline ticketing, enhance attendee experiences, and provide valuable insights through data analytics. These platforms enable organizers to focus on what matters most: creating exceptional events that resonate with their audience.</p><p>Successful events are built on strong foundations of communication, collaboration, and creativity. By leveraging modern event management solutions, organizers can reduce administrative overhead while increasing attendee satisfaction and engagement.</p><p>The future of events lies in hybrid experiences that blend physical and virtual elements, creating opportunities for broader participation and enhanced accessibility. This evolution opens new possibilities for event organizers to reach global audiences while maintaining the intimacy of in-person connections.</p>', 'media/posts/post-image-6.jpg', 'Building Community Through Events', 'draft', NULL, 0, 0, 1, 0, 0, 0, 5, 'Building Community Through Events - Tech Events Kenya', 'The event management landscape continues to evolve with new technologies and innovative approaches. Organizations are discovering that creating memora...', 'events, ticketing, voting, awards', 'media/posts/post-image-4.jpg', 'The event management landscape continues to evolve with new technologies and innovative approaches. Organizations are discovering that creating memora...', NULL, '2026-03-03 17:44:05', '2026-03-03 17:44:05', NULL),
(19, '953dc100-6589-42ef-81b2-425e1efec599', 2, NULL, 7, 4, 'Year in Review: 2026 Event Highlights', 'year-in-review-2026-event-highlights', 'The event management landscape continues to evolve with new technologies and innovative approaches. Organizations are discovering that creating memora...', '<p>The event management landscape continues to evolve with new technologies and innovative approaches. Organizations are discovering that creating memorable experiences requires a combination of strategic planning, audience engagement, and seamless execution.</p><p>In today\'s digital age, event organizers have access to powerful tools that streamline ticketing, enhance attendee experiences, and provide valuable insights through data analytics. These platforms enable organizers to focus on what matters most: creating exceptional events that resonate with their audience.</p><p>Successful events are built on strong foundations of communication, collaboration, and creativity. By leveraging modern event management solutions, organizers can reduce administrative overhead while increasing attendee satisfaction and engagement.</p><p>The future of events lies in hybrid experiences that blend physical and virtual elements, creating opportunities for broader participation and enhanced accessibility. This evolution opens new possibilities for event organizers to reach global audiences while maintaining the intimacy of in-person connections.</p><p>As the industry continues to grow, staying ahead of trends and adopting best practices becomes essential for success. Event organizers who embrace innovation and prioritize attendee experience will find themselves well-positioned to thrive in this dynamic landscape.</p>', 'media/posts/post-image-2.jpg', 'Year in Review: 2026 Event Highlights', 'scheduled', '2026-04-02 17:44:05', 0, 0, 1, 0, 0, 0, 3, 'Year in Review: 2026 Event Highlights - Tech Events Kenya', 'The event management landscape continues to evolve with new technologies and innovative approaches. Organizations are discovering that creating memora...', 'events, ticketing, voting, awards', 'media/posts/post-image-3.jpg', 'The event management landscape continues to evolve with new technologies and innovative approaches. Organizations are discovering that creating memora...', NULL, '2026-03-03 17:44:05', '2026-03-03 17:44:05', NULL),
(20, '4c7c479e-e5f0-43f6-ae0a-f5ed155daa87', 2, NULL, 9, 4, 'Guest Post: Success Stories from Event Organizers', 'guest-post-success-stories-from-event-organizers', 'The event management landscape continues to evolve with new technologies and innovative approaches. Organizations are discovering that creating memora...', '<p>The event management landscape continues to evolve with new technologies and innovative approaches. Organizations are discovering that creating memorable experiences requires a combination of strategic planning, audience engagement, and seamless execution.</p><p>In today\'s digital age, event organizers have access to powerful tools that streamline ticketing, enhance attendee experiences, and provide valuable insights through data analytics. These platforms enable organizers to focus on what matters most: creating exceptional events that resonate with their audience.</p><p>Successful events are built on strong foundations of communication, collaboration, and creativity. By leveraging modern event management solutions, organizers can reduce administrative overhead while increasing attendee satisfaction and engagement.</p>', NULL, NULL, 'pending', NULL, 0, 0, 1, 0, 0, 0, 7, 'Guest Post: Success Stories from Event Organizers - Tech Events Kenya', 'The event management landscape continues to evolve with new technologies and innovative approaches. Organizations are discovering that creating memora...', 'events, ticketing, voting, awards', 'media/posts/post-image-4.jpg', 'The event management landscape continues to evolve with new technologies and innovative approaches. Organizations are discovering that creating memora...', NULL, '2026-03-03 17:44:05', '2026-03-03 18:05:45', NULL),
(21, 'c113759e-7bd2-46ed-9862-a0e0008ea1b7', 6, NULL, 2, 13, 'MEMA 2026 — The Gospel Music Awards Gala is Coming to Nairobi!', 'mema-2026-awards-coming-soon', 'The inaugural Myogenic Excellence Music Awards (MEMA) Gala is set for September 16, 2026 in Kisumu, Kenya. Nominations open April 16. Here\'s everything you need to know.', '<p>We are excited to announce the upcoming <strong>Myogenic Excellence Music Awards (MEMA) 2026 Gala</strong> — a landmark celebration of gospel music talent across Kenya and Africa.</p><p>MEMA 2026 is set to take place on <strong>September 16, 2026 in Kisumu, Kenya</strong>, bringing together the finest gospel artists, producers, videographers, and photographers for a night of recognition, music, and excellence.</p><h2>What is MEMA?</h2><p>The Myogenic Excellence Music Awards (MEMA) is a premier platform dedicated to honouring Africa\'s gospel music voices and sounds. From the emerging artist finding their footing to the seasoned producer shaping the industry — MEMA celebrates it all.</p><h2>Award Categories</h2><ul><li>Female Artist of the Year</li><li>Male Artist of the Year</li><li>Emerging Gospel Artist of the Year</li><li>Gospel Song of the Year</li><li>Gospel Video of the Year</li><li>Gospel Collaboration of the Year</li><li>Audio Producer of the Year</li><li>Video Director of the Year</li><li>Photography of the Year</li></ul><h2>Key Dates</h2><ul><li><strong>Nominations Open:</strong> April 16, 2026</li><li><strong>Nominations Close:</strong> July 15, 2026</li><li><strong>Voting Opens:</strong> August 1, 2026</li><li><strong>Voting Closes:</strong> September 14, 2026</li><li><strong>MEMA Gala Night:</strong> September 16, 2026 — Kisumu, Kenya</li></ul><h2>How to Get Involved</h2><p>You can be part of this historic event in three ways:</p><ol><li><strong>Nominate</strong> — Do you know a deserving gospel artist or creative? Nominate them starting April 16 at <a href=\"https://tuqiohub.africa/nominate\" rel=\"noopener noreferrer\" target=\"_blank\">tuqiohub.africa/nominate</a>.</li><li><strong>Vote</strong> — Cast your votes for your favourite nominees from August 1. Each vote costs KES 100, with bundle discounts available.</li><li><strong>Attend</strong> — Get your tickets and join us for the gala night. Early Bird tickets go on sale April 16!</li></ol><p>Stay tuned for more updates. Follow us on social media and visit <a href=\"https://tuqiohub.africa\" rel=\"noopener noreferrer\" target=\"_blank\">tuqiohub.africa</a> for the latest news on MEMA 2026.</p><p><em>Honouring Africa\'s Voices and Sounds.</em></p>', NULL, NULL, 'published', '2026-03-16 06:57:00', 1, 0, 1, 0, 0, 0, 2, 'MEMA 2026 Gospel Music Awards Gala — Kisumu, Kenya', 'The inaugural Myogenic Excellence Music Awards (MEMA) Gala takes place September 16, 2026 in Kisumu. Nominate, vote, and get tickets at tuqiohub.africa.', 'MEMA 2026, gospel music awards, Kisumu, Kenya, gospel awards, MEMA gala', NULL, NULL, NULL, '2026-03-16 06:57:25', '2026-03-26 09:42:44', NULL),
(22, '6708b577-9bba-482b-bcff-647b947e6baa', 6, NULL, 7, 13, 'MEMA 2026 is Coming — Nominations Now Open', 'mema-2026-nominations-open', 'The Myogenic Excellence Music Awards are officially here. Nominations are now open across 8 categories celebrating the best in Kenyan and African gospel music.', '<p>We are thrilled to announce that <strong>MEMA 2026 — the Myogenic Excellence Music Awards</strong> is officially open for nominations!</p><p>This is Kenya\'s first dedicated gospel music awards platform, celebrating outstanding talent across performance, production, videography, and photography.</p><h3>Who Can Be Nominated?</h3><p>Any Kenyan or African gospel artist, producer, director, or photographer who has made a significant impact in 2025–2026 is eligible for nomination. Eight categories are open for public nomination.</p><h3>How to Nominate</h3><p>Visit our <a href=\"/nominate?event=mema-gala-2026\" rel=\"noopener noreferrer\" target=\"_blank\">Nominate page</a>, select the MEMA Gala 2026 event, choose your category, and fill in the nomination form. Nominations are free and open until July 15, 2026.</p><h3>The Gala</h3><p>The MEMA Gala will be held on <strong>September 16, 2026 in Nairobi, Kenya</strong> — an unforgettable evening of music, awards, and celebration.</p><p>Get your tickets early and join us as we celebrate Africa\'s gospel excellence!</p>', 'posts/featured-images/kGDAV9WPCRN9DnasyERx4Zlvss9DGHwyyyANsaav.webp', NULL, 'published', '2026-03-26 09:18:00', 0, 0, 1, 0, 0, 0, 1, NULL, NULL, NULL, NULL, NULL, NULL, '2026-03-26 09:18:32', '2026-03-26 10:08:56', NULL),
(23, '7c195839-dda1-4b94-a96c-736edcae1b15', 6, NULL, 5, 13, 'Meet the MEMA 2026 Award Categories — Everything You Need to Know', 'mema-2026-award-categories-guide', 'From Female Artist of the Year to Photography of the Year — here is a full breakdown of all 9 MEMA 2026 award categories and what each one celebrates.', '<p>MEMA 2026 recognises excellence across <strong>9 award categories</strong> covering every dimension of gospel music creation. Here is what each category celebrates:</p><h3>1. Female Artist of the Year</h3><p>Recognising the most impactful female gospel artist of 2026 — an artist whose music, ministry, and influence have resonated with audiences across Kenya and Africa.</p><h3>2. Male Artist of the Year</h3><p>Celebrating outstanding male gospel artistry, ministry impact, and chart performance throughout the year.</p><h3>3. Emerging Gospel Artist of the Year</h3><p>Honouring the brightest new gospel talent on the rise — an artist who broke through in 2025–2026 with fresh sound and genuine ministry.</p><h3>4. Gospel Song of the Year</h3><p>The single gospel track that moved hearts, topped church playlists, and defined the sound of the year.</p><h3>5. Gospel Video of the Year</h3><p>Outstanding visual storytelling in gospel music video production — judged on creativity, production quality, and ministry message.</p><h3>6. Gospel Collaboration of the Year</h3><p>The most memorable gospel partnership — two or more artists coming together for a release that was greater than the sum of its parts.</p><h3>7. Audio Producer of the Year</h3><p>Excellence in gospel music production and sound engineering — the producer behind the hits.</p><h3>8. Video Director of the Year</h3><p>Creative direction and visual mastery in gospel videography — directors who bring gospel songs to stunning visual life.</p><h3>9. Photography of the Year</h3><p>Capturing the soul of gospel music through powerful imagery — event photography, artist portraits, and worship moments.</p><p>Nominations for all 8 public categories are open until July 15, 2026. <a href=\"/nominate?event=mema-gala-2026\" rel=\"noopener noreferrer\" target=\"_blank\">Submit your nomination now →</a></p>', 'posts/featured-images/AbgODRnpS9uRbXPuqbdSmJNo825sAlL4POf7lStp.webp', NULL, 'published', '2026-03-26 09:20:00', 0, 0, 1, 0, 0, 0, 2, NULL, NULL, NULL, NULL, NULL, NULL, '2026-03-26 09:20:45', '2026-03-26 10:04:00', NULL),
(24, 'c50ca0af-720b-4e56-b3eb-bec897232a1f', 6, NULL, 1, 13, 'Early Bird Tickets Now Available — MEMA Gala 2026, September 16', 'mema-gala-2026-early-bird-tickets', 'Early bird tickets for the MEMA Gala 2026 are now on sale. Regular seats from KES 1,000 and VIP seats from KES 2,500 — limited quantities, available until June 30.', '<p>The countdown to the most anticipated gospel music event in Kenya has begun. <strong>MEMA Gala 2026</strong> takes place on <strong>September 16, 2026 in Nairobi</strong> — and you can secure your seat today at a special early bird rate.</p><h3>Early Bird Pricing</h3><ul><li><strong>Early Bird Regular Seat</strong> — KES 1,000 (save KES 500 off standard price)</li><li><strong>Early Bird VIP Seat</strong> — KES 2,500 (save KES 1,000 off standard price)</li></ul><p>Early bird tickets are available from April 16 to June 30, 2026. After that, prices revert to standard rates.</p><h3>Standard Pricing (from July 1)</h3><ul><li>Regular Single Seat — KES 1,500</li><li>VIP Single Seat — KES 3,500</li><li>VVIP Single Seat — KES 6,000</li><li>VIP Table (10 seats) — KES 30,000</li><li>VVIP Table (10 seats) — KES 50,000</li></ul><h3>What\'s Included</h3><p>All tickets include a gala dinner and event programme. VIP and VVIP tickets include priority seating. VVIP tickets include VIP lounge access and meet &amp; greet opportunities with award winners.</p><p><a href=\"/event-detail?slug=mema-gala-2026\" rel=\"noopener noreferrer\" target=\"_blank\">Get your tickets now →</a></p>', 'posts/featured-images/mK4IG7kdfXvuDnbHvsVkmpcYiIB4tdp2pt8cusQX.webp', NULL, 'published', '2026-03-26 09:20:00', 0, 0, 1, 0, 0, 0, 1, NULL, NULL, NULL, NULL, NULL, NULL, '2026-03-26 09:20:45', '2026-03-26 10:04:45', NULL),
(25, 'b02a53d1-d283-45be-a3d4-348e788e60e5', 6, NULL, 5, 13, 'Why MEMA Matters — The Story Behind Kenya\'s First Gospel Music Awards', 'why-mema-matters-gospel-music-awards-kenya', 'Gospel music has always been the heartbeat of Kenya. But until now, there has been no dedicated national platform to recognise and celebrate its creators. MEMA is changing that.', '<p>Kenya has a rich, vibrant gospel music scene. From worship anthems that fill stadiums to intimate songs that carry people through personal crises — gospel music is woven into the fabric of Kenyan life.</p><p>Yet for too long, the artists, producers, directors, and photographers behind this music have had no dedicated national awards platform to call their own. MEMA is here to change that.</p><h3>What MEMA Stands For</h3><p><strong>Myogenic Excellence Music Awards</strong> — MEMA is built to recognise and celebrate creative excellence in gospel music. Not popularity alone. Not social media follower counts. True artistry, ministry impact, and craft.</p><h3>9 Categories, 36+ Nominees</h3><p>MEMA 2026 spans 9 award categories covering every dimension of gospel music creation — from performing artists to audio producers, video directors, and photographers. Every voice in the gospel music ecosystem deserves recognition.</p><h3>Powered by the Community</h3><p>Unlike industry-only awards, MEMA is driven by public nominations and voting. The Kenyan gospel music community — fans, church communities, music lovers — decides who wins. Eight out of nine categories are open for public nomination and public voting.</p><h3>The MEMA Gala 2026</h3><p>On <strong>September 16, 2026</strong>, Nairobi will host an unforgettable evening of awards, live performances, and celebration. The MEMA Gala is not just an awards night — it is a declaration that African gospel music excellence deserves its own stage.</p><p>Nominate your favourite artists today. Be part of the story. <a href=\"/nominate?event=mema-gala-2026\" rel=\"noopener noreferrer\" target=\"_blank\">Nominate now →</a></p>', 'posts/featured-images/tM3J9fKgek2Jh36hWQAIZMUvLthwyk8NiOoS21qK.webp', NULL, 'published', '2026-03-26 09:20:00', 1, 0, 1, 0, 0, 0, 2, NULL, NULL, NULL, NULL, NULL, NULL, '2026-03-26 09:20:45', '2026-03-26 10:07:10', NULL),
(26, '449f4621-f73b-48f1-92b6-de6ac380bffb', 6, NULL, 5, 13, 'How to Vote at MEMA 2026 — A Step-by-Step Guide', 'how-to-vote-mema-2026-guide', 'Voting at MEMA 2026 opens August 1, 2026. Here is a complete guide on how to find nominees, purchase vote bundles, and make your voice count.', '<p>Voting at MEMA 2026 is open to everyone — no registration required. Here\'s how it works:</p><h3>Step 1: Browse the Nominees</h3><p>Visit the <a href=\"/nominees\" rel=\"noopener noreferrer\" target=\"_blank\">Nominees page</a> and browse all shortlisted artists across 9 award categories. Take your time — get to know who has been nominated and what they\'ve achieved.</p><h3>Step 2: Choose Your Vote Bundle</h3><p>MEMA uses a vote bundle system. One vote costs KES 100. You can buy bundles for better value:</p><ul><li>Single Vote — KES 100</li><li>Starter Pack (10 votes) — KES 900</li><li>Fan Pack (50 votes) — KES 4,000 — <strong>Best value!</strong></li><li>Super Fan (100 votes) — KES 7,000</li><li>Champion (500 votes) — KES 30,000</li></ul><h3>Step 3: Pay Securely</h3><p>Complete your payment via M-Pesa or card through our secure payment gateway. Your votes are credited instantly.</p><h3>Step 4: Allocate Your Votes</h3><p>You can spread your votes across multiple nominees and categories. Support the Female Artist AND the Emerging Artist — it\'s your call.</p><h3>When Does Voting Open?</h3><p>Public voting opens on <strong>August 1, 2026</strong> and closes on <strong>September 14, 2026</strong> at 11:59 PM (EAT).</p><p>Mark your calendar — and in the meantime, nominate your favourites so they make it to the voting stage! <a href=\"/nominate?event=mema-gala-2026\" rel=\"noopener noreferrer\" target=\"_blank\">Nominate now →</a></p>', 'posts/featured-images/W0PFc4KhDlkC4SWDg9HkKK49mfhXiuxdSK6FvXFx.webp', NULL, 'published', '2026-03-26 09:20:00', 0, 0, 1, 0, 0, 0, 1, NULL, NULL, NULL, NULL, NULL, NULL, '2026-03-26 09:20:45', '2026-03-26 10:08:18', NULL);

-- --------------------------------------------------------

--
-- Table structure for table `post_categories`
--

CREATE TABLE `post_categories` (
  `id` bigint UNSIGNED NOT NULL,
  `uuid` char(36) COLLATE utf8mb4_unicode_ci NOT NULL,
  `client_id` bigint UNSIGNED NOT NULL,
  `event_id` bigint UNSIGNED DEFAULT NULL,
  `parent_id` bigint UNSIGNED DEFAULT NULL,
  `name` varchar(255) COLLATE utf8mb4_unicode_ci NOT NULL,
  `slug` varchar(255) COLLATE utf8mb4_unicode_ci NOT NULL,
  `description` text COLLATE utf8mb4_unicode_ci,
  `icon` varchar(255) COLLATE utf8mb4_unicode_ci DEFAULT NULL,
  `color` varchar(7) COLLATE utf8mb4_unicode_ci DEFAULT NULL,
  `posts_count` int UNSIGNED NOT NULL DEFAULT '0',
  `is_active` tinyint(1) NOT NULL DEFAULT '1',
  `sort_order` int NOT NULL DEFAULT '0',
  `meta_title` varchar(255) COLLATE utf8mb4_unicode_ci DEFAULT NULL,
  `meta_description` text COLLATE utf8mb4_unicode_ci,
  `created_at` timestamp NULL DEFAULT NULL,
  `updated_at` timestamp NULL DEFAULT NULL,
  `deleted_at` timestamp NULL DEFAULT NULL
) ENGINE=InnoDB DEFAULT CHARSET=utf8mb4 COLLATE=utf8mb4_unicode_ci;

--
-- Dumping data for table `post_categories`
--

INSERT INTO `post_categories` (`id`, `uuid`, `client_id`, `event_id`, `parent_id`, `name`, `slug`, `description`, `icon`, `color`, `posts_count`, `is_active`, `sort_order`, `meta_title`, `meta_description`, `created_at`, `updated_at`, `deleted_at`) VALUES
(1, '49db01ce-ceaa-4ee7-be61-9a6bac39521a', 1, NULL, NULL, 'News', 'news', 'Latest news and updates from our platform', 'newspaper', '#3B82F6', 0, 1, 1, 'News - Tuqio Hub Demo', 'Stay updated with the latest news and announcements', '2026-03-03 17:44:00', '2026-03-03 17:44:00', NULL),
(2, 'cd6423a9-b022-41bd-a7a6-d49f4faae215', 1, NULL, NULL, 'Announcements', 'announcements', 'Important announcements and notifications', 'megaphone', '#10B981', 0, 1, 2, 'Announcements - Tuqio Hub Demo', 'Important announcements and platform updates', '2026-03-03 17:44:00', '2026-03-03 17:44:00', NULL),
(3, 'bf9f0ebd-8023-4461-8ae6-6d83c10a36e8', 1, NULL, 1, 'Tech Updates', 'tech-updates', 'Technical updates and new features', 'code', '#8B5CF6', 0, 1, 1, 'Tech Updates - Tuqio Hub Demo', 'Latest technical updates and platform enhancements', '2026-03-03 17:44:00', '2026-03-03 17:44:00', NULL),
(4, 'bf967b36-7535-4a47-b68c-c232422f7374', 1, NULL, 1, 'Industry News', 'industry-news', 'News from the events and entertainment industry', 'briefcase', '#F59E0B', 0, 1, 2, 'Industry News - Tuqio Hub Demo', 'Latest news from the events and entertainment industry', '2026-03-03 17:44:00', '2026-03-03 17:44:00', NULL),
(5, '8036e442-3cd9-4ff2-b940-7f7a063fb9a5', 1, NULL, 2, 'Event Updates', 'event-updates', 'Updates and changes to upcoming events', 'calendar', '#EF4444', 0, 1, 1, 'Event Updates - Tuqio Hub Demo', 'Latest updates on events and schedules', '2026-03-03 17:44:00', '2026-03-03 17:44:00', NULL),
(6, '3593d09e-2128-402d-a33a-a33775c5ce25', 2, NULL, NULL, 'News', 'news', 'Latest news and updates from our platform', 'newspaper', '#3B82F6', 0, 1, 1, 'News - Tech Events Kenya', 'Stay updated with the latest news and announcements', '2026-03-03 17:44:00', '2026-03-03 17:44:00', NULL),
(7, 'c8ddc569-2f1b-4711-a843-15bb7bcf8ca6', 2, NULL, NULL, 'Announcements', 'announcements', 'Important announcements and notifications', 'megaphone', '#10B981', 0, 1, 2, 'Announcements - Tech Events Kenya', 'Important announcements and platform updates', '2026-03-03 17:44:00', '2026-03-03 17:44:00', NULL),
(8, '90985fd5-e967-436d-b92c-185b7fe69f64', 2, NULL, 6, 'Tech Updates', 'tech-updates', 'Technical updates and new features', 'code', '#8B5CF6', 0, 1, 1, 'Tech Updates - Tech Events Kenya', 'Latest technical updates and platform enhancements', '2026-03-03 17:44:00', '2026-03-03 17:44:00', NULL),
(9, '42fbbd0e-9c39-40f7-9b81-29b1e1f3072b', 2, NULL, 6, 'Industry News', 'industry-news', 'News from the events and entertainment industry', 'briefcase', '#F59E0B', 0, 1, 2, 'Industry News - Tech Events Kenya', 'Latest news from the events and entertainment industry', '2026-03-03 17:44:00', '2026-03-03 17:44:00', NULL),
(10, '957e052a-308b-4cdd-b0a4-51a7f63681c1', 2, NULL, 7, 'Event Updates', 'event-updates', 'Updates and changes to upcoming events', 'calendar', '#EF4444', 0, 1, 1, 'Event Updates - Tech Events Kenya', 'Latest updates on events and schedules', '2026-03-03 17:44:00', '2026-03-03 17:44:00', NULL),
(11, '4913b806-fe90-4851-ad14-2ea472e36c78', 6, NULL, 7, 'News', 'news', 'news', NULL, '#ef4444', 0, 1, 0, NULL, NULL, '2026-03-26 12:07:24', '2026-03-26 12:07:24', NULL);

-- --------------------------------------------------------

--
-- Table structure for table `post_tag`
--

CREATE TABLE `post_tag` (
  `id` bigint UNSIGNED NOT NULL,
  `post_id` bigint UNSIGNED NOT NULL,
  `tag_id` bigint UNSIGNED NOT NULL,
  `created_at` timestamp NULL DEFAULT NULL,
  `updated_at` timestamp NULL DEFAULT NULL
) ENGINE=InnoDB DEFAULT CHARSET=utf8mb4 COLLATE=utf8mb4_unicode_ci;

--
-- Dumping data for table `post_tag`
--

INSERT INTO `post_tag` (`id`, `post_id`, `tag_id`, `created_at`, `updated_at`) VALUES
(1, 1, 18, NULL, NULL),
(2, 1, 8, NULL, NULL),
(3, 1, 16, NULL, NULL),
(4, 2, 4, NULL, NULL),
(5, 2, 18, NULL, NULL),
(11, 5, 17, NULL, NULL),
(12, 5, 16, NULL, NULL),
(13, 5, 3, NULL, NULL),
(14, 6, 12, NULL, NULL),
(15, 6, 10, NULL, NULL),
(16, 7, 12, NULL, NULL),
(17, 7, 1, NULL, NULL),
(18, 7, 7, NULL, NULL),
(19, 8, 6, NULL, NULL),
(20, 8, 13, NULL, NULL),
(21, 8, 10, NULL, NULL),
(22, 8, 18, NULL, NULL),
(23, 9, 13, NULL, NULL),
(24, 9, 10, NULL, NULL),
(25, 9, 5, NULL, NULL),
(26, 9, 16, NULL, NULL),
(27, 10, 12, NULL, NULL),
(28, 10, 9, NULL, NULL),
(29, 10, 18, NULL, NULL),
(30, 11, 19, NULL, NULL),
(31, 11, 29, NULL, NULL),
(32, 12, 28, NULL, NULL),
(33, 12, 26, NULL, NULL),
(34, 12, 20, NULL, NULL),
(35, 13, 19, NULL, NULL),
(36, 13, 20, NULL, NULL),
(37, 14, 31, NULL, NULL),
(38, 14, 19, NULL, NULL),
(39, 14, 32, NULL, NULL),
(40, 14, 25, NULL, NULL),
(41, 15, 24, NULL, NULL),
(42, 15, 19, NULL, NULL),
(43, 15, 29, NULL, NULL),
(44, 15, 25, NULL, NULL),
(45, 16, 23, NULL, NULL),
(46, 16, 29, NULL, NULL),
(47, 17, 28, NULL, NULL),
(48, 17, 35, NULL, NULL),
(49, 17, 26, NULL, NULL),
(50, 17, 20, NULL, NULL),
(51, 18, 22, NULL, NULL),
(52, 18, 32, NULL, NULL),
(53, 18, 36, NULL, NULL),
(54, 18, 20, NULL, NULL),
(55, 19, 28, NULL, NULL),
(56, 19, 23, NULL, NULL),
(57, 20, 33, NULL, NULL),
(58, 20, 20, NULL, NULL),
(59, 20, 21, NULL, NULL),
(60, 23, 24, NULL, NULL),
(61, 23, 28, NULL, NULL),
(62, 24, 24, NULL, NULL),
(63, 24, 22, NULL, NULL),
(64, 24, 32, NULL, NULL),
(65, 24, 9, NULL, NULL),
(66, 24, 36, NULL, NULL),
(67, 25, 31, NULL, NULL),
(68, 25, 10, NULL, NULL),
(69, 25, 22, NULL, NULL),
(70, 26, 24, NULL, NULL),
(71, 26, 20, NULL, NULL),
(72, 26, 15, NULL, NULL),
(73, 26, 34, NULL, NULL),
(74, 26, 26, NULL, NULL),
(75, 22, 24, NULL, NULL);

-- --------------------------------------------------------

--
-- Table structure for table `promo_codes`
--

CREATE TABLE `promo_codes` (
  `id` bigint UNSIGNED NOT NULL,
  `uuid` char(36) COLLATE utf8mb4_unicode_ci NOT NULL,
  `client_id` bigint UNSIGNED NOT NULL,
  `event_id` bigint UNSIGNED DEFAULT NULL,
  `code` varchar(50) COLLATE utf8mb4_unicode_ci NOT NULL,
  `name` varchar(100) COLLATE utf8mb4_unicode_ci NOT NULL,
  `description` text COLLATE utf8mb4_unicode_ci,
  `discount_type` enum('percentage','fixed','free_ticket') COLLATE utf8mb4_unicode_ci NOT NULL DEFAULT 'percentage',
  `discount_value` decimal(12,2) NOT NULL,
  `max_discount` decimal(12,2) DEFAULT NULL,
  `min_purchase` decimal(12,2) DEFAULT NULL,
  `min_tickets` int UNSIGNED DEFAULT NULL,
  `applicable_ticket_types` json DEFAULT NULL,
  `usage_limit` int UNSIGNED DEFAULT NULL,
  `usage_limit_per_user` int UNSIGNED DEFAULT '1',
  `current_usage` int UNSIGNED NOT NULL DEFAULT '0',
  `starts_at` timestamp NULL DEFAULT NULL,
  `expires_at` timestamp NULL DEFAULT NULL,
  `is_active` tinyint(1) NOT NULL DEFAULT '1',
  `is_public` tinyint(1) NOT NULL DEFAULT '0',
  `created_by` bigint UNSIGNED DEFAULT NULL,
  `created_at` timestamp NULL DEFAULT NULL,
  `updated_at` timestamp NULL DEFAULT NULL,
  `deleted_at` timestamp NULL DEFAULT NULL
) ENGINE=InnoDB DEFAULT CHARSET=utf8mb4 COLLATE=utf8mb4_unicode_ci;

-- --------------------------------------------------------

--
-- Table structure for table `promo_code_usages`
--

CREATE TABLE `promo_code_usages` (
  `id` bigint UNSIGNED NOT NULL,
  `promo_code_id` bigint UNSIGNED NOT NULL,
  `purchase_id` bigint UNSIGNED NOT NULL,
  `user_id` bigint UNSIGNED DEFAULT NULL,
  `user_email` varchar(255) COLLATE utf8mb4_unicode_ci NOT NULL,
  `discount_applied` decimal(12,2) NOT NULL,
  `created_at` timestamp NULL DEFAULT NULL
) ENGINE=InnoDB DEFAULT CHARSET=utf8mb4 COLLATE=utf8mb4_unicode_ci;

-- --------------------------------------------------------

--
-- Table structure for table `refunds`
--

CREATE TABLE `refunds` (
  `id` bigint UNSIGNED NOT NULL,
  `uuid` char(36) COLLATE utf8mb4_unicode_ci NOT NULL,
  `client_id` bigint UNSIGNED NOT NULL,
  `event_id` bigint UNSIGNED DEFAULT NULL,
  `transaction_id` bigint UNSIGNED NOT NULL,
  `refundable_id` bigint UNSIGNED DEFAULT NULL,
  `refundable_type` varchar(255) COLLATE utf8mb4_unicode_ci DEFAULT NULL,
  `refund_number` varchar(255) COLLATE utf8mb4_unicode_ci NOT NULL,
  `refund_amount` decimal(15,2) NOT NULL,
  `currency` varchar(3) COLLATE utf8mb4_unicode_ci NOT NULL DEFAULT 'KES',
  `refund_type` enum('full','partial') COLLATE utf8mb4_unicode_ci NOT NULL DEFAULT 'full',
  `refund_method` enum('original_method','mpesa','bank','manual') COLLATE utf8mb4_unicode_ci NOT NULL DEFAULT 'original_method',
  `refund_reason` enum('customer_request','event_cancelled','technical_issue','fraud','other') COLLATE utf8mb4_unicode_ci DEFAULT NULL,
  `status` enum('pending','processing','completed','failed','cancelled') COLLATE utf8mb4_unicode_ci NOT NULL DEFAULT 'pending',
  `gateway_refund_id` varchar(255) COLLATE utf8mb4_unicode_ci DEFAULT NULL,
  `gateway_reference` varchar(255) COLLATE utf8mb4_unicode_ci DEFAULT NULL,
  `gateway_response` text COLLATE utf8mb4_unicode_ci,
  `requested_by` bigint UNSIGNED DEFAULT NULL,
  `approved_by` bigint UNSIGNED DEFAULT NULL,
  `processed_by` bigint UNSIGNED DEFAULT NULL,
  `notes` text COLLATE utf8mb4_unicode_ci,
  `requested_at` timestamp NOT NULL DEFAULT CURRENT_TIMESTAMP,
  `approved_at` timestamp NULL DEFAULT NULL,
  `processed_at` timestamp NULL DEFAULT NULL,
  `completed_at` timestamp NULL DEFAULT NULL,
  `failed_at` timestamp NULL DEFAULT NULL,
  `created_at` timestamp NULL DEFAULT NULL,
  `updated_at` timestamp NULL DEFAULT NULL
) ENGINE=InnoDB DEFAULT CHARSET=utf8mb4 COLLATE=utf8mb4_unicode_ci;

-- --------------------------------------------------------

--
-- Table structure for table `revenue_reports`
--

CREATE TABLE `revenue_reports` (
  `id` bigint UNSIGNED NOT NULL,
  `client_id` bigint UNSIGNED DEFAULT NULL,
  `report_date` date NOT NULL,
  `period_type` enum('daily','weekly','monthly','quarterly','yearly') COLLATE utf8mb4_unicode_ci NOT NULL,
  `period_start` date NOT NULL,
  `period_end` date NOT NULL,
  `total_revenue` decimal(15,2) NOT NULL DEFAULT '0.00',
  `platform_commission` decimal(15,2) NOT NULL DEFAULT '0.00',
  `client_revenue` decimal(15,2) NOT NULL DEFAULT '0.00',
  `transaction_count` int UNSIGNED NOT NULL DEFAULT '0',
  `refund_count` int UNSIGNED NOT NULL DEFAULT '0',
  `total_refunds` decimal(15,2) NOT NULL DEFAULT '0.00',
  `net_revenue` decimal(15,2) NOT NULL DEFAULT '0.00',
  `ticket_sales` decimal(15,2) NOT NULL DEFAULT '0.00',
  `vote_revenue` decimal(15,2) NOT NULL DEFAULT '0.00',
  `poll_revenue` decimal(15,2) NOT NULL DEFAULT '0.00',
  `top_event_id` bigint UNSIGNED DEFAULT NULL,
  `top_event_revenue` decimal(15,2) NOT NULL DEFAULT '0.00',
  `currency` varchar(3) COLLATE utf8mb4_unicode_ci NOT NULL DEFAULT 'KES',
  `generated_at` timestamp NOT NULL DEFAULT CURRENT_TIMESTAMP,
  `created_at` timestamp NULL DEFAULT NULL,
  `updated_at` timestamp NULL DEFAULT NULL
) ENGINE=InnoDB DEFAULT CHARSET=utf8mb4 COLLATE=utf8mb4_unicode_ci;

--
-- Dumping data for table `revenue_reports`
--

INSERT INTO `revenue_reports` (`id`, `client_id`, `report_date`, `period_type`, `period_start`, `period_end`, `total_revenue`, `platform_commission`, `client_revenue`, `transaction_count`, `refund_count`, `total_refunds`, `net_revenue`, `ticket_sales`, `vote_revenue`, `poll_revenue`, `top_event_id`, `top_event_revenue`, `currency`, `generated_at`, `created_at`, `updated_at`) VALUES
(1, 1, '2026-02-28', 'monthly', '2026-02-01', '2026-02-28', 203200.00, 30480.00, 172720.00, 119, 1, 500.00, 172720.00, 197000.00, 6200.00, 0.00, 49, 203200.00, 'KES', '2026-03-03 05:41:16', '2026-03-03 05:41:16', '2026-03-03 05:41:16'),
(2, 1, '2026-03-04', 'monthly', '2026-03-01', '2026-03-31', 216040.00, 32758.00, 183282.00, 130, 2, 500.00, 183282.00, 209000.00, 7040.00, 0.00, 49, 12840.00, 'KES', '2026-03-03 05:41:16', '2026-03-03 05:41:16', '2026-03-04 09:22:13');

-- --------------------------------------------------------

--
-- Table structure for table `roles`
--

CREATE TABLE `roles` (
  `id` bigint UNSIGNED NOT NULL,
  `name` varchar(255) COLLATE utf8mb4_unicode_ci NOT NULL,
  `guard_name` varchar(255) COLLATE utf8mb4_unicode_ci NOT NULL,
  `created_at` timestamp NULL DEFAULT NULL,
  `updated_at` timestamp NULL DEFAULT NULL
) ENGINE=InnoDB DEFAULT CHARSET=utf8mb4 COLLATE=utf8mb4_unicode_ci;

--
-- Dumping data for table `roles`
--

INSERT INTO `roles` (`id`, `name`, `guard_name`, `created_at`, `updated_at`) VALUES
(2, 'client_admin', 'web', '2026-02-12 09:06:46', '2026-02-12 09:06:46'),
(3, 'event_manager', 'web', '2026-02-12 09:06:46', '2026-02-12 09:06:46'),
(4, 'voting_manager', 'web', '2026-02-12 09:06:46', '2026-02-12 09:06:46'),
(5, 'content_manager', 'web', '2026-02-12 09:06:46', '2026-02-12 09:06:46'),
(6, 'attendee', 'web', '2026-02-12 09:06:46', '2026-02-12 09:06:46'),
(7, 'super_admin', 'web', '2026-02-12 09:32:30', '2026-02-12 09:32:30');

-- --------------------------------------------------------

--
-- Table structure for table `role_has_permissions`
--

CREATE TABLE `role_has_permissions` (
  `permission_id` bigint UNSIGNED NOT NULL,
  `role_id` bigint UNSIGNED NOT NULL
) ENGINE=InnoDB DEFAULT CHARSET=utf8mb4 COLLATE=utf8mb4_unicode_ci;

--
-- Dumping data for table `role_has_permissions`
--

INSERT INTO `role_has_permissions` (`permission_id`, `role_id`) VALUES
(5, 2),
(6, 2),
(7, 2),
(8, 2),
(9, 2),
(10, 2),
(11, 2),
(12, 2),
(13, 2),
(14, 2),
(15, 2),
(16, 2),
(17, 2),
(18, 2),
(19, 2),
(20, 2),
(21, 2),
(22, 2),
(23, 2),
(24, 2),
(25, 2),
(26, 2),
(27, 2),
(28, 2),
(29, 2),
(30, 2),
(31, 2),
(32, 2),
(33, 2),
(34, 2),
(35, 2),
(36, 2),
(37, 2),
(38, 2),
(39, 2),
(40, 2),
(41, 2),
(42, 2),
(43, 2),
(9, 3),
(10, 3),
(11, 3),
(13, 3),
(25, 3),
(26, 3),
(27, 3),
(29, 3),
(42, 3),
(14, 4),
(15, 4),
(16, 4),
(18, 4),
(19, 4),
(20, 4),
(21, 4),
(22, 4),
(24, 4),
(42, 4),
(35, 5),
(36, 5),
(37, 5),
(38, 5),
(39, 5),
(9, 6),
(35, 6),
(1, 7),
(2, 7),
(3, 7),
(4, 7),
(5, 7),
(6, 7),
(7, 7),
(8, 7),
(9, 7),
(10, 7),
(11, 7),
(12, 7),
(13, 7),
(14, 7),
(15, 7),
(16, 7),
(17, 7),
(18, 7),
(19, 7),
(20, 7),
(21, 7),
(22, 7),
(23, 7),
(24, 7),
(25, 7),
(26, 7),
(27, 7),
(28, 7),
(29, 7),
(30, 7),
(31, 7),
(32, 7),
(33, 7),
(34, 7),
(35, 7),
(36, 7),
(37, 7),
(38, 7),
(39, 7),
(40, 7),
(41, 7),
(42, 7),
(43, 7),
(44, 7),
(45, 7),
(46, 7),
(47, 7),
(48, 7);

-- --------------------------------------------------------

--
-- Table structure for table `sessions`
--

CREATE TABLE `sessions` (
  `id` varchar(255) COLLATE utf8mb4_unicode_ci NOT NULL,
  `user_id` bigint UNSIGNED DEFAULT NULL,
  `ip_address` varchar(45) COLLATE utf8mb4_unicode_ci DEFAULT NULL,
  `user_agent` text COLLATE utf8mb4_unicode_ci,
  `payload` longtext COLLATE utf8mb4_unicode_ci NOT NULL,
  `last_activity` int NOT NULL
) ENGINE=InnoDB DEFAULT CHARSET=utf8mb4 COLLATE=utf8mb4_unicode_ci;

--
-- Dumping data for table `sessions`
--

INSERT INTO `sessions` (`id`, `user_id`, `ip_address`, `user_agent`, `payload`, `last_activity`) VALUES
('bopkwEDFHOnJ4nYX63H8T0WRxCR7n3i9L52Ri58t', 12, '127.0.0.1', 'Mozilla/5.0 (Macintosh; Intel Mac OS X 10_15_7) AppleWebKit/537.36 (KHTML, like Gecko) Chrome/144.0.0.0 Safari/537.36', 'YTo0OntzOjY6Il90b2tlbiI7czo0MDoiYXgwWGtZM29sdVdNdk5jOHlZT0dpRTNKd1V1SVRsM0xxMjhsdmJ1RyI7czo2OiJfZmxhc2giO2E6Mjp7czozOiJvbGQiO2E6MDp7fXM6MzoibmV3IjthOjA6e319czo5OiJfcHJldmlvdXMiO2E6Mjp7czozOiJ1cmwiO3M6NDQ6Imh0dHA6Ly8xMjcuMC4wLjE6ODAwMC9hZG1pbi9zZXR0aW5ncy9nZW5lcmFsIjtzOjU6InJvdXRlIjtzOjI4OiJhZG1pbi5zZXR0aW5ncy5nZW5lcmFsLmluZGV4Ijt9czo1MDoibG9naW5fd2ViXzU5YmEzNmFkZGMyYjJmOTQwMTU4MGYwMTRjN2Y1OGVhNGUzMDk4OWQiO2k6MTI7fQ==', 1773575842),
('G35u6mxDTMRP2WvkoE5g58wxPFDfupMNLc9X7wte', 1, '127.0.0.1', 'Mozilla/5.0 (Macintosh; Intel Mac OS X 10_15_7) AppleWebKit/537.36 (KHTML, like Gecko) Chrome/144.0.0.0 Safari/537.36', 'YTo1OntzOjY6Il90b2tlbiI7czo0MDoiZnBpVGZ6eFBnMlAwdW82azlvZHg3MzlFalhBZUFIOGpaQUdQRTNESSI7czozOiJ1cmwiO2E6MDp7fXM6OToiX3ByZXZpb3VzIjthOjI6e3M6MzoidXJsIjtzOjQxOiJodHRwOi8vMTI3LjAuMC4xOjgwMDAvYWRtaW4vYWN0aXZpdHkvbGl2ZSI7czo1OiJyb3V0ZSI7czoxOToiYWRtaW4uYWN0aXZpdHkubGl2ZSI7fXM6NjoiX2ZsYXNoIjthOjI6e3M6Mzoib2xkIjthOjA6e31zOjM6Im5ldyI7YTowOnt9fXM6NTA6ImxvZ2luX3dlYl81OWJhMzZhZGRjMmIyZjk0MDE1ODBmMDE0YzdmNThlYTRlMzA5ODlkIjtpOjE7fQ==', 1773577363),
('Qzc0R3PVEJUo6J5PPBZLI22W39XiH28s84D6tQ0F', 1, '127.0.0.1', 'Mozilla/5.0 (Macintosh; Intel Mac OS X 10_15_7) AppleWebKit/537.36 (KHTML, like Gecko) Chrome/144.0.0.0 Safari/537.36', 'YTo0OntzOjY6Il90b2tlbiI7czo0MDoiMTVub1lOUDlyemFyZVh2NVkxZzZBbm1Rb1dCZEFBWXlMbWVYVm5UZSI7czo5OiJfcHJldmlvdXMiO2E6Mjp7czozOiJ1cmwiO3M6MzQ6Imh0dHA6Ly8xMjcuMC4wLjE6ODAwMC9hZG1pbi92b3RpbmciO3M6NToicm91dGUiO3M6MjI6ImFkbWluLnZvdGluZy5kYXNoYm9hcmQiO31zOjY6Il9mbGFzaCI7YToyOntzOjM6Im9sZCI7YTowOnt9czozOiJuZXciO2E6MDp7fX1zOjUwOiJsb2dpbl93ZWJfNTliYTM2YWRkYzJiMmY5NDAxNTgwZjAxNGM3ZjU4ZWE0ZTMwOTg5ZCI7aToxO30=', 1773577031),
('V6gVQBBPJFh88I8cOJ6q54ITHcfUXiWcmuNaK5Ir', 12, '127.0.0.1', 'Mozilla/5.0 (Macintosh; Intel Mac OS X 10_15_7) AppleWebKit/537.36 (KHTML, like Gecko) Chrome/145.0.0.0 Safari/537.36', 'YTo1OntzOjY6Il90b2tlbiI7czo0MDoid2M5UUlnNWVzUTV1N0NFRXh4c2NBQ2dlcGlYYXRjUUM3aklwaEFZSyI7czo5OiJfcHJldmlvdXMiO2E6Mjp7czozOiJ1cmwiO3M6MzQ6Imh0dHA6Ly8xMjcuMC4wLjE6ODAwMC92ZXJpZnktZW1haWwiO3M6NToicm91dGUiO3M6MTk6InZlcmlmaWNhdGlvbi5ub3RpY2UiO31zOjY6Il9mbGFzaCI7YToyOntzOjM6Im9sZCI7YTowOnt9czozOiJuZXciO2E6MDp7fX1zOjUwOiJsb2dpbl93ZWJfNTliYTM2YWRkYzJiMmY5NDAxNTgwZjAxNGM3ZjU4ZWE0ZTMwOTg5ZCI7aToxMjtzOjM6InVybCI7YToxOntzOjg6ImludGVuZGVkIjtzOjMxOiJodHRwOi8vMTI3LjAuMC4xOjgwMDAvZGFzaGJvYXJkIjt9fQ==', 1773568972),
('vaDVGW5i3IjGawsmDi1JHsPXveR4EFDPzkwHAsmW', NULL, '127.0.0.1', 'Mozilla/5.0 (Macintosh; Intel Mac OS X 10_15_7) AppleWebKit/537.36 (KHTML, like Gecko) Chrome/144.0.0.0 Safari/537.36', 'YTozOntzOjY6Il90b2tlbiI7czo0MDoiSWJTWE9kZlFlVEtQaVh5eE1JTkxYWmtnd2FaWTJEZlFQaFZUVWQ2ciI7czo5OiJfcHJldmlvdXMiO2E6Mjp7czozOiJ1cmwiO3M6Mjc6Imh0dHA6Ly8xMjcuMC4wLjE6ODAwMC9sb2dpbiI7czo1OiJyb3V0ZSI7czo1OiJsb2dpbiI7fXM6NjoiX2ZsYXNoIjthOjI6e3M6Mzoib2xkIjthOjA6e31zOjM6Im5ldyI7YTowOnt9fX0=', 1773570572);

-- --------------------------------------------------------

--
-- Table structure for table `settings`
--

CREATE TABLE `settings` (
  `id` bigint UNSIGNED NOT NULL,
  `client_id` bigint UNSIGNED DEFAULT NULL,
  `key` varchar(255) COLLATE utf8mb4_unicode_ci NOT NULL,
  `value` text COLLATE utf8mb4_unicode_ci,
  `type` varchar(255) COLLATE utf8mb4_unicode_ci NOT NULL DEFAULT 'string',
  `group` varchar(255) COLLATE utf8mb4_unicode_ci NOT NULL DEFAULT 'general',
  `description` text COLLATE utf8mb4_unicode_ci,
  `is_public` tinyint(1) NOT NULL DEFAULT '0',
  `created_at` timestamp NULL DEFAULT NULL,
  `updated_at` timestamp NULL DEFAULT NULL
) ENGINE=InnoDB DEFAULT CHARSET=utf8mb4 COLLATE=utf8mb4_unicode_ci;

--
-- Dumping data for table `settings`
--

INSERT INTO `settings` (`id`, `client_id`, `key`, `value`, `type`, `group`, `description`, `is_public`, `created_at`, `updated_at`) VALUES
(1, NULL, 'site_name', 'Tuqio Hub', 'string', 'general', 'The main title of the application', 1, '2026-02-12 09:06:48', '2026-02-12 09:06:48'),
(2, NULL, 'registration_enabled', '1', 'boolean', 'general', 'Whether new users can register themselves', 1, '2026-02-12 09:06:48', '2026-02-12 09:06:48'),
(3, NULL, 'maintenance_mode', '0', 'boolean', 'system', 'Enable or disable maintenance mode', 0, '2026-02-12 09:06:48', '2026-02-12 09:06:48'),
(4, 1, 'logo', 'logo/logo-big.webp', 'string', 'branding', 'Custom client logo', 1, '2026-02-12 09:06:48', '2026-02-12 09:06:48');

-- --------------------------------------------------------

--
-- Table structure for table `sms_templates`
--

CREATE TABLE `sms_templates` (
  `id` bigint UNSIGNED NOT NULL,
  `uuid` char(36) COLLATE utf8mb4_unicode_ci NOT NULL,
  `client_id` bigint UNSIGNED DEFAULT NULL,
  `name` varchar(255) COLLATE utf8mb4_unicode_ci NOT NULL,
  `slug` varchar(255) COLLATE utf8mb4_unicode_ci NOT NULL,
  `category` varchar(255) COLLATE utf8mb4_unicode_ci DEFAULT NULL,
  `description` text COLLATE utf8mb4_unicode_ci,
  `message` text COLLATE utf8mb4_unicode_ci NOT NULL,
  `character_count` int NOT NULL DEFAULT '0',
  `placeholders` json DEFAULT NULL,
  `variables` json DEFAULT NULL,
  `is_active` tinyint(1) NOT NULL DEFAULT '1',
  `is_system` tinyint(1) NOT NULL DEFAULT '0',
  `created_at` timestamp NULL DEFAULT NULL,
  `updated_at` timestamp NULL DEFAULT NULL
) ENGINE=InnoDB DEFAULT CHARSET=utf8mb4 COLLATE=utf8mb4_unicode_ci;

--
-- Dumping data for table `sms_templates`
--

INSERT INTO `sms_templates` (`id`, `uuid`, `client_id`, `name`, `slug`, `category`, `description`, `message`, `character_count`, `placeholders`, `variables`, `is_active`, `is_system`, `created_at`, `updated_at`) VALUES
(1, '49711b05-b786-4070-a843-eab593095627', 1, 'Ticket Confirmed', 'ticket-confirmed-sms-1', 'ticketing', 'Short SMS confirmation after ticket purchase.', 'Hi {{attendee_name}}, your ticket for {{event_name}} is confirmed! Ticket #{{ticket_number}}. See you on {{event_date}}.', 120, '[\"attendee_name\", \"event_name\", \"ticket_number\", \"event_date\"]', NULL, 1, 1, '2026-03-04 09:17:02', '2026-03-04 09:17:02'),
(2, '4b38e87c-f6fb-4da7-89e9-08c95c17338e', 1, 'Registration Confirmed', 'registration-confirmed-sms-1', 'registration', 'Short SMS confirming event registration.', 'Hi {{attendee_name}}, your registration for {{event_name}} is confirmed. Date: {{event_date}}, Venue: {{event_venue}}.', 118, '[\"attendee_name\", \"event_name\", \"event_date\", \"event_venue\"]', NULL, 1, 1, '2026-03-04 09:17:02', '2026-03-04 09:17:02'),
(3, '010bb796-d0fe-4ea9-9ae6-a69048399b23', 1, 'Payment Received', 'payment-received-sms-1', 'financial', 'SMS receipt for completed payment.', 'Payment of {{amount}} received for {{event_name}}. Ref: {{transaction_id}}. Thank you!', 86, '[\"amount\", \"event_name\", \"transaction_id\"]', NULL, 1, 1, '2026-03-04 09:17:02', '2026-03-04 09:17:02'),
(4, '56913798-ef72-42a4-ac56-ef27985988da', 1, 'Event Reminder — 24 Hours', 'event-reminder-24-hours-sms-1', 'reminder', 'SMS reminder sent 24 hours before event.', 'Reminder: {{event_name}} is tomorrow at {{event_time}}, {{event_venue}}. Bring your ticket!', 91, '[\"event_name\", \"event_time\", \"event_venue\"]', NULL, 1, 1, '2026-03-04 09:17:02', '2026-03-04 09:17:02'),
(5, '6d7f80ce-f62e-4bb1-bdf0-6523332cfc48', 1, 'Event Reminder — 1 Hour', 'event-reminder-1-hour-sms-1', 'reminder', 'SMS reminder sent 1 hour before event.', '{{event_name}} starts in 1 hour! Head to {{event_venue}} now. See you soon!', 75, '[\"event_name\", \"event_venue\"]', NULL, 1, 1, '2026-03-04 09:17:02', '2026-03-04 09:17:02'),
(6, '3f6c5d5c-19a4-4d67-9928-0b2492da041a', 1, 'Vote Confirmed', 'vote-confirmed-sms-1', 'voting', 'SMS confirmation after a vote is cast.', 'Hi {{voter_name}}, your {{votes_count}} vote(s) for {{nominee_name}} in {{category_name}} have been counted. Thank you!', 119, '[\"voter_name\", \"votes_count\", \"nominee_name\", \"category_name\"]', NULL, 1, 1, '2026-03-04 09:17:02', '2026-03-04 09:17:02'),
(7, '86e1488a-2b4e-4176-9f16-7619447c3b76', 1, 'General Alert', 'general-alert-sms-1', 'general', 'A short reusable SMS for general announcements.', '{{message_body}} - {{organizer_name}}', 37, '[\"message_body\", \"organizer_name\"]', NULL, 1, 0, '2026-03-04 09:17:02', '2026-03-04 09:17:02'),
(8, '51ba8743-7acb-4596-b5ac-61ab34ee9e9f', 2, 'Ticket Confirmed', 'ticket-confirmed-sms-2', 'ticketing', 'Short SMS confirmation after ticket purchase.', 'Hi {{attendee_name}}, your ticket for {{event_name}} is confirmed! Ticket #{{ticket_number}}. See you on {{event_date}}.', 120, '[\"attendee_name\", \"event_name\", \"ticket_number\", \"event_date\"]', NULL, 1, 1, '2026-03-04 09:17:02', '2026-03-04 09:17:02'),
(9, '92f23078-5708-4301-8ba1-9b90e03bc21d', 2, 'Registration Confirmed', 'registration-confirmed-sms-2', 'registration', 'Short SMS confirming event registration.', 'Hi {{attendee_name}}, your registration for {{event_name}} is confirmed. Date: {{event_date}}, Venue: {{event_venue}}.', 118, '[\"attendee_name\", \"event_name\", \"event_date\", \"event_venue\"]', NULL, 1, 1, '2026-03-04 09:17:02', '2026-03-04 09:17:02'),
(10, 'dc36699d-eca3-47fa-a281-4a96d42a3970', 2, 'Payment Received', 'payment-received-sms-2', 'financial', 'SMS receipt for completed payment.', 'Payment of {{amount}} received for {{event_name}}. Ref: {{transaction_id}}. Thank you!', 86, '[\"amount\", \"event_name\", \"transaction_id\"]', NULL, 1, 1, '2026-03-04 09:17:02', '2026-03-04 09:17:02'),
(11, '97c767a7-6489-477c-853f-d9db69928af5', 2, 'Event Reminder — 24 Hours', 'event-reminder-24-hours-sms-2', 'reminder', 'SMS reminder sent 24 hours before event.', 'Reminder: {{event_name}} is tomorrow at {{event_time}}, {{event_venue}}. Bring your ticket!', 91, '[\"event_name\", \"event_time\", \"event_venue\"]', NULL, 1, 1, '2026-03-04 09:17:02', '2026-03-04 09:17:02'),
(12, '4783f467-a863-4f1e-8693-f7fd3091872f', 2, 'Event Reminder — 1 Hour', 'event-reminder-1-hour-sms-2', 'reminder', 'SMS reminder sent 1 hour before event.', '{{event_name}} starts in 1 hour! Head to {{event_venue}} now. See you soon!', 75, '[\"event_name\", \"event_venue\"]', NULL, 1, 1, '2026-03-04 09:17:02', '2026-03-04 09:17:02'),
(13, '97612733-67aa-4623-bf9a-2b065fa2e901', 2, 'Vote Confirmed', 'vote-confirmed-sms-2', 'voting', 'SMS confirmation after a vote is cast.', 'Hi {{voter_name}}, your {{votes_count}} vote(s) for {{nominee_name}} in {{category_name}} have been counted. Thank you!', 119, '[\"voter_name\", \"votes_count\", \"nominee_name\", \"category_name\"]', NULL, 1, 1, '2026-03-04 09:17:02', '2026-03-04 09:17:02'),
(14, 'c5f748ae-84cb-4775-ab2c-5a2154d9f448', 2, 'General Alert', 'general-alert-sms-2', 'general', 'A short reusable SMS for general announcements.', '{{message_body}} - {{organizer_name}}', 37, '[\"message_body\", \"organizer_name\"]', NULL, 1, 0, '2026-03-04 09:17:02', '2026-03-04 09:17:02'),
(15, 'b4a36724-c024-4daf-937e-c876a9dd1092', 3, 'Ticket Confirmed', 'ticket-confirmed-sms-3', 'ticketing', 'Short SMS confirmation after ticket purchase.', 'Hi {{attendee_name}}, your ticket for {{event_name}} is confirmed! Ticket #{{ticket_number}}. See you on {{event_date}}.', 120, '[\"attendee_name\", \"event_name\", \"ticket_number\", \"event_date\"]', NULL, 1, 1, '2026-03-04 09:17:02', '2026-03-04 09:17:02'),
(16, '98c70545-cf72-482e-b1fc-683e0d955623', 3, 'Registration Confirmed', 'registration-confirmed-sms-3', 'registration', 'Short SMS confirming event registration.', 'Hi {{attendee_name}}, your registration for {{event_name}} is confirmed. Date: {{event_date}}, Venue: {{event_venue}}.', 118, '[\"attendee_name\", \"event_name\", \"event_date\", \"event_venue\"]', NULL, 1, 1, '2026-03-04 09:17:02', '2026-03-04 09:17:02'),
(17, '9d7742fa-74ae-403d-89dd-e83236eac746', 3, 'Payment Received', 'payment-received-sms-3', 'financial', 'SMS receipt for completed payment.', 'Payment of {{amount}} received for {{event_name}}. Ref: {{transaction_id}}. Thank you!', 86, '[\"amount\", \"event_name\", \"transaction_id\"]', NULL, 1, 1, '2026-03-04 09:17:02', '2026-03-04 09:17:02'),
(18, '5912e9b0-a710-4855-9f43-15af363b9553', 3, 'Event Reminder — 24 Hours', 'event-reminder-24-hours-sms-3', 'reminder', 'SMS reminder sent 24 hours before event.', 'Reminder: {{event_name}} is tomorrow at {{event_time}}, {{event_venue}}. Bring your ticket!', 91, '[\"event_name\", \"event_time\", \"event_venue\"]', NULL, 1, 1, '2026-03-04 09:17:02', '2026-03-04 09:17:02'),
(19, '20cdd28a-7f9f-470e-b1f7-6ef0064f8a41', 3, 'Event Reminder — 1 Hour', 'event-reminder-1-hour-sms-3', 'reminder', 'SMS reminder sent 1 hour before event.', '{{event_name}} starts in 1 hour! Head to {{event_venue}} now. See you soon!', 75, '[\"event_name\", \"event_venue\"]', NULL, 1, 1, '2026-03-04 09:17:02', '2026-03-04 09:17:02'),
(20, '2639367d-7e72-4817-a97c-afdb8bb98ecb', 3, 'Vote Confirmed', 'vote-confirmed-sms-3', 'voting', 'SMS confirmation after a vote is cast.', 'Hi {{voter_name}}, your {{votes_count}} vote(s) for {{nominee_name}} in {{category_name}} have been counted. Thank you!', 119, '[\"voter_name\", \"votes_count\", \"nominee_name\", \"category_name\"]', NULL, 1, 1, '2026-03-04 09:17:02', '2026-03-04 09:17:02'),
(21, '3ac46e73-f822-43ec-ae44-e603b0dda471', 3, 'General Alert', 'general-alert-sms-3', 'general', 'A short reusable SMS for general announcements.', '{{message_body}} - {{organizer_name}}', 37, '[\"message_body\", \"organizer_name\"]', NULL, 1, 0, '2026-03-04 09:17:02', '2026-03-04 09:17:02');

-- --------------------------------------------------------

--
-- Table structure for table `tags`
--

CREATE TABLE `tags` (
  `id` bigint UNSIGNED NOT NULL,
  `uuid` char(36) COLLATE utf8mb4_unicode_ci NOT NULL,
  `client_id` bigint UNSIGNED NOT NULL,
  `name` varchar(255) COLLATE utf8mb4_unicode_ci NOT NULL,
  `slug` varchar(255) COLLATE utf8mb4_unicode_ci NOT NULL,
  `description` text COLLATE utf8mb4_unicode_ci,
  `posts_count` int UNSIGNED NOT NULL DEFAULT '0',
  `color` varchar(7) COLLATE utf8mb4_unicode_ci DEFAULT NULL,
  `icon` varchar(255) COLLATE utf8mb4_unicode_ci DEFAULT NULL,
  `is_active` tinyint(1) NOT NULL DEFAULT '1',
  `created_at` timestamp NULL DEFAULT NULL,
  `updated_at` timestamp NULL DEFAULT NULL
) ENGINE=InnoDB DEFAULT CHARSET=utf8mb4 COLLATE=utf8mb4_unicode_ci;

--
-- Dumping data for table `tags`
--

INSERT INTO `tags` (`id`, `uuid`, `client_id`, `name`, `slug`, `description`, `posts_count`, `color`, `icon`, `is_active`, `created_at`, `updated_at`) VALUES
(1, '05653791-9f54-4fa4-aa78-41ed1dffd021', 1, 'Featured', 'featured', 'Featured content', 0, '#EF4444', 'star', 1, '2026-03-03 17:44:00', '2026-03-03 17:44:00'),
(2, 'fc4db7fc-07fb-4c9b-be45-0a0ca7b73f7b', 1, 'Tutorial', 'tutorial', 'Tutorial and how-to guides', 0, '#F59E0B', 'book', 1, '2026-03-03 17:44:00', '2026-03-03 17:44:00'),
(3, '26b3fd0d-d301-4543-a827-806d35daa6c9', 1, 'Update', 'update', 'Platform updates', 0, '#10B981', 'refresh', 1, '2026-03-03 17:44:00', '2026-03-03 17:44:00'),
(4, '17e4f02a-81c5-47f0-92cc-ce12b54860ca', 1, 'Guide', 'guide', 'User guides and documentation', 0, '#3B82F6', 'map', 1, '2026-03-03 17:44:00', '2026-03-03 17:44:00'),
(5, 'e65f0bbe-b3ec-463d-bc69-f057e532ba26', 1, 'Launch', 'launch', 'New feature launches', 0, '#8B5CF6', 'rocket', 1, '2026-03-03 17:44:00', '2026-03-03 17:44:00'),
(6, 'bf006074-d5f5-488c-992a-5952f7fbfdea', 1, 'Award', 'award', 'Awards and recognition', 0, '#EC4899', 'trophy', 1, '2026-03-03 17:44:00', '2026-03-03 17:44:00'),
(7, 'f5e836cd-192f-4840-b4e1-d389931283f9', 1, 'Voting', 'voting', 'Voting-related content', 0, '#14B8A6', 'check-circle', 1, '2026-03-03 17:44:00', '2026-03-03 17:44:00'),
(8, '49dd5533-9547-4711-8b3b-54b270084006', 1, 'Ticketing', 'ticketing', 'Ticketing and event access', 0, '#EF4444', 'ticket', 1, '2026-03-03 17:44:00', '2026-03-03 17:44:00'),
(9, 'ffe402f7-ac25-4069-a969-4b5aed863eed', 1, 'Music', 'music', 'Music-related content', 0, '#F59E0B', 'music', 1, '2026-03-03 17:44:00', '2026-03-03 17:44:00'),
(10, '02c9208d-db01-4f9d-a0eb-f45e65f39096', 1, 'Entertainment', 'entertainment', 'Entertainment industry news', 0, '#10B981', 'film', 1, '2026-03-03 17:44:00', '2026-03-03 17:44:00'),
(11, '93164ab3-9009-4350-a831-5ae54e992441', 1, 'Technology', 'technology', 'Technology and innovation', 0, '#3B82F6', 'cpu', 1, '2026-03-03 17:44:00', '2026-03-03 17:44:00'),
(12, '5b95e0a4-5cc2-4312-bb7b-aa4611240adb', 1, 'Business', 'business', 'Business and industry insights', 0, '#8B5CF6', 'briefcase', 1, '2026-03-03 17:44:00', '2026-03-03 17:44:00'),
(13, '854e50b1-5d5b-449f-a154-306160bb7775', 1, 'Community', 'community', 'Community highlights', 0, '#EC4899', 'users', 1, '2026-03-03 17:44:00', '2026-03-03 17:44:00'),
(14, '2852c239-dabe-4d23-ae3e-90a115513328', 1, 'Highlight', 'highlight', 'Event highlights', 0, '#14B8A6', 'lightning', 1, '2026-03-03 17:44:00', '2026-03-03 17:44:00'),
(15, '11c27f8c-94bd-4ab8-ae02-e7835299ac6f', 1, 'Trending', 'trending', 'Trending topics', 0, '#EF4444', 'trending-up', 1, '2026-03-03 17:44:00', '2026-03-03 17:44:00'),
(16, '205a4b14-559c-4a02-84b9-b7fe21b17623', 1, 'Tips', 'tips', 'Tips and best practices', 0, '#F59E0B', 'lightbulb', 1, '2026-03-03 17:44:00', '2026-03-03 17:44:00'),
(17, '7f7e78a6-5539-4368-929c-b3ef32dca863', 1, 'Success Story', 'success-story', 'Success stories and case studies', 0, '#10B981', 'award', 1, '2026-03-03 17:44:00', '2026-03-03 17:44:00'),
(18, '84f501b7-2af8-485a-90a5-cf9b575ea9e7', 1, 'Partnership', 'partnership', 'Partnership announcements', 0, '#3B82F6', 'handshake', 1, '2026-03-03 17:44:00', '2026-03-03 17:44:00'),
(19, '4cbba5aa-b24f-45c2-b73b-dd8ee4add68d', 2, 'Featured', 'featured', 'Featured content', 0, '#EF4444', 'star', 1, '2026-03-03 17:44:00', '2026-03-03 17:44:00'),
(20, '0db40d99-b0e8-4ad2-8995-94c899310160', 2, 'Tutorial', 'tutorial', 'Tutorial and how-to guides', 0, '#F59E0B', 'book', 1, '2026-03-03 17:44:00', '2026-03-03 17:44:00'),
(21, 'b3f3d741-cc58-411a-9c1b-193702e70c89', 2, 'Update', 'update', 'Platform updates', 0, '#10B981', 'refresh', 1, '2026-03-03 17:44:00', '2026-03-03 17:44:00'),
(22, '9a045cfa-48c1-4cfb-aadd-bbe11bbddc8b', 2, 'Guide', 'guide', 'User guides and documentation', 0, '#3B82F6', 'map', 1, '2026-03-03 17:44:00', '2026-03-03 17:44:00'),
(23, 'b1ac14d2-7ebc-4a16-9dd4-d26d3458edcf', 2, 'Launch', 'launch', 'New feature launches', 0, '#8B5CF6', 'rocket', 1, '2026-03-03 17:44:00', '2026-03-03 17:44:00'),
(24, '0f537289-8bd2-40d8-ba8b-1064a5d6b732', 2, 'Award', 'award', 'Awards and recognition', 0, '#EC4899', 'trophy', 1, '2026-03-03 17:44:00', '2026-03-03 17:44:00'),
(25, '4b52a40d-d8c3-4297-8b21-57878be64d92', 2, 'Voting', 'voting', 'Voting-related content', 0, '#14B8A6', 'check-circle', 1, '2026-03-03 17:44:00', '2026-03-03 17:44:00'),
(26, '00d56154-68c4-4b78-86c4-176b73681d32', 2, 'Ticketing', 'ticketing', 'Ticketing and event access', 0, '#EF4444', 'ticket', 1, '2026-03-03 17:44:00', '2026-03-03 17:44:00'),
(27, '874b440d-0f51-43c8-bf8c-9617e30c9954', 2, 'Music', 'music', 'Music-related content', 0, '#F59E0B', 'music', 1, '2026-03-03 17:44:00', '2026-03-03 17:44:00'),
(28, 'f7c4e8b0-6b6d-497c-8df1-667e3d5cd9aa', 2, 'Entertainment', 'entertainment', 'Entertainment industry news', 0, '#10B981', 'film', 1, '2026-03-03 17:44:00', '2026-03-03 17:44:00'),
(29, '18af9032-35cb-44e2-812c-fffa37121b22', 2, 'Technology', 'technology', 'Technology and innovation', 0, '#3B82F6', 'cpu', 1, '2026-03-03 17:44:00', '2026-03-03 17:44:00'),
(30, 'a2c11d41-efb4-44ce-9797-83a1a273a1e1', 2, 'Business', 'business', 'Business and industry insights', 0, '#8B5CF6', 'briefcase', 1, '2026-03-03 17:44:00', '2026-03-03 17:44:00'),
(31, 'e63643d3-da65-4b8b-b766-1b322aa3f223', 2, 'Community', 'community', 'Community highlights', 0, '#EC4899', 'users', 1, '2026-03-03 17:44:00', '2026-03-03 17:44:00'),
(32, 'fbb2b38c-626c-46b8-9732-e0f3f1c4227f', 2, 'Highlight', 'highlight', 'Event highlights', 0, '#14B8A6', 'lightning', 1, '2026-03-03 17:44:00', '2026-03-03 17:44:00'),
(33, '6885cbf0-1cf9-4b58-9388-25c22830db54', 2, 'Trending', 'trending', 'Trending topics', 0, '#EF4444', 'trending-up', 1, '2026-03-03 17:44:00', '2026-03-03 17:44:00'),
(34, 'a2854645-effe-48bf-a2f5-add12eca638d', 2, 'Tips', 'tips', 'Tips and best practices', 0, '#F59E0B', 'lightbulb', 1, '2026-03-03 17:44:00', '2026-03-03 17:44:00'),
(35, 'c987d698-8e39-431b-ae5e-f88a506942f9', 2, 'Success Story', 'success-story', 'Success stories and case studies', 0, '#10B981', 'award', 1, '2026-03-03 17:44:00', '2026-03-03 17:44:00'),
(36, '886e734b-e45b-47b7-9563-34c380479741', 2, 'Partnership', 'partnership', 'Partnership announcements', 0, '#3B82F6', 'handshake', 1, '2026-03-03 17:44:00', '2026-03-03 17:44:00');

-- --------------------------------------------------------

--
-- Table structure for table `tickets`
--

CREATE TABLE `tickets` (
  `id` bigint UNSIGNED NOT NULL,
  `uuid` char(36) COLLATE utf8mb4_unicode_ci NOT NULL,
  `client_id` bigint UNSIGNED NOT NULL,
  `event_id` bigint UNSIGNED NOT NULL,
  `ticket_type_id` bigint UNSIGNED NOT NULL,
  `purchase_id` bigint UNSIGNED NOT NULL,
  `purchase_item_id` bigint UNSIGNED NOT NULL,
  `ticket_number` varchar(50) COLLATE utf8mb4_unicode_ci NOT NULL,
  `barcode` varchar(100) COLLATE utf8mb4_unicode_ci NOT NULL,
  `holder_name` varchar(200) COLLATE utf8mb4_unicode_ci DEFAULT NULL,
  `holder_email` varchar(255) COLLATE utf8mb4_unicode_ci DEFAULT NULL,
  `holder_phone` varchar(20) COLLATE utf8mb4_unicode_ci DEFAULT NULL,
  `status` enum('active','used','cancelled','expired','transferred','pending') COLLATE utf8mb4_unicode_ci NOT NULL DEFAULT 'pending',
  `seat_number` varchar(50) COLLATE utf8mb4_unicode_ci DEFAULT NULL,
  `table_number` varchar(50) COLLATE utf8mb4_unicode_ci DEFAULT NULL,
  `section` varchar(100) COLLATE utf8mb4_unicode_ci DEFAULT NULL,
  `valid_from` timestamp NULL DEFAULT NULL,
  `valid_until` timestamp NULL DEFAULT NULL,
  `transferred_from_id` bigint UNSIGNED DEFAULT NULL,
  `transferred_at` timestamp NULL DEFAULT NULL,
  `cancelled_at` timestamp NULL DEFAULT NULL,
  `cancellation_reason` varchar(500) COLLATE utf8mb4_unicode_ci DEFAULT NULL,
  `meta` json DEFAULT NULL,
  `created_at` timestamp NULL DEFAULT NULL,
  `updated_at` timestamp NULL DEFAULT NULL
) ENGINE=InnoDB DEFAULT CHARSET=utf8mb4 COLLATE=utf8mb4_unicode_ci;

--
-- Dumping data for table `tickets`
--

INSERT INTO `tickets` (`id`, `uuid`, `client_id`, `event_id`, `ticket_type_id`, `purchase_id`, `purchase_item_id`, `ticket_number`, `barcode`, `holder_name`, `holder_email`, `holder_phone`, `status`, `seat_number`, `table_number`, `section`, `valid_from`, `valid_until`, `transferred_from_id`, `transferred_at`, `cancelled_at`, `cancellation_reason`, `meta`, `created_at`, `updated_at`) VALUES
(19643, '4470789d-cef3-46cf-86ee-28421cb03210', 4, 55, 134, 5233, 5233, 'TKT-AREOQ8KQAA', 'M7J2KTLYLLUI7ENC', 'Joshua john', 'joshujohn03@gmail.com', '+254757140682', 'active', NULL, NULL, NULL, '2026-05-29 21:00:00', '2026-05-29 21:00:00', NULL, NULL, NULL, NULL, NULL, '2026-03-09 17:26:05', '2026-03-09 17:26:05'),
(19644, '59588d9e-a6b3-49f7-a923-84baa21f764d', 4, 55, 135, 5233, 5234, 'TKT-VFSGBDTX3M', 'MM4Z7UIZJSR7Q1D5', 'Joshua john', 'joshujohn03@gmail.com', '+254757140682', 'active', NULL, NULL, NULL, '2026-05-29 21:00:00', '2026-05-29 21:00:00', NULL, NULL, NULL, NULL, NULL, '2026-03-09 17:26:05', '2026-03-09 17:26:05'),
(19645, '06cf10b7-09c5-4ddf-bdb2-2e2108857b3c', 4, 55, 134, 5234, 5235, 'TKT-D2Y7R46FZ0', 'BRXVPMGIHUG8STJ1', 'Joshua john', 'joshujohn03@gmail.com', '+254757140682', 'active', NULL, NULL, NULL, '2026-05-29 21:00:00', '2026-05-29 21:00:00', NULL, NULL, NULL, NULL, NULL, '2026-03-09 17:43:28', '2026-03-09 17:43:28'),
(19646, '833201c9-6341-472f-a9b0-ed499be9e1f9', 4, 55, 135, 5234, 5236, 'TKT-RQKMIYAB2S', 'JVU84Q01Y2XIEEZE', 'Joshua john', 'joshujohn03@gmail.com', '+254757140682', 'active', NULL, NULL, NULL, '2026-05-29 21:00:00', '2026-05-29 21:00:00', NULL, NULL, NULL, NULL, NULL, '2026-03-09 17:43:28', '2026-03-09 17:43:28'),
(19647, '45cddd75-08b3-4bb1-9821-202ebe4431d3', 4, 55, 135, 5239, 5243, 'TKT-ALOUSDYATR', 'C756BHLZS5DDHFSX', 'Joshua Ngumbau John', 'ngumbaujoshua04@gmail.com', '+254757140682', 'active', NULL, NULL, NULL, '2026-05-29 21:00:00', '2026-05-29 21:00:00', NULL, NULL, NULL, NULL, NULL, '2026-03-15 05:33:00', '2026-03-15 05:33:00'),
(19648, '65457be4-99cf-45fa-aec2-628c36dfcbbd', 4, 55, 134, 5240, 5244, 'TKT-8BIWQG3ZAX', 'KPEGONIMLVNIQXEA', 'Joshua Ngumbau John', 'ngumbaujoshua04@gmail.com', '+254757140682', 'active', NULL, NULL, NULL, '2026-05-29 21:00:00', '2026-05-29 21:00:00', NULL, NULL, NULL, NULL, NULL, '2026-03-15 05:59:16', '2026-03-15 05:59:16'),
(19649, '0b039a3e-b733-4538-9998-7accd3673399', 4, 55, 135, 5241, 5245, 'TKT-TPJB6AI3T5', 'ZJSV1DUJL94HVCPK', 'Joshua Ngumbau John', 'ngumbaujoshua04@gmail.com', '+254757140682', 'active', NULL, NULL, NULL, '2026-05-29 21:00:00', '2026-05-29 21:00:00', NULL, NULL, NULL, NULL, NULL, '2026-03-15 06:43:56', '2026-03-15 06:43:56'),
(19650, '55d2683e-71be-45a7-a36a-0c67084dcf30', 6, 66, 163, 5246, 5250, 'TKT-QIGYS95LWC', 'GVJ5JUKYGNRHEOPQ', 'Joshua Ngumbau John', 'ngumbaujoshua04@gmail.com', '+254757140682', 'active', NULL, NULL, NULL, '2026-09-15 21:00:00', '2026-09-15 21:00:00', NULL, NULL, NULL, NULL, NULL, '2026-03-26 13:03:22', '2026-03-26 13:03:22'),
(19651, '5bb43483-029c-4338-b353-b00c4d296416', 6, 66, 163, 5246, 5250, 'TKT-L6QVXWRFBZ', 'ETH9QMRKZIFLLW4D', 'Joshua Ngumbau John', 'ngumbaujoshua04@gmail.com', '+254757140682', 'active', NULL, NULL, NULL, '2026-09-15 21:00:00', '2026-09-15 21:00:00', NULL, NULL, NULL, NULL, NULL, '2026-03-26 13:03:23', '2026-03-26 13:03:23'),
(19652, '6e12dce4-529f-4fc5-9d92-195ceee5d0f0', 6, 66, 163, 5246, 5250, 'TKT-7VFWBDBWQD', 'CD3KHSKDJN3LQPN1', 'Joshua Ngumbau John', 'ngumbaujoshua04@gmail.com', '+254757140682', 'active', NULL, NULL, NULL, '2026-09-15 21:00:00', '2026-09-15 21:00:00', NULL, NULL, NULL, NULL, NULL, '2026-03-26 13:03:23', '2026-03-26 13:03:23'),
(19653, '10b1eab1-44e4-4ef9-b8b2-05b7456ccf67', 6, 66, 163, 5247, 5251, 'TKT-ASAGXMOTWX', 'DVFBNC6CHZQFQVKI', 'Ngumbau Joshua', 'ngumbaujoshua04@gmail.com', '+254757140682', 'active', NULL, NULL, NULL, '2026-09-15 21:00:00', '2026-09-15 21:00:00', NULL, NULL, NULL, NULL, NULL, '2026-03-26 17:11:19', '2026-03-26 17:11:19'),
(19654, 'f60e724e-ce5e-416d-812f-e4bce4675c2f', 6, 66, 163, 5247, 5251, 'TKT-IPXDCWTXLY', '1KF7JIP81GDFXNNA', 'Ngumbau Joshua', 'ngumbaujoshua04@gmail.com', '+254757140682', 'active', NULL, NULL, NULL, '2026-09-15 21:00:00', '2026-09-15 21:00:00', NULL, NULL, NULL, NULL, NULL, '2026-03-26 17:11:19', '2026-03-26 17:11:19'),
(19655, '1c9eecfb-8d3f-4d1c-abff-2fc03dcd3032', 6, 66, 163, 5247, 5251, 'TKT-15A5OMC7MO', 'H4HU3RQGGWVKNUTQ', 'Ngumbau Joshua', 'ngumbaujoshua04@gmail.com', '+254757140682', 'active', NULL, NULL, NULL, '2026-09-15 21:00:00', '2026-09-15 21:00:00', NULL, NULL, NULL, NULL, NULL, '2026-03-26 17:11:19', '2026-03-26 17:11:19'),
(19656, 'bb97b381-afff-473a-9ed8-750ff3a6cb91', 6, 66, 163, 5248, 5252, 'TKT-XK9G9QOS6O', 'RMZYWHSORBSNZBIN', 'Joshua Ngumbau John', 'ngumbaujoshua04@gmail.com', '+254757140682', 'active', NULL, NULL, NULL, '2026-09-15 21:00:00', '2026-09-15 21:00:00', NULL, NULL, NULL, NULL, NULL, '2026-03-26 18:06:43', '2026-03-26 18:06:43'),
(19657, '263d899b-641a-406c-8615-c84ebc0d12fa', 6, 66, 163, 5249, 5253, 'TKT-8SRZWVHUFI', 'NBQOCAHKVS7M3WZI', 'Joshua Ngumbau John', 'ngumbaujoshua04@gmail.com', '+254757140682', 'active', NULL, NULL, NULL, '2026-09-15 21:00:00', '2026-09-15 21:00:00', NULL, NULL, NULL, NULL, NULL, '2026-03-26 18:22:36', '2026-03-26 18:22:36'),
(19658, '04895569-56d5-4aaf-96a7-354d4a3e05ac', 6, 66, 163, 5250, 5254, 'TKT-QHO2PLZSEO', 'HVNOJZ19SXWKZHGW', 'Joshua Ngumbau John', 'ngumbaujoshua04@gmail.com', '+254757140682', 'active', NULL, NULL, NULL, '2026-09-15 21:00:00', '2026-09-15 21:00:00', NULL, NULL, NULL, NULL, NULL, '2026-03-26 18:30:45', '2026-03-26 18:30:45'),
(19659, '87146670-1c83-4e3d-b670-077a07574f7a', 6, 66, 163, 5251, 5255, 'TKT-1FLVAKKYBV', 'V23LB1HTRQLRAVVO', 'Joshua Ngumbau John', 'ngumbaujoshua04@gmail.com', '+254757140682', 'active', NULL, NULL, NULL, '2026-09-15 21:00:00', '2026-09-15 21:00:00', NULL, NULL, NULL, NULL, NULL, '2026-03-26 18:35:26', '2026-03-26 18:35:26'),
(19660, '3a967cda-ad55-4c97-9cef-9383fb1365bb', 6, 66, 163, 5251, 5255, 'TKT-BXOSVSGNXP', '23RD4A7AAFEINGJ8', 'Joshua Ngumbau John', 'ngumbaujoshua04@gmail.com', '+254757140682', 'active', NULL, NULL, NULL, '2026-09-15 21:00:00', '2026-09-15 21:00:00', NULL, NULL, NULL, NULL, NULL, '2026-03-26 18:35:26', '2026-03-26 18:35:26'),
(19661, '77faf90e-5ce2-47fe-ac8c-3204d99ad2ab', 6, 66, 163, 5251, 5255, 'TKT-GSLS5II9Q4', 'XAO9PNWC8KMGVA15', 'Joshua Ngumbau John', 'ngumbaujoshua04@gmail.com', '+254757140682', 'active', NULL, NULL, NULL, '2026-09-15 21:00:00', '2026-09-15 21:00:00', NULL, NULL, NULL, NULL, NULL, '2026-03-26 18:35:26', '2026-03-26 18:35:26'),
(19662, '7dc5c3da-093e-46e4-8155-56122649d2bb', 6, 66, 163, 5251, 5255, 'TKT-J3ZCCGN3T6', 'UMNPCYGWVUBOHTZ9', 'Joshua Ngumbau John', 'ngumbaujoshua04@gmail.com', '+254757140682', 'active', NULL, NULL, NULL, '2026-09-15 21:00:00', '2026-09-15 21:00:00', NULL, NULL, NULL, NULL, NULL, '2026-03-26 18:35:26', '2026-03-26 18:35:26'),
(19663, '834ddb8a-7efd-49b9-a49d-5f85000764ff', 6, 66, 163, 5251, 5255, 'TKT-YITKVSQKXF', '8C8LHUABYGT97DY2', 'Joshua Ngumbau John', 'ngumbaujoshua04@gmail.com', '+254757140682', 'active', NULL, NULL, NULL, '2026-09-15 21:00:00', '2026-09-15 21:00:00', NULL, NULL, NULL, NULL, NULL, '2026-03-26 18:35:26', '2026-03-26 18:35:26'),
(19664, '070fa1cf-6e81-44ca-a888-922b3866a782', 6, 66, 163, 5252, 5256, 'TKT-9CTUSL3OGK', 'RBEOZ7OEGNSLI42W', 'Joshua Ngumbau John', 'ngumbaujoshua04@gmail.com', '+254757140682', 'active', NULL, NULL, NULL, '2026-09-15 21:00:00', '2026-09-15 21:00:00', NULL, NULL, NULL, NULL, NULL, '2026-03-26 18:42:51', '2026-03-26 18:42:51'),
(19665, '7f4927e8-4e8b-400d-be36-c55ae01fee3c', 6, 66, 163, 5252, 5256, 'TKT-YWYOYUXAOR', 'VISVH3ZN2JVKAQDA', 'Joshua Ngumbau John', 'ngumbaujoshua04@gmail.com', '+254757140682', 'active', NULL, NULL, NULL, '2026-09-15 21:00:00', '2026-09-15 21:00:00', NULL, NULL, NULL, NULL, NULL, '2026-03-26 18:42:51', '2026-03-26 18:42:51');

-- --------------------------------------------------------

--
-- Table structure for table `ticket_check_ins`
--

CREATE TABLE `ticket_check_ins` (
  `id` bigint UNSIGNED NOT NULL,
  `client_id` bigint UNSIGNED NOT NULL,
  `event_id` bigint UNSIGNED NOT NULL,
  `ticket_id` bigint UNSIGNED NOT NULL,
  `checked_in_by` bigint UNSIGNED NOT NULL,
  `check_in_method` enum('qr_scan','manual','barcode','nfc') COLLATE utf8mb4_unicode_ci NOT NULL DEFAULT 'qr_scan',
  `location` varchar(200) COLLATE utf8mb4_unicode_ci DEFAULT NULL,
  `gate` varchar(50) COLLATE utf8mb4_unicode_ci DEFAULT NULL,
  `section` varchar(100) COLLATE utf8mb4_unicode_ci DEFAULT NULL,
  `device_id` varchar(100) COLLATE utf8mb4_unicode_ci DEFAULT NULL,
  `device_name` varchar(200) COLLATE utf8mb4_unicode_ci DEFAULT NULL,
  `latitude` decimal(10,8) DEFAULT NULL,
  `longitude` decimal(11,8) DEFAULT NULL,
  `status` enum('success','denied','duplicate_attempt') COLLATE utf8mb4_unicode_ci NOT NULL DEFAULT 'success',
  `notes` text COLLATE utf8mb4_unicode_ci,
  `checked_in_at` timestamp NOT NULL,
  `created_at` timestamp NULL DEFAULT NULL,
  `updated_at` timestamp NULL DEFAULT NULL
) ENGINE=InnoDB DEFAULT CHARSET=utf8mb4 COLLATE=utf8mb4_unicode_ci;

-- --------------------------------------------------------

--
-- Table structure for table `ticket_purchases`
--

CREATE TABLE `ticket_purchases` (
  `id` bigint UNSIGNED NOT NULL,
  `uuid` char(36) COLLATE utf8mb4_unicode_ci NOT NULL,
  `client_id` bigint UNSIGNED NOT NULL,
  `event_id` bigint UNSIGNED NOT NULL,
  `user_id` bigint UNSIGNED DEFAULT NULL,
  `order_number` varchar(50) COLLATE utf8mb4_unicode_ci NOT NULL,
  `buyer_name` varchar(200) COLLATE utf8mb4_unicode_ci NOT NULL,
  `buyer_email` varchar(255) COLLATE utf8mb4_unicode_ci NOT NULL,
  `buyer_phone` varchar(20) COLLATE utf8mb4_unicode_ci NOT NULL,
  `billing_address` text COLLATE utf8mb4_unicode_ci,
  `subtotal` decimal(12,2) NOT NULL,
  `discount_amount` decimal(12,2) NOT NULL DEFAULT '0.00',
  `tax_amount` decimal(12,2) NOT NULL DEFAULT '0.00',
  `service_fee` decimal(12,2) NOT NULL DEFAULT '0.00',
  `total_amount` decimal(12,2) NOT NULL,
  `currency` char(3) COLLATE utf8mb4_unicode_ci NOT NULL DEFAULT 'KES',
  `promo_code_id` bigint UNSIGNED DEFAULT NULL,
  `promo_code` varchar(50) COLLATE utf8mb4_unicode_ci DEFAULT NULL,
  `ticket_count` int UNSIGNED NOT NULL,
  `payment_method` enum('mpesa','airtel_money','card','pesapal','flutterwave','bank','free','cash') COLLATE utf8mb4_unicode_ci NOT NULL DEFAULT 'mpesa',
  `payment_status` enum('pending','processing','completed','failed','cancelled','refunded','partially_refunded') COLLATE utf8mb4_unicode_ci NOT NULL DEFAULT 'pending',
  `payment_reference` varchar(100) COLLATE utf8mb4_unicode_ci DEFAULT NULL,
  `mpesa_checkout_request_id` varchar(100) COLLATE utf8mb4_unicode_ci DEFAULT NULL,
  `mpesa_receipt_number` varchar(50) COLLATE utf8mb4_unicode_ci DEFAULT NULL,
  `payment_gateway_response` json DEFAULT NULL,
  `platform_commission` decimal(12,2) NOT NULL DEFAULT '0.00',
  `client_revenue` decimal(12,2) NOT NULL DEFAULT '0.00',
  `commission_rate` decimal(5,2) NOT NULL,
  `refunded_amount` decimal(12,2) NOT NULL DEFAULT '0.00',
  `refund_reason` varchar(500) COLLATE utf8mb4_unicode_ci DEFAULT NULL,
  `refunded_at` timestamp NULL DEFAULT NULL,
  `paid_at` timestamp NULL DEFAULT NULL,
  `expires_at` timestamp NULL DEFAULT NULL,
  `ip_address` varchar(45) COLLATE utf8mb4_unicode_ci DEFAULT NULL,
  `country` varchar(2) COLLATE utf8mb4_unicode_ci DEFAULT NULL,
  `user_agent` text COLLATE utf8mb4_unicode_ci,
  `notes` text COLLATE utf8mb4_unicode_ci,
  `meta` json DEFAULT NULL,
  `created_at` timestamp NULL DEFAULT NULL,
  `updated_at` timestamp NULL DEFAULT NULL
) ENGINE=InnoDB DEFAULT CHARSET=utf8mb4 COLLATE=utf8mb4_unicode_ci;

--
-- Dumping data for table `ticket_purchases`
--

INSERT INTO `ticket_purchases` (`id`, `uuid`, `client_id`, `event_id`, `user_id`, `order_number`, `buyer_name`, `buyer_email`, `buyer_phone`, `billing_address`, `subtotal`, `discount_amount`, `tax_amount`, `service_fee`, `total_amount`, `currency`, `promo_code_id`, `promo_code`, `ticket_count`, `payment_method`, `payment_status`, `payment_reference`, `mpesa_checkout_request_id`, `mpesa_receipt_number`, `payment_gateway_response`, `platform_commission`, `client_revenue`, `commission_rate`, `refunded_amount`, `refund_reason`, `refunded_at`, `paid_at`, `expires_at`, `ip_address`, `country`, `user_agent`, `notes`, `meta`, `created_at`, `updated_at`) VALUES
(5232, '2a3ba7ea-75bd-424d-9b36-b781b9ab377f', 4, 55, NULL, 'ORD-XMIGBFKR6YXY', 'Test User', 'test@tuqiohub.com', '+254700000001', NULL, 5000.00, 0.00, 0.00, 0.00, 5000.00, 'KES', NULL, NULL, 1, 'mpesa', 'pending', 'xtsf3wddpe', NULL, NULL, NULL, 0.00, 0.00, 10.00, 0.00, NULL, NULL, NULL, '2026-03-09 17:54:37', '127.0.0.1', NULL, 'curl/8.7.1', NULL, NULL, '2026-03-09 17:24:37', '2026-03-09 17:24:37'),
(5233, 'bead1ccd-0271-46db-8700-bce7a99f2564', 4, 55, NULL, 'ORD-4LABVONYOFWQ', 'Joshua john', 'joshujohn03@gmail.com', '+254757140682', NULL, 85000.00, 0.00, 0.00, 0.00, 85000.00, 'KES', NULL, NULL, 2, 'mpesa', 'completed', 'r857jmzwa2', NULL, NULL, '{\"id\": 5918851344, \"log\": {\"input\": [], \"errors\": 0, \"mobile\": false, \"history\": [{\"time\": 6, \"type\": \"action\", \"message\": \"Set payment method to: mptill\"}, {\"time\": 8, \"type\": \"action\", \"message\": \"Set payment method to: mpesa\"}, {\"time\": 10, \"type\": \"action\", \"message\": \"Attempted to pay with mobile money\"}], \"success\": false, \"attempts\": 1, \"start_time\": 1773087943, \"time_spent\": 10}, \"fees\": 127500, \"plan\": null, \"split\": [], \"amount\": 8500000, \"domain\": \"test\", \"paidAt\": \"2026-03-09T20:25:33.000Z\", \"source\": null, \"status\": \"success\", \"channel\": \"mobile_money\", \"connect\": null, \"message\": null, \"paid_at\": \"2026-03-09T20:25:33.000Z\", \"currency\": \"KES\", \"customer\": {\"id\": 332673656, \"email\": \"joshujohn03@gmail.com\", \"phone\": null, \"metadata\": null, \"last_name\": null, \"first_name\": null, \"risk_action\": \"default\", \"customer_code\": \"CUS_1k9txn6ikquuua0\", \"international_format_phone\": null}, \"metadata\": {\"type\": \"ticket_purchase\", \"referrer\": \"http://localhost/\", \"event_slug\": \"ikwa-2026\", \"purchase_id\": \"5233\", \"order_number\": \"ORD-4LABVONYOFWQ\"}, \"order_id\": null, \"createdAt\": \"2026-03-09T20:25:18.000Z\", \"reference\": \"r857jmzwa2\", \"created_at\": \"2026-03-09T20:25:18.000Z\", \"fees_split\": null, \"ip_address\": \"102.68.78.171\", \"subaccount\": [], \"plan_object\": [], \"authorization\": {\"bin\": \"071XXX\", \"bank\": \"M-PESA\", \"brand\": \"M-pesa\", \"last4\": \"X000\", \"channel\": \"mobile_money\", \"exp_year\": \"9999\", \"reusable\": false, \"card_type\": \"\", \"exp_month\": \"12\", \"signature\": null, \"account_name\": null, \"country_code\": \"KE\", \"receiver_bank\": null, \"authorization_code\": \"AUTH_fv7um2cg7i\", \"mobile_money_number\": \"0710000000\", \"receiver_bank_account_number\": null}, \"fees_breakdown\": null, \"receipt_number\": \"10101\", \"gateway_response\": \"Approved\", \"requested_amount\": 8500000, \"transaction_date\": \"2026-03-09T20:25:18.000Z\", \"pos_transaction_data\": null}', 8500.00, 76500.00, 10.00, 0.00, NULL, NULL, '2026-03-09 17:26:01', '2026-03-09 17:55:38', '127.0.0.1', NULL, 'Mozilla/5.0 (X11; Linux aarch64) AppleWebKit/537.36 (KHTML, like Gecko) Chrome/144.0.0.0 Safari/537.36 CrKey/1.54.250320', NULL, NULL, '2026-03-09 17:25:38', '2026-03-09 17:26:05'),
(5234, '52aa55c7-28db-4a1e-af3d-b838530f4382', 4, 55, NULL, 'ORD-7UANJQ5YD7WU', 'Joshua john', 'joshujohn03@gmail.com', '+254757140682', NULL, 85000.00, 0.00, 0.00, 0.00, 85000.00, 'KES', NULL, NULL, 2, 'mpesa', 'completed', 'ry4ddxpiwo', NULL, NULL, '{\"id\": 5918891987, \"log\": {\"input\": [], \"errors\": 0, \"mobile\": false, \"history\": [{\"time\": 2, \"type\": \"action\", \"message\": \"Attempted to pay with mobile money\"}], \"success\": false, \"attempts\": 1, \"start_time\": 1773088994, \"time_spent\": 2}, \"fees\": 127500, \"plan\": null, \"split\": [], \"amount\": 8500000, \"domain\": \"test\", \"paidAt\": \"2026-03-09T20:42:57.000Z\", \"source\": null, \"status\": \"success\", \"channel\": \"mobile_money\", \"connect\": null, \"message\": null, \"paid_at\": \"2026-03-09T20:42:57.000Z\", \"currency\": \"KES\", \"customer\": {\"id\": 332673656, \"email\": \"joshujohn03@gmail.com\", \"phone\": null, \"metadata\": null, \"last_name\": null, \"first_name\": null, \"risk_action\": \"default\", \"customer_code\": \"CUS_1k9txn6ikquuua0\", \"international_format_phone\": null}, \"metadata\": {\"type\": \"ticket_purchase\", \"referrer\": \"http://localhost/\", \"event_slug\": \"ikwa-2026\", \"purchase_id\": \"5234\", \"order_number\": \"ORD-7UANJQ5YD7WU\"}, \"order_id\": null, \"createdAt\": \"2026-03-09T20:42:51.000Z\", \"reference\": \"ry4ddxpiwo\", \"created_at\": \"2026-03-09T20:42:51.000Z\", \"fees_split\": null, \"ip_address\": \"102.68.78.171\", \"subaccount\": [], \"plan_object\": [], \"authorization\": {\"bin\": \"071XXX\", \"bank\": \"M-PESA\", \"brand\": \"M-pesa\", \"last4\": \"X000\", \"channel\": \"mobile_money\", \"exp_year\": \"9999\", \"reusable\": false, \"card_type\": \"\", \"exp_month\": \"12\", \"signature\": null, \"account_name\": null, \"country_code\": \"KE\", \"receiver_bank\": null, \"authorization_code\": \"AUTH_7vwub69ais\", \"mobile_money_number\": \"0710000000\", \"receiver_bank_account_number\": null}, \"fees_breakdown\": null, \"receipt_number\": \"10101\", \"gateway_response\": \"Approved\", \"requested_amount\": 8500000, \"transaction_date\": \"2026-03-09T20:42:51.000Z\", \"pos_transaction_data\": null}', 8500.00, 76500.00, 10.00, 0.00, NULL, NULL, '2026-03-09 17:43:25', '2026-03-09 18:13:11', '127.0.0.1', NULL, 'Mozilla/5.0 (Macintosh; Intel Mac OS X 10_15_7) AppleWebKit/537.36 (KHTML, like Gecko) Chrome/144.0.0.0 Safari/537.36', NULL, NULL, '2026-03-09 17:43:11', '2026-03-09 17:43:28'),
(5235, '1e9ffe42-5de8-4a16-b285-85deb9b9e44b', 1, 61, NULL, 'ORD-FIL7H0SDPWHV', 'Joshua', 'joshujohn03@gmail.com', '+254757140682', NULL, 100500.00, 0.00, 0.00, 0.00, 100500.00, 'KES', NULL, NULL, 3, 'mpesa', 'pending', 'g02a44wi6w', NULL, NULL, NULL, 0.00, 0.00, 10.00, 0.00, NULL, NULL, NULL, '2026-03-13 06:39:37', '127.0.0.1', NULL, 'Mozilla/5.0 (Macintosh; Intel Mac OS X 10_15_7) AppleWebKit/537.36 (KHTML, like Gecko) Chrome/144.0.0.0 Safari/537.36', NULL, NULL, '2026-03-13 06:09:38', '2026-03-13 06:09:39'),
(5236, '19815a76-caec-42e4-8a73-436c6d5f560e', 4, 55, NULL, 'ORD-TTUDB1TD3143', 'Joshua john', 'joshujohn03@gmail.com', '+254757140682', NULL, 800000.00, 0.00, 0.00, 0.00, 800000.00, 'KES', NULL, NULL, 10, 'mpesa', 'pending', '9cwf2wswvj', NULL, NULL, NULL, 0.00, 0.00, 10.00, 0.00, NULL, NULL, NULL, '2026-03-14 18:09:19', '127.0.0.1', NULL, 'Mozilla/5.0 (iPhone; CPU iPhone OS 18_5 like Mac OS X) AppleWebKit/605.1.15 (KHTML, like Gecko) Version/18.5 Mobile/15E148 Safari/604.1', NULL, NULL, '2026-03-14 17:39:19', '2026-03-14 17:39:19'),
(5237, 'eac8032b-271f-406e-aa15-c68768b7d78f', 4, 55, NULL, 'ORD-8ZT5FITXMDEN', 'Joshua john', 'joshujohn03@gmail.com', '+254757140682', NULL, 480000.00, 0.00, 0.00, 0.00, 480000.00, 'KES', NULL, NULL, 6, 'mpesa', 'pending', 'hqn55lxolz', NULL, NULL, NULL, 0.00, 0.00, 10.00, 0.00, NULL, NULL, NULL, '2026-03-14 18:10:06', '127.0.0.1', NULL, 'Mozilla/5.0 (iPhone; CPU iPhone OS 18_5 like Mac OS X) AppleWebKit/605.1.15 (KHTML, like Gecko) Version/18.5 Mobile/15E148 Safari/604.1', NULL, NULL, '2026-03-14 17:40:06', '2026-03-14 17:40:07'),
(5238, 'e663a9df-52ac-43df-8f60-1939dcf11811', 4, 55, NULL, 'ORD-2VYBFGZYZTBO', 'Joshua john', 'joshujohn03@gmail.com', '+254757140682', NULL, 5000.00, 0.00, 0.00, 0.00, 5000.00, 'KES', NULL, NULL, 1, 'mpesa', 'pending', 'w9rt3u551o', NULL, NULL, NULL, 0.00, 0.00, 10.00, 0.00, NULL, NULL, NULL, '2026-03-14 18:52:05', '127.0.0.1', NULL, 'Mozilla/5.0 (Macintosh; Intel Mac OS X 10_15_7) AppleWebKit/537.36 (KHTML, like Gecko) Chrome/144.0.0.0 Safari/537.36', NULL, NULL, '2026-03-14 18:22:05', '2026-03-14 18:22:07'),
(5239, '7a074ec5-70c7-411a-9e7d-1a1388fead17', 4, 55, NULL, 'ORD-LX14TFURCP5T', 'Joshua Ngumbau John', 'ngumbaujoshua04@gmail.com', '+254757140682', NULL, 80000.00, 0.00, 0.00, 0.00, 80000.00, 'KES', NULL, NULL, 1, 'mpesa', 'completed', 'um99bjeq4i', NULL, NULL, '{\"id\": 5936512853, \"log\": {\"input\": [], \"errors\": 0, \"mobile\": false, \"history\": [{\"time\": 2, \"type\": \"action\", \"message\": \"Attempted to pay with mobile money\"}], \"success\": false, \"attempts\": 1, \"start_time\": 1773563569, \"time_spent\": 2}, \"fees\": 120000, \"plan\": null, \"split\": [], \"amount\": 8000000, \"domain\": \"test\", \"paidAt\": \"2026-03-15T08:32:49.000Z\", \"source\": null, \"status\": \"success\", \"channel\": \"mobile_money\", \"connect\": null, \"message\": null, \"paid_at\": \"2026-03-15T08:32:49.000Z\", \"currency\": \"KES\", \"customer\": {\"id\": 347125964, \"email\": \"ngumbaujoshua04@gmail.com\", \"phone\": null, \"metadata\": null, \"last_name\": null, \"first_name\": null, \"risk_action\": \"default\", \"customer_code\": \"CUS_tyhnjonux1augqt\", \"international_format_phone\": null}, \"metadata\": {\"type\": \"ticket_purchase\", \"referrer\": \"http://localhost/\", \"event_slug\": \"ikwa-2026\", \"purchase_id\": \"5239\", \"order_number\": \"ORD-LX14TFURCP5T\"}, \"order_id\": null, \"createdAt\": \"2026-03-15T08:32:41.000Z\", \"reference\": \"um99bjeq4i\", \"created_at\": \"2026-03-15T08:32:41.000Z\", \"fees_split\": null, \"ip_address\": \"105.160.58.16\", \"subaccount\": [], \"plan_object\": [], \"authorization\": {\"bin\": \"071XXX\", \"bank\": \"M-PESA\", \"brand\": \"M-pesa\", \"last4\": \"X000\", \"channel\": \"mobile_money\", \"exp_year\": \"9999\", \"reusable\": false, \"card_type\": \"\", \"exp_month\": \"12\", \"signature\": null, \"account_name\": null, \"country_code\": \"KE\", \"receiver_bank\": null, \"authorization_code\": \"AUTH_bse5nvhskp\", \"mobile_money_number\": \"0710000000\", \"receiver_bank_account_number\": null}, \"fees_breakdown\": null, \"receipt_number\": \"10101\", \"gateway_response\": \"Approved\", \"requested_amount\": 8000000, \"transaction_date\": \"2026-03-15T08:32:41.000Z\", \"pos_transaction_data\": null}', 7965.00, 71685.00, 10.00, 0.00, NULL, NULL, '2026-03-15 05:33:00', '2026-03-15 06:02:42', '127.0.0.1', NULL, 'Mozilla/5.0 (Macintosh; Intel Mac OS X 10_15_7) AppleWebKit/537.36 (KHTML, like Gecko) Chrome/144.0.0.0 Safari/537.36', NULL, NULL, '2026-03-15 05:32:42', '2026-03-15 05:33:00'),
(5240, '8c806acf-341a-406d-8a62-6a0c8be9cfbf', 4, 55, NULL, 'ORD-WVOPL5RTXPAI', 'Joshua Ngumbau John', 'ngumbaujoshua04@gmail.com', '+254757140682', NULL, 5000.00, 0.00, 0.00, 0.00, 5000.00, 'KES', NULL, NULL, 1, 'mpesa', 'completed', 'jo87j1rgv1', NULL, NULL, '{\"id\": 5936598614, \"log\": {\"input\": [], \"errors\": 0, \"mobile\": false, \"history\": [{\"time\": 2, \"type\": \"action\", \"message\": \"Attempted to pay with mobile money\"}], \"success\": false, \"attempts\": 1, \"start_time\": 1773565144, \"time_spent\": 2}, \"fees\": 7500, \"plan\": null, \"split\": [], \"amount\": 500000, \"domain\": \"test\", \"paidAt\": \"2026-03-15T08:59:05.000Z\", \"source\": null, \"status\": \"success\", \"channel\": \"mobile_money\", \"connect\": null, \"message\": null, \"paid_at\": \"2026-03-15T08:59:05.000Z\", \"currency\": \"KES\", \"customer\": {\"id\": 347125964, \"email\": \"ngumbaujoshua04@gmail.com\", \"phone\": null, \"metadata\": null, \"last_name\": null, \"first_name\": null, \"risk_action\": \"default\", \"customer_code\": \"CUS_tyhnjonux1augqt\", \"international_format_phone\": null}, \"metadata\": {\"type\": \"ticket_purchase\", \"referrer\": \"http://localhost/\", \"event_slug\": \"ikwa-2026\", \"purchase_id\": \"5240\", \"order_number\": \"ORD-WVOPL5RTXPAI\"}, \"order_id\": null, \"createdAt\": \"2026-03-15T08:58:58.000Z\", \"reference\": \"jo87j1rgv1\", \"created_at\": \"2026-03-15T08:58:58.000Z\", \"fees_split\": null, \"ip_address\": \"105.160.58.16\", \"subaccount\": [], \"plan_object\": [], \"authorization\": {\"bin\": \"071XXX\", \"bank\": \"M-PESA\", \"brand\": \"M-pesa\", \"last4\": \"X000\", \"channel\": \"mobile_money\", \"exp_year\": \"9999\", \"reusable\": false, \"card_type\": \"\", \"exp_month\": \"12\", \"signature\": null, \"account_name\": null, \"country_code\": \"KE\", \"receiver_bank\": null, \"authorization_code\": \"AUTH_hr4mno1lor\", \"mobile_money_number\": \"0710000000\", \"receiver_bank_account_number\": null}, \"fees_breakdown\": null, \"receipt_number\": \"10101\", \"gateway_response\": \"Approved\", \"requested_amount\": 500000, \"transaction_date\": \"2026-03-15T08:58:58.000Z\", \"pos_transaction_data\": null}', 495.00, 4455.00, 10.00, 0.00, NULL, NULL, '2026-03-15 05:59:16', '2026-03-15 06:28:58', '127.0.0.1', NULL, 'Mozilla/5.0 (Macintosh; Intel Mac OS X 10_15_7) AppleWebKit/537.36 (KHTML, like Gecko) Chrome/144.0.0.0 Safari/537.36', NULL, NULL, '2026-03-15 05:58:58', '2026-03-15 05:59:16'),
(5241, '9592aa40-c60d-47ab-897c-0d3421a15f93', 4, 55, NULL, 'ORD-8VAUFWPKKBDO', 'Joshua Ngumbau John', 'ngumbaujoshua04@gmail.com', '+254757140682', NULL, 80000.00, 0.00, 0.00, 0.00, 80000.00, 'KES', NULL, NULL, 1, 'mpesa', 'completed', 'xmlsx7ptsr', NULL, NULL, '{\"id\": 5936711427, \"log\": {\"input\": [], \"errors\": 0, \"mobile\": false, \"history\": [{\"time\": 4, \"type\": \"action\", \"message\": \"Attempted to pay with card\"}, {\"time\": 5, \"type\": \"success\", \"message\": \"Successfully paid with card\"}], \"success\": true, \"attempts\": 1, \"start_time\": 1773567830, \"time_spent\": 5}, \"fees\": 232000, \"plan\": null, \"split\": [], \"amount\": 8000000, \"domain\": \"test\", \"paidAt\": \"2026-03-15T09:43:53.000Z\", \"source\": null, \"status\": \"success\", \"channel\": \"card\", \"connect\": null, \"message\": null, \"paid_at\": \"2026-03-15T09:43:53.000Z\", \"currency\": \"KES\", \"customer\": {\"id\": 347125964, \"email\": \"ngumbaujoshua04@gmail.com\", \"phone\": null, \"metadata\": null, \"last_name\": null, \"first_name\": null, \"risk_action\": \"default\", \"customer_code\": \"CUS_tyhnjonux1augqt\", \"international_format_phone\": null}, \"metadata\": {\"type\": \"ticket_purchase\", \"referrer\": \"http://localhost/\", \"event_slug\": \"ikwa-2026\", \"purchase_id\": \"5241\", \"order_number\": \"ORD-8VAUFWPKKBDO\"}, \"order_id\": null, \"createdAt\": \"2026-03-15T09:43:46.000Z\", \"reference\": \"xmlsx7ptsr\", \"created_at\": \"2026-03-15T09:43:46.000Z\", \"fees_split\": null, \"ip_address\": \"102.68.78.171\", \"subaccount\": [], \"plan_object\": [], \"authorization\": {\"bin\": \"408408\", \"bank\": \"TEST BANK\", \"brand\": \"visa\", \"last4\": \"4081\", \"channel\": \"card\", \"exp_year\": \"2030\", \"reusable\": true, \"card_type\": \"visa \", \"exp_month\": \"12\", \"signature\": \"SIG_AIo4OkJpP8MTSfhkghzN\", \"account_name\": null, \"country_code\": \"KE\", \"receiver_bank\": null, \"authorization_code\": \"AUTH_f0tfxn20oq\", \"receiver_bank_account_number\": null}, \"fees_breakdown\": null, \"receipt_number\": null, \"gateway_response\": \"Successful\", \"requested_amount\": 8000000, \"transaction_date\": \"2026-03-15T09:43:46.000Z\", \"pos_transaction_data\": null}', 7877.00, 70893.00, 10.00, 0.00, NULL, NULL, '2026-03-15 06:43:56', '2026-03-15 07:13:46', '127.0.0.1', NULL, 'Mozilla/5.0 (Macintosh; Intel Mac OS X 10_15_7) AppleWebKit/537.36 (KHTML, like Gecko) Chrome/144.0.0.0 Safari/537.36', NULL, NULL, '2026-03-15 06:43:46', '2026-03-15 06:43:56'),
(5242, 'b6714774-6728-4875-8547-3e11e82b39cb', 4, 55, NULL, 'ORD-P5KSYNVHDPFU', 'Joshua john', 'joshujohn03@gmail.com', '+254757140682', NULL, 5000.00, 0.00, 0.00, 0.00, 5000.00, 'KES', NULL, NULL, 1, 'mpesa', 'pending', 'yqdjo6yw4u', NULL, NULL, NULL, 0.00, 0.00, 4.00, 0.00, NULL, NULL, NULL, '2026-03-15 09:39:01', '127.0.0.1', NULL, 'Mozilla/5.0 (Macintosh; Intel Mac OS X 10_15_7) AppleWebKit/537.36 (KHTML, like Gecko) Chrome/144.0.0.0 Safari/537.36', NULL, NULL, '2026-03-15 09:09:01', '2026-03-15 09:09:02'),
(5243, '99deaa81-3d63-499f-a02f-2ee6f0f6ebf5', 4, 55, NULL, 'ORD-1OS2AETJZPEW', 'Joshua Ngumbau John', 'ngumbaujoshua04@gmail.com', '+254757140682', NULL, 5000.00, 0.00, 0.00, 0.00, 5000.00, 'KES', NULL, NULL, 1, 'mpesa', 'pending', '3jlsj96pwp', NULL, NULL, NULL, 0.00, 0.00, 4.00, 0.00, NULL, NULL, NULL, '2026-03-15 11:19:37', '127.0.0.1', 'KE', 'Mozilla/5.0 (Macintosh; Intel Mac OS X 10_15_7) AppleWebKit/537.36 (KHTML, like Gecko) Chrome/144.0.0.0 Safari/537.36', NULL, NULL, '2026-03-15 10:49:37', '2026-03-15 10:49:38'),
(5244, '4e7990cb-6d51-4387-81ab-dbebfdde9245', 6, 66, NULL, 'ORD-ELOP7YLQNV64', 'Joshua Ngumbau John', 'ngumbaujoshua04@gmail.com', '+254757140682', NULL, 5000.00, 0.00, 0.00, 0.00, 5000.00, 'KES', NULL, NULL, 5, 'mpesa', 'pending', '39yh8qzg3a', NULL, NULL, NULL, 0.00, 0.00, 5.00, 0.00, NULL, NULL, NULL, '2026-03-26 13:18:52', '127.0.0.1', 'KE', 'Mozilla/5.0 (Macintosh; Intel Mac OS X 10_15_7) AppleWebKit/537.36 (KHTML, like Gecko) Chrome/144.0.0.0 Safari/537.36', NULL, NULL, '2026-03-26 12:48:52', '2026-03-26 12:48:52'),
(5245, 'a617c6b9-971b-4368-ab2b-b150f21bf061', 6, 66, NULL, 'ORD-2MZJLTCITB3L', 'Joshua Ngumbau John', 'ngumbaujoshua04@gmail.com', '+254757140682', NULL, 2000.00, 0.00, 0.00, 0.00, 2000.00, 'KES', NULL, NULL, 2, 'card', 'pending', 's4a9jnrlh5', NULL, NULL, NULL, 0.00, 0.00, 5.00, 0.00, NULL, NULL, NULL, '2026-03-26 13:20:37', '127.0.0.1', 'KE', 'Mozilla/5.0 (Macintosh; Intel Mac OS X 10_15_7) AppleWebKit/537.36 (KHTML, like Gecko) Chrome/144.0.0.0 Safari/537.36', NULL, NULL, '2026-03-26 12:50:37', '2026-03-26 12:50:38'),
(5246, '987b4997-bacf-44b8-ad65-713f325542e4', 6, 66, NULL, 'ORD-NCNUZYMLQZHH', 'Joshua Ngumbau John', 'ngumbaujoshua04@gmail.com', '+254757140682', NULL, 3000.00, 0.00, 0.00, 0.00, 3000.00, 'KES', NULL, NULL, 3, 'card', 'completed', 'j9gcr5zt70', NULL, NULL, '{\"id\": 5973382174, \"log\": {\"input\": [], \"errors\": 0, \"mobile\": false, \"history\": [{\"time\": 3, \"type\": \"action\", \"message\": \"Attempted to pay with card\"}, {\"time\": 4, \"type\": \"success\", \"message\": \"Successfully paid with card\"}], \"success\": true, \"attempts\": 1, \"start_time\": 1774540997, \"time_spent\": 4}, \"fees\": 8700, \"plan\": null, \"split\": [], \"amount\": 300000, \"domain\": \"test\", \"paidAt\": \"2026-03-26T16:03:02.000Z\", \"source\": null, \"status\": \"success\", \"channel\": \"card\", \"connect\": null, \"message\": null, \"paid_at\": \"2026-03-26T16:03:02.000Z\", \"currency\": \"KES\", \"customer\": {\"id\": 347125964, \"email\": \"ngumbaujoshua04@gmail.com\", \"phone\": null, \"metadata\": null, \"last_name\": null, \"first_name\": null, \"risk_action\": \"default\", \"customer_code\": \"CUS_tyhnjonux1augqt\", \"international_format_phone\": null}, \"metadata\": {\"type\": \"ticket_purchase\", \"referrer\": \"http://localhost/\", \"event_slug\": \"mema-gala-2026\", \"purchase_id\": \"5246\", \"order_number\": \"ORD-NCNUZYMLQZHH\"}, \"order_id\": null, \"createdAt\": \"2026-03-26T16:02:53.000Z\", \"reference\": \"j9gcr5zt70\", \"created_at\": \"2026-03-26T16:02:53.000Z\", \"fees_split\": null, \"ip_address\": \"102.68.78.171\", \"subaccount\": [], \"plan_object\": [], \"authorization\": {\"bin\": \"408408\", \"bank\": \"TEST BANK\", \"brand\": \"visa\", \"last4\": \"4081\", \"channel\": \"card\", \"exp_year\": \"2030\", \"reusable\": true, \"card_type\": \"visa \", \"exp_month\": \"12\", \"signature\": \"SIG_AIo4OkJpP8MTSfhkghzN\", \"account_name\": null, \"country_code\": \"KE\", \"receiver_bank\": null, \"authorization_code\": \"AUTH_mdwcqvj0xy\", \"receiver_bank_account_number\": null}, \"fees_breakdown\": null, \"receipt_number\": null, \"gateway_response\": \"Successful\", \"requested_amount\": 300000, \"transaction_date\": \"2026-03-26T16:02:53.000Z\", \"pos_transaction_data\": null}', 146.25, 2778.75, 5.00, 0.00, NULL, NULL, '2026-03-26 13:03:22', '2026-03-26 13:33:10', '127.0.0.1', 'KE', 'Mozilla/5.0 (Macintosh; Intel Mac OS X 10_15_7) AppleWebKit/537.36 (KHTML, like Gecko) Chrome/144.0.0.0 Safari/537.36', NULL, NULL, '2026-03-26 13:03:10', '2026-03-26 13:03:22'),
(5247, 'ebf95be7-20ed-4ebe-8439-64b8014b4863', 6, 66, NULL, 'ORD-TNGNXW6TX1BD', 'Ngumbau Joshua', 'ngumbaujoshua04@gmail.com', '+254757140682', NULL, 3000.00, 0.00, 0.00, 0.00, 3000.00, 'KES', NULL, NULL, 3, 'mpesa', 'completed', 'qvm0r6vrce', NULL, NULL, '{\"id\": 5974030827, \"log\": {\"input\": [], \"errors\": 0, \"mobile\": false, \"history\": [{\"time\": 1, \"type\": \"action\", \"message\": \"Attempted to pay with mobile money\"}], \"success\": false, \"attempts\": 1, \"start_time\": 1774555869, \"time_spent\": 1}, \"fees\": 4500, \"plan\": null, \"split\": [], \"amount\": 300000, \"domain\": \"test\", \"paidAt\": \"2026-03-26T20:10:53.000Z\", \"source\": null, \"status\": \"success\", \"channel\": \"mobile_money\", \"connect\": null, \"message\": null, \"paid_at\": \"2026-03-26T20:10:53.000Z\", \"currency\": \"KES\", \"customer\": {\"id\": 347125964, \"email\": \"ngumbaujoshua04@gmail.com\", \"phone\": null, \"metadata\": null, \"last_name\": null, \"first_name\": null, \"risk_action\": \"default\", \"customer_code\": \"CUS_tyhnjonux1augqt\", \"international_format_phone\": null}, \"metadata\": {\"type\": \"ticket_purchase\", \"referrer\": \"http://localhost/\", \"event_slug\": \"mema-gala-2026\", \"purchase_id\": \"5247\", \"order_number\": \"ORD-TNGNXW6TX1BD\"}, \"order_id\": null, \"createdAt\": \"2026-03-26T20:10:48.000Z\", \"reference\": \"qvm0r6vrce\", \"created_at\": \"2026-03-26T20:10:48.000Z\", \"fees_split\": null, \"ip_address\": \"102.68.78.171\", \"subaccount\": [], \"plan_object\": [], \"authorization\": {\"bin\": \"071XXX\", \"bank\": \"M-PESA\", \"brand\": \"M-pesa\", \"last4\": \"X000\", \"channel\": \"mobile_money\", \"exp_year\": \"9999\", \"reusable\": false, \"card_type\": \"\", \"exp_month\": \"12\", \"signature\": null, \"account_name\": null, \"country_code\": \"KE\", \"receiver_bank\": null, \"authorization_code\": \"AUTH_tbmj2usg8t\", \"mobile_money_number\": \"0710000000\", \"receiver_bank_account_number\": null}, \"fees_breakdown\": null, \"receipt_number\": \"10101\", \"gateway_response\": \"Approved\", \"requested_amount\": 300000, \"transaction_date\": \"2026-03-26T20:10:48.000Z\", \"pos_transaction_data\": null}', 148.50, 2821.50, 5.00, 0.00, NULL, NULL, '2026-03-26 17:11:19', '2026-03-26 17:41:05', '127.0.0.1', 'KE', 'Mozilla/5.0 (Macintosh; Intel Mac OS X 10_15_7) AppleWebKit/537.36 (KHTML, like Gecko) Chrome/144.0.0.0 Safari/537.36', NULL, NULL, '2026-03-26 17:11:05', '2026-03-26 17:11:19'),
(5248, '7e28e67a-735a-4495-a167-90ed1225995b', 6, 66, NULL, 'ORD-MQHLAXHPPI6H', 'Joshua Ngumbau John', 'ngumbaujoshua04@gmail.com', '+254757140682', NULL, 1000.00, 0.00, 0.00, 0.00, 1000.00, 'KES', NULL, NULL, 1, 'mpesa', 'completed', 'h2j443r3pi', NULL, NULL, '{\"id\": 5974153639, \"log\": {\"input\": [], \"errors\": 0, \"mobile\": false, \"history\": [{\"time\": 2, \"type\": \"action\", \"message\": \"Attempted to pay with mobile money\"}], \"success\": false, \"attempts\": 1, \"start_time\": 1774559182, \"time_spent\": 2}, \"fees\": 1500, \"plan\": null, \"split\": [], \"amount\": 100000, \"domain\": \"test\", \"paidAt\": \"2026-03-26T21:06:08.000Z\", \"source\": null, \"status\": \"success\", \"channel\": \"mobile_money\", \"connect\": null, \"message\": null, \"paid_at\": \"2026-03-26T21:06:08.000Z\", \"currency\": \"KES\", \"customer\": {\"id\": 347125964, \"email\": \"ngumbaujoshua04@gmail.com\", \"phone\": null, \"metadata\": null, \"last_name\": null, \"first_name\": null, \"risk_action\": \"default\", \"customer_code\": \"CUS_tyhnjonux1augqt\", \"international_format_phone\": null}, \"metadata\": {\"type\": \"ticket_purchase\", \"referrer\": \"http://localhost/\", \"event_slug\": \"mema-gala-2026\", \"purchase_id\": \"5248\", \"order_number\": \"ORD-MQHLAXHPPI6H\"}, \"order_id\": null, \"createdAt\": \"2026-03-26T21:06:01.000Z\", \"reference\": \"h2j443r3pi\", \"created_at\": \"2026-03-26T21:06:01.000Z\", \"fees_split\": null, \"ip_address\": \"102.68.78.171\", \"subaccount\": [], \"plan_object\": [], \"authorization\": {\"bin\": \"071XXX\", \"bank\": \"M-PESA\", \"brand\": \"M-pesa\", \"last4\": \"X000\", \"channel\": \"mobile_money\", \"exp_year\": \"9999\", \"reusable\": false, \"card_type\": \"\", \"exp_month\": \"12\", \"signature\": null, \"account_name\": null, \"country_code\": \"KE\", \"receiver_bank\": null, \"authorization_code\": \"AUTH_ivkjdvkhkj\", \"mobile_money_number\": \"0710000000\", \"receiver_bank_account_number\": null}, \"fees_breakdown\": null, \"receipt_number\": \"10101\", \"gateway_response\": \"Approved\", \"requested_amount\": 100000, \"transaction_date\": \"2026-03-26T21:06:01.000Z\", \"pos_transaction_data\": null}', 49.50, 940.50, 5.00, 0.00, NULL, NULL, '2026-03-26 18:06:33', '2026-03-26 18:36:16', '127.0.0.1', 'KE', 'Mozilla/5.0 (Macintosh; Intel Mac OS X 10_15_7) AppleWebKit/537.36 (KHTML, like Gecko) Chrome/144.0.0.0 Safari/537.36', NULL, NULL, '2026-03-26 18:06:16', '2026-03-26 18:06:43'),
(5249, '6feefd85-dc84-483d-84f5-ccd1164b8c1c', 6, 66, NULL, 'ORD-VDE6AI2ARZAD', 'Joshua Ngumbau John', 'ngumbaujoshua04@gmail.com', '+254757140682', NULL, 1000.00, 0.00, 0.00, 0.00, 1000.00, 'KES', NULL, NULL, 1, 'mpesa', 'completed', 'oc0jf3vbai', NULL, NULL, '{\"id\": 5974188817, \"log\": {\"input\": [], \"errors\": 0, \"mobile\": false, \"history\": [{\"time\": 1, \"type\": \"action\", \"message\": \"Attempted to pay with mobile money\"}], \"success\": false, \"attempts\": 1, \"start_time\": 1774560136, \"time_spent\": 1}, \"fees\": 1500, \"plan\": null, \"split\": [], \"amount\": 100000, \"domain\": \"test\", \"paidAt\": \"2026-03-26T21:22:01.000Z\", \"source\": null, \"status\": \"success\", \"channel\": \"mobile_money\", \"connect\": null, \"message\": null, \"paid_at\": \"2026-03-26T21:22:01.000Z\", \"currency\": \"KES\", \"customer\": {\"id\": 347125964, \"email\": \"ngumbaujoshua04@gmail.com\", \"phone\": null, \"metadata\": null, \"last_name\": null, \"first_name\": null, \"risk_action\": \"default\", \"customer_code\": \"CUS_tyhnjonux1augqt\", \"international_format_phone\": null}, \"metadata\": {\"type\": \"ticket_purchase\", \"referrer\": \"http://localhost/\", \"event_slug\": \"mema-gala-2026\", \"purchase_id\": \"5249\", \"order_number\": \"ORD-VDE6AI2ARZAD\"}, \"order_id\": null, \"createdAt\": \"2026-03-26T21:21:57.000Z\", \"reference\": \"oc0jf3vbai\", \"created_at\": \"2026-03-26T21:21:57.000Z\", \"fees_split\": null, \"ip_address\": \"102.68.78.171\", \"subaccount\": [], \"plan_object\": [], \"authorization\": {\"bin\": \"071XXX\", \"bank\": \"Airtel Kenya\", \"brand\": \"Airtel kenya\", \"last4\": \"X000\", \"channel\": \"mobile_money\", \"exp_year\": \"9999\", \"reusable\": false, \"card_type\": \"\", \"exp_month\": \"12\", \"signature\": null, \"account_name\": null, \"country_code\": \"KE\", \"receiver_bank\": null, \"authorization_code\": \"AUTH_k92d85gvfk\", \"mobile_money_number\": \"0710000000\", \"receiver_bank_account_number\": null}, \"fees_breakdown\": null, \"receipt_number\": \"10101\", \"gateway_response\": \"Approved\", \"requested_amount\": 100000, \"transaction_date\": \"2026-03-26T21:21:57.000Z\", \"pos_transaction_data\": null}', 49.50, 940.50, 5.00, 0.00, NULL, NULL, '2026-03-26 18:22:26', '2026-03-26 18:52:12', '127.0.0.1', 'KE', 'Mozilla/5.0 (Macintosh; Intel Mac OS X 10_15_7) AppleWebKit/537.36 (KHTML, like Gecko) Chrome/144.0.0.0 Safari/537.36', NULL, NULL, '2026-03-26 18:22:12', '2026-03-26 18:22:36'),
(5250, 'b5c887e2-3fdc-4d0d-8de9-a03daecfe412', 6, 66, NULL, 'ORD-IEQBTEKLSG6F', 'Joshua Ngumbau John', 'ngumbaujoshua04@gmail.com', '+254757140682', NULL, 1000.00, 0.00, 0.00, 0.00, 1000.00, 'KES', NULL, NULL, 1, 'mpesa', 'completed', '5rdfupvf2c', NULL, NULL, '{\"id\": 5974202059, \"log\": {\"input\": [], \"errors\": 0, \"mobile\": false, \"history\": [{\"time\": 2, \"type\": \"action\", \"message\": \"Attempted to pay with mobile money\"}], \"success\": false, \"attempts\": 1, \"start_time\": 1774560630, \"time_spent\": 2}, \"fees\": 1500, \"plan\": null, \"split\": [], \"amount\": 100000, \"domain\": \"test\", \"paidAt\": \"2026-03-26T21:30:16.000Z\", \"source\": null, \"status\": \"success\", \"channel\": \"mobile_money\", \"connect\": null, \"message\": null, \"paid_at\": \"2026-03-26T21:30:16.000Z\", \"currency\": \"KES\", \"customer\": {\"id\": 347125964, \"email\": \"ngumbaujoshua04@gmail.com\", \"phone\": null, \"metadata\": null, \"last_name\": null, \"first_name\": null, \"risk_action\": \"default\", \"customer_code\": \"CUS_tyhnjonux1augqt\", \"international_format_phone\": null}, \"metadata\": {\"type\": \"ticket_purchase\", \"referrer\": \"http://localhost/\", \"event_slug\": \"mema-gala-2026\", \"purchase_id\": \"5250\", \"order_number\": \"ORD-IEQBTEKLSG6F\"}, \"order_id\": null, \"createdAt\": \"2026-03-26T21:30:10.000Z\", \"reference\": \"5rdfupvf2c\", \"created_at\": \"2026-03-26T21:30:10.000Z\", \"fees_split\": null, \"ip_address\": \"102.68.78.171\", \"subaccount\": [], \"plan_object\": [], \"authorization\": {\"bin\": \"071XXX\", \"bank\": \"Airtel Kenya\", \"brand\": \"Airtel kenya\", \"last4\": \"X000\", \"channel\": \"mobile_money\", \"exp_year\": \"9999\", \"reusable\": false, \"card_type\": \"\", \"exp_month\": \"12\", \"signature\": null, \"account_name\": null, \"country_code\": \"KE\", \"receiver_bank\": null, \"authorization_code\": \"AUTH_gwdfhn4bli\", \"mobile_money_number\": \"0710000000\", \"receiver_bank_account_number\": null}, \"fees_breakdown\": null, \"receipt_number\": \"10101\", \"gateway_response\": \"Approved\", \"requested_amount\": 100000, \"transaction_date\": \"2026-03-26T21:30:10.000Z\", \"pos_transaction_data\": null}', 49.50, 940.50, 5.00, 0.00, NULL, NULL, '2026-03-26 18:30:41', '2026-03-26 19:00:25', '127.0.0.1', 'KE', 'Mozilla/5.0 (Macintosh; Intel Mac OS X 10_15_7) AppleWebKit/537.36 (KHTML, like Gecko) Chrome/144.0.0.0 Safari/537.36', NULL, NULL, '2026-03-26 18:30:25', '2026-03-26 18:30:45'),
(5251, '2f448220-8f9a-4e80-9e69-ec27fb74e8ed', 6, 66, NULL, 'ORD-75BALRAZ1UAF', 'Joshua Ngumbau John', 'ngumbaujoshua04@gmail.com', '+254757140682', NULL, 5000.00, 0.00, 0.00, 0.00, 5000.00, 'KES', NULL, NULL, 5, 'mpesa', 'completed', 'v8iig7pmbv', NULL, NULL, '{\"id\": 5974213431, \"log\": {\"input\": [], \"errors\": 0, \"mobile\": false, \"history\": [{\"time\": 1, \"type\": \"action\", \"message\": \"Attempted to pay with mobile money\"}], \"success\": false, \"attempts\": 1, \"start_time\": 1774560913, \"time_spent\": 1}, \"fees\": 7500, \"plan\": null, \"split\": [], \"amount\": 500000, \"domain\": \"test\", \"paidAt\": \"2026-03-26T21:34:58.000Z\", \"source\": null, \"status\": \"success\", \"channel\": \"mobile_money\", \"connect\": null, \"message\": null, \"paid_at\": \"2026-03-26T21:34:58.000Z\", \"currency\": \"KES\", \"customer\": {\"id\": 347125964, \"email\": \"ngumbaujoshua04@gmail.com\", \"phone\": null, \"metadata\": null, \"last_name\": null, \"first_name\": null, \"risk_action\": \"default\", \"customer_code\": \"CUS_tyhnjonux1augqt\", \"international_format_phone\": null}, \"metadata\": {\"type\": \"ticket_purchase\", \"referrer\": \"http://localhost/\", \"event_slug\": \"mema-gala-2026\", \"purchase_id\": \"5251\", \"order_number\": \"ORD-75BALRAZ1UAF\"}, \"order_id\": null, \"createdAt\": \"2026-03-26T21:34:54.000Z\", \"reference\": \"v8iig7pmbv\", \"created_at\": \"2026-03-26T21:34:54.000Z\", \"fees_split\": null, \"ip_address\": \"102.68.78.171\", \"subaccount\": [], \"plan_object\": [], \"authorization\": {\"bin\": \"071XXX\", \"bank\": \"Airtel Kenya\", \"brand\": \"Airtel kenya\", \"last4\": \"X000\", \"channel\": \"mobile_money\", \"exp_year\": \"9999\", \"reusable\": false, \"card_type\": \"\", \"exp_month\": \"12\", \"signature\": null, \"account_name\": null, \"country_code\": \"KE\", \"receiver_bank\": null, \"authorization_code\": \"AUTH_9dxgzaavk9\", \"mobile_money_number\": \"0710000000\", \"receiver_bank_account_number\": null}, \"fees_breakdown\": null, \"receipt_number\": \"10101\", \"gateway_response\": \"Approved\", \"requested_amount\": 500000, \"transaction_date\": \"2026-03-26T21:34:54.000Z\", \"pos_transaction_data\": null}', 247.50, 4702.50, 5.00, 0.00, NULL, NULL, '2026-03-26 18:35:22', '2026-03-26 19:05:10', '127.0.0.1', 'KE', 'Mozilla/5.0 (Macintosh; Intel Mac OS X 10_15_7) AppleWebKit/537.36 (KHTML, like Gecko) Chrome/144.0.0.0 Safari/537.36', NULL, NULL, '2026-03-26 18:35:10', '2026-03-26 18:35:26'),
(5252, '892bd891-647d-4b89-947e-bf070fe24b7a', 6, 66, NULL, 'ORD-7M3GVXXLSXEO', 'Joshua Ngumbau John', 'ngumbaujoshua04@gmail.com', '+254757140682', NULL, 2000.00, 0.00, 0.00, 0.00, 2000.00, 'KES', NULL, NULL, 2, 'card', 'completed', '56qs6g6rvv', NULL, NULL, '{\"id\": 5974234259, \"log\": {\"input\": [], \"errors\": 0, \"mobile\": false, \"history\": [{\"time\": 16, \"type\": \"action\", \"message\": \"Attempted to pay with card\"}, {\"time\": 17, \"type\": \"success\", \"message\": \"Successfully paid with card\"}], \"success\": true, \"attempts\": 1, \"start_time\": 1774561349, \"time_spent\": 17}, \"fees\": 5800, \"plan\": null, \"split\": [], \"amount\": 200000, \"domain\": \"test\", \"paidAt\": \"2026-03-26T21:42:29.000Z\", \"source\": null, \"status\": \"success\", \"channel\": \"card\", \"connect\": null, \"message\": null, \"paid_at\": \"2026-03-26T21:42:29.000Z\", \"currency\": \"KES\", \"customer\": {\"id\": 347125964, \"email\": \"ngumbaujoshua04@gmail.com\", \"phone\": null, \"metadata\": null, \"last_name\": null, \"first_name\": null, \"risk_action\": \"default\", \"customer_code\": \"CUS_tyhnjonux1augqt\", \"international_format_phone\": null}, \"metadata\": {\"type\": \"ticket_purchase\", \"referrer\": \"http://localhost/\", \"event_slug\": \"mema-gala-2026\", \"purchase_id\": \"5252\", \"order_number\": \"ORD-7M3GVXXLSXEO\"}, \"order_id\": null, \"createdAt\": \"2026-03-26T21:42:07.000Z\", \"reference\": \"56qs6g6rvv\", \"created_at\": \"2026-03-26T21:42:07.000Z\", \"fees_split\": null, \"ip_address\": \"102.68.78.171\", \"subaccount\": [], \"plan_object\": [], \"authorization\": {\"bin\": \"408408\", \"bank\": \"TEST BANK\", \"brand\": \"visa\", \"last4\": \"4081\", \"channel\": \"card\", \"exp_year\": \"2030\", \"reusable\": true, \"card_type\": \"visa \", \"exp_month\": \"12\", \"signature\": \"SIG_AIo4OkJpP8MTSfhkghzN\", \"account_name\": null, \"country_code\": \"KE\", \"receiver_bank\": null, \"authorization_code\": \"AUTH_3frltmt5gd\", \"receiver_bank_account_number\": null}, \"fees_breakdown\": null, \"receipt_number\": null, \"gateway_response\": \"Successful\", \"requested_amount\": 200000, \"transaction_date\": \"2026-03-26T21:42:07.000Z\", \"pos_transaction_data\": null}', 97.00, 1843.00, 5.00, 0.00, NULL, NULL, '2026-03-26 18:42:48', '2026-03-26 19:12:23', '127.0.0.1', 'KE', 'Mozilla/5.0 (Macintosh; Intel Mac OS X 10_15_7) AppleWebKit/537.36 (KHTML, like Gecko) Chrome/144.0.0.0 Safari/537.36', NULL, NULL, '2026-03-26 18:42:23', '2026-03-26 18:42:51');

-- --------------------------------------------------------

--
-- Table structure for table `ticket_purchase_items`
--

CREATE TABLE `ticket_purchase_items` (
  `id` bigint UNSIGNED NOT NULL,
  `purchase_id` bigint UNSIGNED NOT NULL,
  `ticket_type_id` bigint UNSIGNED NOT NULL,
  `quantity` int UNSIGNED NOT NULL,
  `unit_price` decimal(12,2) NOT NULL,
  `subtotal` decimal(12,2) NOT NULL,
  `discount_amount` decimal(12,2) NOT NULL DEFAULT '0.00',
  `total` decimal(12,2) NOT NULL,
  `attendee_details` json DEFAULT NULL,
  `created_at` timestamp NULL DEFAULT NULL,
  `updated_at` timestamp NULL DEFAULT NULL
) ENGINE=InnoDB DEFAULT CHARSET=utf8mb4 COLLATE=utf8mb4_unicode_ci;

--
-- Dumping data for table `ticket_purchase_items`
--

INSERT INTO `ticket_purchase_items` (`id`, `purchase_id`, `ticket_type_id`, `quantity`, `unit_price`, `subtotal`, `discount_amount`, `total`, `attendee_details`, `created_at`, `updated_at`) VALUES
(5232, 5232, 134, 1, 5000.00, 5000.00, 0.00, 5000.00, NULL, '2026-03-09 17:24:37', '2026-03-09 17:24:37'),
(5233, 5233, 134, 1, 5000.00, 5000.00, 0.00, 5000.00, NULL, '2026-03-09 17:25:38', '2026-03-09 17:25:38'),
(5234, 5233, 135, 1, 80000.00, 80000.00, 0.00, 80000.00, NULL, '2026-03-09 17:25:38', '2026-03-09 17:25:38'),
(5235, 5234, 134, 1, 5000.00, 5000.00, 0.00, 5000.00, NULL, '2026-03-09 17:43:11', '2026-03-09 17:43:11'),
(5236, 5234, 135, 1, 80000.00, 80000.00, 0.00, 80000.00, NULL, '2026-03-09 17:43:11', '2026-03-09 17:43:11'),
(5237, 5235, 139, 1, 3500.00, 3500.00, 0.00, 3500.00, NULL, '2026-03-13 06:09:38', '2026-03-13 06:09:38'),
(5238, 5235, 140, 1, 12000.00, 12000.00, 0.00, 12000.00, NULL, '2026-03-13 06:09:38', '2026-03-13 06:09:38'),
(5239, 5235, 141, 1, 85000.00, 85000.00, 0.00, 85000.00, NULL, '2026-03-13 06:09:38', '2026-03-13 06:09:38'),
(5240, 5236, 135, 10, 80000.00, 800000.00, 0.00, 800000.00, NULL, '2026-03-14 17:39:19', '2026-03-14 17:39:19'),
(5241, 5237, 135, 6, 80000.00, 480000.00, 0.00, 480000.00, NULL, '2026-03-14 17:40:06', '2026-03-14 17:40:06'),
(5242, 5238, 134, 1, 5000.00, 5000.00, 0.00, 5000.00, NULL, '2026-03-14 18:22:05', '2026-03-14 18:22:05'),
(5243, 5239, 135, 1, 80000.00, 80000.00, 0.00, 80000.00, NULL, '2026-03-15 05:32:42', '2026-03-15 05:32:42'),
(5244, 5240, 134, 1, 5000.00, 5000.00, 0.00, 5000.00, NULL, '2026-03-15 05:58:58', '2026-03-15 05:58:58'),
(5245, 5241, 135, 1, 80000.00, 80000.00, 0.00, 80000.00, NULL, '2026-03-15 06:43:46', '2026-03-15 06:43:46'),
(5246, 5242, 134, 1, 5000.00, 5000.00, 0.00, 5000.00, NULL, '2026-03-15 09:09:01', '2026-03-15 09:09:01'),
(5247, 5243, 134, 1, 5000.00, 5000.00, 0.00, 5000.00, NULL, '2026-03-15 10:49:37', '2026-03-15 10:49:37'),
(5248, 5244, 163, 5, 1000.00, 5000.00, 0.00, 5000.00, NULL, '2026-03-26 12:48:52', '2026-03-26 12:48:52'),
(5249, 5245, 163, 2, 1000.00, 2000.00, 0.00, 2000.00, NULL, '2026-03-26 12:50:37', '2026-03-26 12:50:37'),
(5250, 5246, 163, 3, 1000.00, 3000.00, 0.00, 3000.00, NULL, '2026-03-26 13:03:10', '2026-03-26 13:03:10'),
(5251, 5247, 163, 3, 1000.00, 3000.00, 0.00, 3000.00, NULL, '2026-03-26 17:11:05', '2026-03-26 17:11:05'),
(5252, 5248, 163, 1, 1000.00, 1000.00, 0.00, 1000.00, NULL, '2026-03-26 18:06:16', '2026-03-26 18:06:16'),
(5253, 5249, 163, 1, 1000.00, 1000.00, 0.00, 1000.00, NULL, '2026-03-26 18:22:12', '2026-03-26 18:22:12'),
(5254, 5250, 163, 1, 1000.00, 1000.00, 0.00, 1000.00, NULL, '2026-03-26 18:30:25', '2026-03-26 18:30:25'),
(5255, 5251, 163, 5, 1000.00, 5000.00, 0.00, 5000.00, NULL, '2026-03-26 18:35:10', '2026-03-26 18:35:10'),
(5256, 5252, 163, 2, 1000.00, 2000.00, 0.00, 2000.00, NULL, '2026-03-26 18:42:23', '2026-03-26 18:42:23');

-- --------------------------------------------------------

--
-- Table structure for table `ticket_qr_codes`
--

CREATE TABLE `ticket_qr_codes` (
  `id` bigint UNSIGNED NOT NULL,
  `ticket_id` bigint UNSIGNED NOT NULL,
  `client_id` bigint UNSIGNED NOT NULL,
  `event_id` bigint UNSIGNED NOT NULL,
  `qr_code_data` text COLLATE utf8mb4_unicode_ci NOT NULL,
  `qr_code_path` varchar(500) COLLATE utf8mb4_unicode_ci DEFAULT NULL,
  `qr_format` varchar(10) COLLATE utf8mb4_unicode_ci NOT NULL DEFAULT 'png',
  `generated_at` timestamp NOT NULL,
  `regenerated_count` int UNSIGNED NOT NULL DEFAULT '0',
  `is_active` tinyint(1) NOT NULL DEFAULT '1',
  `created_at` timestamp NULL DEFAULT NULL,
  `updated_at` timestamp NULL DEFAULT NULL
) ENGINE=InnoDB DEFAULT CHARSET=utf8mb4 COLLATE=utf8mb4_unicode_ci;

-- --------------------------------------------------------

--
-- Table structure for table `ticket_refunds`
--

CREATE TABLE `ticket_refunds` (
  `id` bigint UNSIGNED NOT NULL,
  `uuid` char(36) COLLATE utf8mb4_unicode_ci NOT NULL,
  `client_id` bigint UNSIGNED NOT NULL,
  `event_id` bigint UNSIGNED NOT NULL,
  `purchase_id` bigint UNSIGNED NOT NULL,
  `ticket_id` bigint UNSIGNED DEFAULT NULL,
  `refund_amount` decimal(12,2) NOT NULL,
  `currency` char(3) COLLATE utf8mb4_unicode_ci NOT NULL DEFAULT 'KES',
  `refund_type` enum('full','partial') COLLATE utf8mb4_unicode_ci NOT NULL DEFAULT 'full',
  `refund_method` enum('mpesa','bank','original_method') COLLATE utf8mb4_unicode_ci NOT NULL DEFAULT 'original_method',
  `refund_status` enum('pending','processing','completed','failed') COLLATE utf8mb4_unicode_ci NOT NULL DEFAULT 'pending',
  `refund_reference` varchar(100) COLLATE utf8mb4_unicode_ci DEFAULT NULL,
  `reason` varchar(500) COLLATE utf8mb4_unicode_ci DEFAULT NULL,
  `notes` text COLLATE utf8mb4_unicode_ci,
  `requested_by` bigint UNSIGNED DEFAULT NULL,
  `approved_by` bigint UNSIGNED DEFAULT NULL,
  `processed_by` bigint UNSIGNED DEFAULT NULL,
  `requested_at` timestamp NULL DEFAULT NULL,
  `approved_at` timestamp NULL DEFAULT NULL,
  `processed_at` timestamp NULL DEFAULT NULL,
  `created_at` timestamp NULL DEFAULT NULL,
  `updated_at` timestamp NULL DEFAULT NULL
) ENGINE=InnoDB DEFAULT CHARSET=utf8mb4 COLLATE=utf8mb4_unicode_ci;

-- --------------------------------------------------------

--
-- Table structure for table `ticket_transfers`
--

CREATE TABLE `ticket_transfers` (
  `id` bigint UNSIGNED NOT NULL,
  `uuid` char(36) COLLATE utf8mb4_unicode_ci NOT NULL,
  `ticket_id` bigint UNSIGNED NOT NULL,
  `from_user_id` bigint UNSIGNED DEFAULT NULL,
  `from_name` varchar(200) COLLATE utf8mb4_unicode_ci NOT NULL,
  `from_email` varchar(255) COLLATE utf8mb4_unicode_ci NOT NULL,
  `from_phone` varchar(20) COLLATE utf8mb4_unicode_ci DEFAULT NULL,
  `to_user_id` bigint UNSIGNED DEFAULT NULL,
  `to_name` varchar(200) COLLATE utf8mb4_unicode_ci NOT NULL,
  `to_email` varchar(255) COLLATE utf8mb4_unicode_ci NOT NULL,
  `to_phone` varchar(20) COLLATE utf8mb4_unicode_ci DEFAULT NULL,
  `transfer_code` varchar(20) COLLATE utf8mb4_unicode_ci NOT NULL,
  `status` enum('pending','accepted','declined','expired','cancelled') COLLATE utf8mb4_unicode_ci NOT NULL DEFAULT 'pending',
  `message` text COLLATE utf8mb4_unicode_ci,
  `accepted_at` timestamp NULL DEFAULT NULL,
  `declined_at` timestamp NULL DEFAULT NULL,
  `expires_at` timestamp NOT NULL,
  `created_at` timestamp NULL DEFAULT NULL,
  `updated_at` timestamp NULL DEFAULT NULL
) ENGINE=InnoDB DEFAULT CHARSET=utf8mb4 COLLATE=utf8mb4_unicode_ci;

-- --------------------------------------------------------

--
-- Table structure for table `ticket_types`
--

CREATE TABLE `ticket_types` (
  `id` bigint UNSIGNED NOT NULL,
  `uuid` char(36) COLLATE utf8mb4_unicode_ci NOT NULL,
  `client_id` bigint UNSIGNED NOT NULL,
  `event_id` bigint UNSIGNED NOT NULL,
  `name` varchar(100) COLLATE utf8mb4_unicode_ci NOT NULL,
  `slug` varchar(100) COLLATE utf8mb4_unicode_ci NOT NULL,
  `description` text COLLATE utf8mb4_unicode_ci,
  `price` decimal(12,2) NOT NULL,
  `original_price` decimal(12,2) DEFAULT NULL,
  `currency` char(3) COLLATE utf8mb4_unicode_ci NOT NULL DEFAULT 'KES',
  `quantity_available` int UNSIGNED DEFAULT NULL,
  `quantity_sold` int UNSIGNED NOT NULL DEFAULT '0',
  `quantity_reserved` int UNSIGNED NOT NULL DEFAULT '0',
  `min_per_order` tinyint UNSIGNED NOT NULL DEFAULT '1',
  `max_per_order` tinyint UNSIGNED NOT NULL DEFAULT '10',
  `sale_starts_at` timestamp NULL DEFAULT NULL,
  `sale_ends_at` timestamp NULL DEFAULT NULL,
  `valid_from` timestamp NULL DEFAULT NULL,
  `valid_until` timestamp NULL DEFAULT NULL,
  `is_hidden` tinyint(1) NOT NULL DEFAULT '0',
  `is_active` tinyint(1) NOT NULL DEFAULT '1',
  `requires_approval` tinyint(1) NOT NULL DEFAULT '0',
  `allows_transfer` tinyint(1) NOT NULL DEFAULT '1',
  `allows_refund` tinyint(1) NOT NULL DEFAULT '0',
  `refund_deadline_hours` int UNSIGNED DEFAULT NULL,
  `sort_order` int NOT NULL DEFAULT '0',
  `color` varchar(7) COLLATE utf8mb4_unicode_ci DEFAULT NULL,
  `icon` varchar(50) COLLATE utf8mb4_unicode_ci DEFAULT NULL,
  `benefits` json DEFAULT NULL,
  `restrictions` json DEFAULT NULL,
  `meta` json DEFAULT NULL,
  `attendee_fields` json DEFAULT NULL,
  `created_at` timestamp NULL DEFAULT NULL,
  `updated_at` timestamp NULL DEFAULT NULL,
  `deleted_at` timestamp NULL DEFAULT NULL
) ENGINE=InnoDB DEFAULT CHARSET=utf8mb4 COLLATE=utf8mb4_unicode_ci;

--
-- Dumping data for table `ticket_types`
--

INSERT INTO `ticket_types` (`id`, `uuid`, `client_id`, `event_id`, `name`, `slug`, `description`, `price`, `original_price`, `currency`, `quantity_available`, `quantity_sold`, `quantity_reserved`, `min_per_order`, `max_per_order`, `sale_starts_at`, `sale_ends_at`, `valid_from`, `valid_until`, `is_hidden`, `is_active`, `requires_approval`, `allows_transfer`, `allows_refund`, `refund_deadline_hours`, `sort_order`, `color`, `icon`, `benefits`, `restrictions`, `meta`, `attendee_fields`, `created_at`, `updated_at`, `deleted_at`) VALUES
(134, '6c989a00-68fb-47b6-b823-d9feb9feb7d5', 4, 55, 'Regular Seat', 'regular-seat', NULL, 5000.00, NULL, 'KES', 300, 3, 4, 1, 10, NULL, NULL, NULL, NULL, 0, 1, 0, 1, 0, NULL, 1, '#C23014', NULL, NULL, NULL, NULL, NULL, '2026-03-06 09:59:01', '2026-03-15 10:49:37', NULL),
(135, '15aead2d-7c72-4cda-9010-8b774357e728', 4, 55, 'VIP Table (10)', 'vip-table-10', NULL, 80000.00, NULL, 'KES', 20, 4, 16, 1, 10, NULL, NULL, NULL, NULL, 0, 1, 0, 1, 0, NULL, 2, '#E07A2D', NULL, NULL, NULL, NULL, NULL, '2026-03-06 09:59:01', '2026-03-15 06:43:56', NULL),
(139, '24ded3eb-902d-43cf-bd77-cee146f94427', 1, 61, 'General Admission', 'general-admission-IIax', NULL, 3500.00, NULL, 'KES', 300, 0, 1, 1, 10, NULL, NULL, NULL, NULL, 0, 1, 0, 1, 1, NULL, 1, '#6c757d', NULL, NULL, NULL, NULL, NULL, '2026-03-11 07:06:44', '2026-03-13 06:09:38', NULL),
(140, '4fcc2ff6-6b01-4ddc-b919-34d945a5c166', 1, 61, 'VIP', 'vip-thi5', NULL, 12000.00, NULL, 'KES', 80, 0, 1, 1, 10, NULL, NULL, NULL, NULL, 0, 1, 0, 1, 1, NULL, 2, '#0d6efd', NULL, NULL, NULL, NULL, NULL, '2026-03-11 07:06:44', '2026-03-13 06:09:38', NULL),
(141, 'b71d04e8-5563-462f-ba9c-93d1b8eb0ccc', 1, 61, 'VVIP Table (10 pax)', 'vvip-table-10-pax-ybMC', NULL, 85000.00, NULL, 'KES', 20, 0, 1, 1, 10, NULL, NULL, NULL, NULL, 0, 1, 0, 1, 1, NULL, 3, '#ffc107', NULL, NULL, NULL, NULL, NULL, '2026-03-11 07:06:44', '2026-03-13 06:09:38', NULL),
(163, '80dbf869-209e-4b08-a54a-d4198122b3cb', 6, 66, 'Early Bird Regular Seat', 'early-bird-regular-seat', 'Limited early bird offer — regular seat with gala dinner. Grab it before June 30!', 1000.00, 1500.00, 'KES', 100, 16, 7, 1, 10, '2025-12-31 21:00:00', '2026-06-30 20:59:59', NULL, NULL, 0, 1, 0, 1, 0, NULL, 1, NULL, NULL, '[\"Gala Dinner\", \"Event Programme\", \"Early Bird Discount\"]', NULL, NULL, NULL, '2026-03-26 09:20:45', '2026-03-26 18:42:51', NULL),
(164, 'dabed6e2-9f2a-42ae-9950-9b7cb07b5c3a', 6, 66, 'Early Bird VIP Seat', 'early-bird-vip-seat', 'Limited early bird VIP seat with gala dinner and priority seating.', 2500.00, 3500.00, 'KES', 50, 0, 0, 1, 10, '2026-04-15 21:00:00', '2026-06-30 20:59:59', NULL, NULL, 0, 1, 0, 1, 0, NULL, 2, NULL, NULL, '[\"Gala Dinner\", \"Priority Seating\", \"Event Programme\", \"Early Bird Discount\"]', NULL, NULL, NULL, '2026-03-26 09:20:45', '2026-03-26 09:20:45', NULL),
(165, 'df97ac6e-76a0-4ae1-99ae-12541c7c2386', 6, 66, 'Regular Single Seat', 'regular-single-seat', 'Single regular seat with gala dinner included.', 1500.00, 1500.00, 'KES', 200, 0, 0, 1, 10, '2026-06-30 21:00:00', '2026-09-15 20:59:59', NULL, NULL, 0, 1, 0, 1, 0, NULL, 3, NULL, NULL, '[\"Gala Dinner\", \"Event Programme\"]', NULL, NULL, NULL, '2026-03-26 09:20:45', '2026-03-26 09:20:45', NULL),
(166, '8c9d9936-9fba-4027-8b21-5e49169accc2', 6, 66, 'VIP Single Seat', 'vip-single-seat', 'Single VIP seat with gala dinner and priority seating.', 3500.00, 3500.00, 'KES', 100, 0, 0, 1, 10, '2026-06-30 21:00:00', '2026-09-15 20:59:59', NULL, NULL, 0, 1, 0, 1, 0, NULL, 4, NULL, NULL, '[\"Gala Dinner\", \"Priority Seating\", \"Event Programme\"]', NULL, NULL, NULL, '2026-03-26 09:20:45', '2026-03-26 09:20:45', NULL),
(167, '7d4f3aa9-098b-4fa9-9815-df0d5ebd0c84', 6, 66, 'VVIP Single Seat', 'vvip-single-seat', 'Single VVIP seat with premium dinner, front-row seating, and VIP lounge access.', 6000.00, 6000.00, 'KES', 50, 0, 0, 1, 10, '2026-04-15 21:00:00', '2026-09-15 20:59:59', NULL, NULL, 0, 1, 0, 1, 0, NULL, 5, NULL, NULL, '[\"Premium Dinner\", \"Front-Row Seating\", \"VIP Lounge Access\", \"Event Programme\", \"Meet & Greet\"]', NULL, NULL, NULL, '2026-03-26 09:20:45', '2026-03-26 09:20:45', NULL),
(168, 'e110ddf0-3b26-48cc-adaa-8f12fecfb851', 6, 66, 'VIP Table (10 Seats)', 'vip-table-10-seats', 'Private VIP table for 10 guests with gala dinner and priority seating.', 30000.00, 30000.00, 'KES', 20, 0, 0, 1, 10, '2026-04-15 21:00:00', '2026-09-15 20:59:59', NULL, NULL, 0, 1, 0, 1, 0, NULL, 6, NULL, NULL, '[\"Gala Dinner for 10\", \"Priority Seating\", \"Table Name Card\", \"Event Programmes x10\"]', NULL, NULL, NULL, '2026-03-26 09:20:45', '2026-03-26 09:20:45', NULL),
(169, '07956282-ed12-453a-b2b3-9ef733f7c319', 6, 66, 'VVIP Table (10 Seats)', 'vvip-table-10-seats', 'Exclusive VVIP table for 10 with premium dinner, front-row placement, and VIP lounge access.', 50000.00, 50000.00, 'KES', 10, 0, 0, 1, 10, '2026-04-15 21:00:00', '2026-09-15 20:59:59', NULL, NULL, 0, 1, 0, 1, 0, NULL, 7, NULL, NULL, '[\"Premium Dinner for 10\", \"Front-Row Table\", \"VIP Lounge Access x10\", \"Table Name Card\", \"Meet & Greet x2\"]', NULL, NULL, NULL, '2026-03-26 09:20:45', '2026-03-26 09:20:45', NULL);

-- --------------------------------------------------------

--
-- Table structure for table `transactions`
--

CREATE TABLE `transactions` (
  `id` bigint UNSIGNED NOT NULL,
  `uuid` char(36) COLLATE utf8mb4_unicode_ci NOT NULL,
  `client_id` bigint UNSIGNED NOT NULL,
  `event_id` bigint UNSIGNED DEFAULT NULL,
  `user_id` bigint UNSIGNED DEFAULT NULL,
  `transactionable_id` bigint UNSIGNED DEFAULT NULL,
  `transactionable_type` varchar(255) COLLATE utf8mb4_unicode_ci DEFAULT NULL,
  `transaction_number` varchar(255) COLLATE utf8mb4_unicode_ci NOT NULL,
  `transaction_type` enum('ticket_purchase','vote_purchase','poll_purchase','refund','payout','commission','adjustment') COLLATE utf8mb4_unicode_ci NOT NULL,
  `amount` decimal(15,2) NOT NULL,
  `currency` varchar(3) COLLATE utf8mb4_unicode_ci NOT NULL DEFAULT 'KES',
  `exchange_rate` decimal(10,6) DEFAULT NULL,
  `payment_gateway` enum('paystack','mpesa','instasend','bank','cash','internal') COLLATE utf8mb4_unicode_ci DEFAULT NULL,
  `payment_method` enum('card','mobile_money','bank_transfer','cash','wallet') COLLATE utf8mb4_unicode_ci DEFAULT NULL,
  `gateway_transaction_id` varchar(255) COLLATE utf8mb4_unicode_ci DEFAULT NULL,
  `gateway_reference` varchar(255) COLLATE utf8mb4_unicode_ci DEFAULT NULL,
  `gateway_response` text COLLATE utf8mb4_unicode_ci,
  `status` enum('pending','processing','completed','failed','cancelled','refunded') COLLATE utf8mb4_unicode_ci NOT NULL DEFAULT 'pending',
  `description` text COLLATE utf8mb4_unicode_ci,
  `notes` text COLLATE utf8mb4_unicode_ci,
  `ip_address` varchar(45) COLLATE utf8mb4_unicode_ci DEFAULT NULL,
  `user_agent` text COLLATE utf8mb4_unicode_ci,
  `completed_at` timestamp NULL DEFAULT NULL,
  `failed_at` timestamp NULL DEFAULT NULL,
  `cancelled_at` timestamp NULL DEFAULT NULL,
  `created_at` timestamp NULL DEFAULT NULL,
  `updated_at` timestamp NULL DEFAULT NULL,
  `deleted_at` timestamp NULL DEFAULT NULL
) ENGINE=InnoDB DEFAULT CHARSET=utf8mb4 COLLATE=utf8mb4_unicode_ci;

--
-- Dumping data for table `transactions`
--

INSERT INTO `transactions` (`id`, `uuid`, `client_id`, `event_id`, `user_id`, `transactionable_id`, `transactionable_type`, `transaction_number`, `transaction_type`, `amount`, `currency`, `exchange_rate`, `payment_gateway`, `payment_method`, `gateway_transaction_id`, `gateway_reference`, `gateway_response`, `status`, `description`, `notes`, `ip_address`, `user_agent`, `completed_at`, `failed_at`, `cancelled_at`, `created_at`, `updated_at`, `deleted_at`) VALUES
(131, '82769f34-25f4-4e54-a753-fa296b683d94', 4, 55, NULL, 973, 'App\\Models\\Voting\\VoteTransaction', 'TXN-260313-E19M9RZO', 'vote_purchase', 200.00, 'KES', NULL, 'paystack', 'mobile_money', '5930749027', '6is48v6vs1', '{\"id\":5930749027,\"domain\":\"test\",\"status\":\"success\",\"reference\":\"6is48v6vs1\",\"receipt_number\":\"10101\",\"amount\":20000,\"message\":null,\"gateway_response\":\"Approved\",\"paid_at\":\"2026-03-13T13:10:01.000Z\",\"created_at\":\"2026-03-13T13:09:11.000Z\",\"channel\":\"mobile_money\",\"currency\":\"KES\",\"ip_address\":\"41.90.119.15\",\"metadata\":{\"vote_transaction_id\":\"973\",\"nominee_id\":\"130\",\"event_slug\":\"ikwa-2026\",\"bundle_id\":\"32\",\"vote_count\":\"50\",\"type\":\"vote_bundle\",\"referrer\":\"http:\\/\\/localhost\\/\"},\"log\":{\"start_time\":1773407377,\"time_spent\":45,\"attempts\":1,\"errors\":0,\"success\":false,\"mobile\":false,\"input\":[],\"history\":[{\"type\":\"action\",\"message\":\"Attempted to pay with mobile money\",\"time\":45}]},\"fees\":300,\"fees_split\":null,\"authorization\":{\"authorization_code\":\"AUTH_asdjsjd9tk\",\"bin\":\"071XXX\",\"last4\":\"X000\",\"exp_month\":\"12\",\"exp_year\":\"9999\",\"channel\":\"mobile_money\",\"card_type\":\"\",\"bank\":\"M-PESA\",\"country_code\":\"KE\",\"brand\":\"M-pesa\",\"reusable\":false,\"signature\":null,\"account_name\":null,\"mobile_money_number\":\"0710000000\",\"receiver_bank_account_number\":null,\"receiver_bank\":null},\"customer\":{\"id\":332673656,\"first_name\":null,\"last_name\":null,\"email\":\"joshujohn03@gmail.com\",\"customer_code\":\"CUS_1k9txn6ikquuua0\",\"phone\":null,\"metadata\":null,\"risk_action\":\"default\",\"international_format_phone\":null},\"plan\":null,\"split\":[],\"order_id\":null,\"paidAt\":\"2026-03-13T13:10:01.000Z\",\"createdAt\":\"2026-03-13T13:09:11.000Z\",\"requested_amount\":20000,\"pos_transaction_data\":null,\"source\":null,\"fees_breakdown\":null,\"connect\":null,\"transaction_date\":\"2026-03-13T13:09:11.000Z\",\"plan_object\":[],\"subaccount\":[]}', 'completed', 'Vote bundle: 50 votes', NULL, NULL, NULL, '2026-03-13 10:10:31', NULL, NULL, '2026-03-13 10:10:31', '2026-03-13 10:10:31', NULL),
(132, 'b422f5a3-6359-4839-8597-dc91909cca57', 4, 55, NULL, 974, 'App\\Models\\Voting\\VoteTransaction', 'TXN-260313-DFRVJ7NN', 'vote_purchase', 2500.00, 'KES', NULL, 'paystack', 'mobile_money', '5930764931', '4uvj19l531', '{\"id\":5930764931,\"domain\":\"test\",\"status\":\"success\",\"reference\":\"4uvj19l531\",\"receipt_number\":\"10101\",\"amount\":250000,\"message\":null,\"gateway_response\":\"Approved\",\"paid_at\":\"2026-03-13T13:16:40.000Z\",\"created_at\":\"2026-03-13T13:16:35.000Z\",\"channel\":\"mobile_money\",\"currency\":\"KES\",\"ip_address\":\"41.90.119.15\",\"metadata\":{\"vote_transaction_id\":\"974\",\"nominee_id\":\"130\",\"event_slug\":\"ikwa-2026\",\"bundle_id\":\"35\",\"vote_count\":\"1000\",\"type\":\"vote_bundle\",\"referrer\":\"http:\\/\\/localhost\\/\"},\"log\":{\"start_time\":1773407820,\"time_spent\":2,\"attempts\":1,\"errors\":0,\"success\":false,\"mobile\":false,\"input\":[],\"history\":[{\"type\":\"action\",\"message\":\"Attempted to pay with mobile money\",\"time\":2}]},\"fees\":3750,\"fees_split\":null,\"authorization\":{\"authorization_code\":\"AUTH_cf9q20fuub\",\"bin\":\"071XXX\",\"last4\":\"X000\",\"exp_month\":\"12\",\"exp_year\":\"9999\",\"channel\":\"mobile_money\",\"card_type\":\"\",\"bank\":\"M-PESA\",\"country_code\":\"KE\",\"brand\":\"M-pesa\",\"reusable\":false,\"signature\":null,\"account_name\":null,\"mobile_money_number\":\"0710000000\",\"receiver_bank_account_number\":null,\"receiver_bank\":null},\"customer\":{\"id\":332673656,\"first_name\":null,\"last_name\":null,\"email\":\"joshujohn03@gmail.com\",\"customer_code\":\"CUS_1k9txn6ikquuua0\",\"phone\":null,\"metadata\":null,\"risk_action\":\"default\",\"international_format_phone\":null},\"plan\":null,\"split\":[],\"order_id\":null,\"paidAt\":\"2026-03-13T13:16:40.000Z\",\"createdAt\":\"2026-03-13T13:16:35.000Z\",\"requested_amount\":250000,\"pos_transaction_data\":null,\"source\":null,\"fees_breakdown\":null,\"connect\":null,\"transaction_date\":\"2026-03-13T13:16:35.000Z\",\"plan_object\":[],\"subaccount\":[]}', 'completed', 'Vote bundle: 1000 votes', NULL, NULL, NULL, '2026-03-13 10:17:10', NULL, NULL, '2026-03-13 10:17:10', '2026-03-13 10:17:10', NULL),
(133, '53b758b2-a6a2-4bfc-b3c1-ea7f4427d017', 4, 55, NULL, 975, 'App\\Models\\Voting\\VoteTransaction', 'TXN-260314-B2QEBG42', 'vote_purchase', 350.00, 'KES', NULL, 'paystack', 'mobile_money', '5934647918', 'gyl76uqbk6', '{\"id\":5934647918,\"domain\":\"test\",\"status\":\"success\",\"reference\":\"gyl76uqbk6\",\"receipt_number\":\"10101\",\"amount\":35000,\"message\":null,\"gateway_response\":\"Approved\",\"paid_at\":\"2026-03-14T16:32:02.000Z\",\"created_at\":\"2026-03-14T16:31:44.000Z\",\"channel\":\"mobile_money\",\"currency\":\"KES\",\"ip_address\":\"102.68.78.171\",\"metadata\":{\"vote_transaction_id\":\"975\",\"nominee_id\":\"128\",\"event_slug\":\"ikwa-2026\",\"bundle_id\":\"33\",\"vote_count\":\"100\",\"type\":\"vote_bundle\",\"referrer\":\"http:\\/\\/localhost\\/\"},\"log\":{\"start_time\":1773505925,\"time_spent\":7,\"attempts\":1,\"errors\":0,\"success\":false,\"mobile\":false,\"input\":[],\"history\":[{\"type\":\"action\",\"message\":\"Attempted to pay with mobile money\",\"time\":7}]},\"fees\":525,\"fees_split\":null,\"authorization\":{\"authorization_code\":\"AUTH_b80dc280m4\",\"bin\":\"071XXX\",\"last4\":\"X000\",\"exp_month\":\"12\",\"exp_year\":\"9999\",\"channel\":\"mobile_money\",\"card_type\":\"\",\"bank\":\"M-PESA\",\"country_code\":\"KE\",\"brand\":\"M-pesa\",\"reusable\":false,\"signature\":null,\"account_name\":null,\"mobile_money_number\":\"0710000000\",\"receiver_bank_account_number\":null,\"receiver_bank\":null},\"customer\":{\"id\":332673656,\"first_name\":null,\"last_name\":null,\"email\":\"joshujohn03@gmail.com\",\"customer_code\":\"CUS_1k9txn6ikquuua0\",\"phone\":null,\"metadata\":null,\"risk_action\":\"default\",\"international_format_phone\":null},\"plan\":null,\"split\":[],\"order_id\":null,\"paidAt\":\"2026-03-14T16:32:02.000Z\",\"createdAt\":\"2026-03-14T16:31:44.000Z\",\"requested_amount\":35000,\"pos_transaction_data\":null,\"source\":null,\"fees_breakdown\":null,\"connect\":null,\"transaction_date\":\"2026-03-14T16:31:44.000Z\",\"plan_object\":[],\"subaccount\":[]}', 'completed', 'Vote bundle: 100 votes', NULL, NULL, NULL, '2026-03-14 13:32:21', NULL, NULL, '2026-03-14 13:32:21', '2026-03-14 13:32:21', NULL),
(134, '46269ba7-87d7-49ea-80f6-cc0a6e4663f3', 4, 55, NULL, 976, 'App\\Models\\Voting\\VoteTransaction', 'TXN-260314-O59GEVLQ', 'vote_purchase', 2500.00, 'KES', NULL, 'paystack', 'card', '5934651639', '562sz62xcl', '{\"id\":5934651639,\"domain\":\"test\",\"status\":\"success\",\"reference\":\"562sz62xcl\",\"receipt_number\":null,\"amount\":250000,\"message\":null,\"gateway_response\":\"Successful\",\"paid_at\":\"2026-03-14T16:32:59.000Z\",\"created_at\":\"2026-03-14T16:32:50.000Z\",\"channel\":\"card\",\"currency\":\"KES\",\"ip_address\":\"102.68.78.171\",\"metadata\":{\"vote_transaction_id\":\"976\",\"nominee_id\":\"128\",\"event_slug\":\"ikwa-2026\",\"bundle_id\":\"35\",\"vote_count\":\"1000\",\"type\":\"vote_bundle\",\"referrer\":\"http:\\/\\/localhost\\/\"},\"log\":{\"start_time\":1773505983,\"time_spent\":8,\"attempts\":1,\"errors\":0,\"success\":true,\"mobile\":false,\"input\":[],\"history\":[{\"type\":\"action\",\"message\":\"Attempted to pay with card\",\"time\":7},{\"type\":\"success\",\"message\":\"Successfully paid with card\",\"time\":8}]},\"fees\":7250,\"fees_split\":null,\"authorization\":{\"authorization_code\":\"AUTH_9ylkhm7208\",\"bin\":\"408408\",\"last4\":\"4081\",\"exp_month\":\"12\",\"exp_year\":\"2030\",\"channel\":\"card\",\"card_type\":\"visa \",\"bank\":\"TEST BANK\",\"country_code\":\"KE\",\"brand\":\"visa\",\"reusable\":true,\"signature\":\"SIG_AIo4OkJpP8MTSfhkghzN\",\"account_name\":null,\"receiver_bank_account_number\":null,\"receiver_bank\":null},\"customer\":{\"id\":332673656,\"first_name\":null,\"last_name\":null,\"email\":\"joshujohn03@gmail.com\",\"customer_code\":\"CUS_1k9txn6ikquuua0\",\"phone\":null,\"metadata\":null,\"risk_action\":\"default\",\"international_format_phone\":null},\"plan\":null,\"split\":[],\"order_id\":null,\"paidAt\":\"2026-03-14T16:32:59.000Z\",\"createdAt\":\"2026-03-14T16:32:50.000Z\",\"requested_amount\":250000,\"pos_transaction_data\":null,\"source\":null,\"fees_breakdown\":null,\"connect\":null,\"transaction_date\":\"2026-03-14T16:32:50.000Z\",\"plan_object\":[],\"subaccount\":[]}', 'completed', 'Vote bundle: 1000 votes', NULL, NULL, NULL, '2026-03-14 13:33:12', NULL, NULL, '2026-03-14 13:33:12', '2026-03-14 13:33:12', NULL),
(135, '48e9225a-decb-4c3f-b0b1-27183e41d75f', 4, 55, NULL, 977, 'App\\Models\\Voting\\VoteTransaction', 'TXN-260314-8DLKKCPN', 'vote_purchase', 2500.00, 'KES', NULL, 'paystack', 'mobile_money', '5934674735', '4yil2yb4v2', '{\"id\":5934674735,\"domain\":\"test\",\"status\":\"success\",\"reference\":\"4yil2yb4v2\",\"receipt_number\":\"10101\",\"amount\":250000,\"message\":null,\"gateway_response\":\"Approved\",\"paid_at\":\"2026-03-14T16:38:33.000Z\",\"created_at\":\"2026-03-14T16:38:18.000Z\",\"channel\":\"mobile_money\",\"currency\":\"KES\",\"ip_address\":\"102.68.78.171\",\"metadata\":{\"vote_transaction_id\":\"977\",\"nominee_id\":\"128\",\"event_slug\":\"ikwa-2026\",\"bundle_id\":\"35\",\"vote_count\":\"1000\",\"type\":\"vote_bundle\",\"referrer\":\"http:\\/\\/localhost\\/\"},\"log\":{\"start_time\":1773506311,\"time_spent\":13,\"attempts\":1,\"errors\":0,\"success\":false,\"mobile\":false,\"input\":[],\"history\":[{\"type\":\"action\",\"message\":\"Attempted to pay with mobile money\",\"time\":13}]},\"fees\":3750,\"fees_split\":null,\"authorization\":{\"authorization_code\":\"AUTH_zru2801kwe\",\"bin\":\"071XXX\",\"last4\":\"X000\",\"exp_month\":\"12\",\"exp_year\":\"9999\",\"channel\":\"mobile_money\",\"card_type\":\"\",\"bank\":\"M-PESA\",\"country_code\":\"KE\",\"brand\":\"M-pesa\",\"reusable\":false,\"signature\":null,\"account_name\":null,\"mobile_money_number\":\"0710000000\",\"receiver_bank_account_number\":null,\"receiver_bank\":null},\"customer\":{\"id\":332673656,\"first_name\":null,\"last_name\":null,\"email\":\"joshujohn03@gmail.com\",\"customer_code\":\"CUS_1k9txn6ikquuua0\",\"phone\":null,\"metadata\":null,\"risk_action\":\"default\",\"international_format_phone\":null},\"plan\":null,\"split\":[],\"order_id\":null,\"paidAt\":\"2026-03-14T16:38:33.000Z\",\"createdAt\":\"2026-03-14T16:38:18.000Z\",\"requested_amount\":250000,\"pos_transaction_data\":null,\"source\":null,\"fees_breakdown\":null,\"connect\":null,\"transaction_date\":\"2026-03-14T16:38:18.000Z\",\"plan_object\":[],\"subaccount\":[]}', 'completed', 'Vote bundle: 1000 votes', NULL, NULL, NULL, '2026-03-14 13:38:52', NULL, NULL, '2026-03-14 13:38:52', '2026-03-14 13:38:52', NULL),
(136, '056c5ccb-7d83-419e-baa0-c64a1d9a369f', 4, 55, NULL, 978, 'App\\Models\\Voting\\VoteTransaction', 'TXN-260314-WUK0QM2M', 'vote_purchase', 2500.00, 'KES', NULL, 'paystack', 'card', '5934728289', 'bao427woyl', '{\"id\":5934728289,\"domain\":\"test\",\"status\":\"success\",\"reference\":\"bao427woyl\",\"receipt_number\":null,\"amount\":250000,\"message\":null,\"gateway_response\":\"Successful\",\"paid_at\":\"2026-03-14T16:54:05.000Z\",\"created_at\":\"2026-03-14T16:53:54.000Z\",\"channel\":\"card\",\"currency\":\"KES\",\"ip_address\":\"102.68.78.171\",\"metadata\":{\"vote_transaction_id\":\"978\",\"nominee_id\":\"128\",\"event_slug\":\"ikwa-2026\",\"bundle_id\":\"35\",\"vote_count\":\"1000\",\"type\":\"vote_bundle\",\"referrer\":\"http:\\/\\/localhost\\/\"},\"log\":{\"start_time\":1773507251,\"time_spent\":5,\"attempts\":1,\"errors\":0,\"success\":true,\"mobile\":false,\"input\":[],\"history\":[{\"type\":\"action\",\"message\":\"Attempted to pay with card\",\"time\":4},{\"type\":\"success\",\"message\":\"Successfully paid with card\",\"time\":5}]},\"fees\":7250,\"fees_split\":null,\"authorization\":{\"authorization_code\":\"AUTH_r89qo9a10k\",\"bin\":\"408408\",\"last4\":\"4081\",\"exp_month\":\"12\",\"exp_year\":\"2030\",\"channel\":\"card\",\"card_type\":\"visa \",\"bank\":\"TEST BANK\",\"country_code\":\"KE\",\"brand\":\"visa\",\"reusable\":true,\"signature\":\"SIG_AIo4OkJpP8MTSfhkghzN\",\"account_name\":null,\"receiver_bank_account_number\":null,\"receiver_bank\":null},\"customer\":{\"id\":332673656,\"first_name\":null,\"last_name\":null,\"email\":\"joshujohn03@gmail.com\",\"customer_code\":\"CUS_1k9txn6ikquuua0\",\"phone\":null,\"metadata\":null,\"risk_action\":\"default\",\"international_format_phone\":null},\"plan\":null,\"split\":[],\"order_id\":null,\"paidAt\":\"2026-03-14T16:54:05.000Z\",\"createdAt\":\"2026-03-14T16:53:54.000Z\",\"requested_amount\":250000,\"pos_transaction_data\":null,\"source\":null,\"fees_breakdown\":null,\"connect\":null,\"transaction_date\":\"2026-03-14T16:53:54.000Z\",\"plan_object\":[],\"subaccount\":[]}', 'completed', 'Vote bundle: 1000 votes', NULL, NULL, NULL, '2026-03-14 13:54:17', NULL, NULL, '2026-03-14 13:54:17', '2026-03-14 13:54:17', NULL),
(137, '605e4e4f-7b1d-4a90-83a9-15ed20d1c6fe', 4, 55, NULL, 979, 'App\\Models\\Voting\\VoteTransaction', 'TXN-260314-UJ2TTUVF', 'vote_purchase', 2500.00, 'KES', NULL, 'paystack', 'mobile_money', '5934731922', 'ryi38esbxf', '{\"id\":5934731922,\"domain\":\"test\",\"status\":\"success\",\"reference\":\"ryi38esbxf\",\"receipt_number\":\"10101\",\"amount\":250000,\"message\":null,\"gateway_response\":\"Approved\",\"paid_at\":\"2026-03-14T16:55:06.000Z\",\"created_at\":\"2026-03-14T16:55:01.000Z\",\"channel\":\"mobile_money\",\"currency\":\"KES\",\"ip_address\":\"102.68.78.171\",\"metadata\":{\"vote_transaction_id\":\"979\",\"nominee_id\":\"131\",\"event_slug\":\"ikwa-2026\",\"bundle_id\":\"35\",\"vote_count\":\"1000\",\"type\":\"vote_bundle\",\"referrer\":\"http:\\/\\/localhost\\/\"},\"log\":{\"start_time\":1773507314,\"time_spent\":2,\"attempts\":1,\"errors\":0,\"success\":false,\"mobile\":false,\"input\":[],\"history\":[{\"type\":\"action\",\"message\":\"Attempted to pay with mobile money\",\"time\":2}]},\"fees\":3750,\"fees_split\":null,\"authorization\":{\"authorization_code\":\"AUTH_3mkxtmcy7u\",\"bin\":\"071XXX\",\"last4\":\"X000\",\"exp_month\":\"12\",\"exp_year\":\"9999\",\"channel\":\"mobile_money\",\"card_type\":\"\",\"bank\":\"M-PESA\",\"country_code\":\"KE\",\"brand\":\"M-pesa\",\"reusable\":false,\"signature\":null,\"account_name\":null,\"mobile_money_number\":\"0710000000\",\"receiver_bank_account_number\":null,\"receiver_bank\":null},\"customer\":{\"id\":332673656,\"first_name\":null,\"last_name\":null,\"email\":\"joshujohn03@gmail.com\",\"customer_code\":\"CUS_1k9txn6ikquuua0\",\"phone\":null,\"metadata\":null,\"risk_action\":\"default\",\"international_format_phone\":null},\"plan\":null,\"split\":[],\"order_id\":null,\"paidAt\":\"2026-03-14T16:55:06.000Z\",\"createdAt\":\"2026-03-14T16:55:01.000Z\",\"requested_amount\":250000,\"pos_transaction_data\":null,\"source\":null,\"fees_breakdown\":null,\"connect\":null,\"transaction_date\":\"2026-03-14T16:55:01.000Z\",\"plan_object\":[],\"subaccount\":[]}', 'completed', 'Vote bundle: 1000 votes', NULL, NULL, NULL, '2026-03-14 13:55:24', NULL, NULL, '2026-03-14 13:55:24', '2026-03-14 13:55:24', NULL),
(138, 'e20b10dd-8643-4199-b604-1d4e5a9442c4', 4, 55, NULL, 980, 'App\\Models\\Voting\\VoteTransaction', 'TXN-260314-OMUZJVYE', 'vote_purchase', 25000.00, 'KES', NULL, 'paystack', 'mobile_money', '5934852873', '7eiv5zw14j', '{\"id\":5934852873,\"domain\":\"test\",\"status\":\"success\",\"reference\":\"7eiv5zw14j\",\"receipt_number\":\"10101\",\"amount\":2500000,\"message\":null,\"gateway_response\":\"Approved\",\"paid_at\":\"2026-03-14T17:38:47.000Z\",\"created_at\":\"2026-03-14T17:38:43.000Z\",\"channel\":\"mobile_money\",\"currency\":\"KES\",\"ip_address\":\"102.68.78.171\",\"metadata\":{\"vote_transaction_id\":\"980\",\"nominee_id\":\"137\",\"event_slug\":\"ikwa-2026\",\"bundle_id\":\"\",\"vote_count\":\"5000\",\"type\":\"vote_bundle\",\"referrer\":\"http:\\/\\/localhost\\/\"},\"log\":{\"start_time\":1773509935,\"time_spent\":2,\"attempts\":1,\"errors\":0,\"success\":false,\"mobile\":false,\"input\":[],\"history\":[{\"type\":\"action\",\"message\":\"Attempted to pay with mobile money\",\"time\":2}]},\"fees\":37500,\"fees_split\":null,\"authorization\":{\"authorization_code\":\"AUTH_7qzsnljpgv\",\"bin\":\"071XXX\",\"last4\":\"X000\",\"exp_month\":\"12\",\"exp_year\":\"9999\",\"channel\":\"mobile_money\",\"card_type\":\"\",\"bank\":\"M-PESA\",\"country_code\":\"KE\",\"brand\":\"M-pesa\",\"reusable\":false,\"signature\":null,\"account_name\":null,\"mobile_money_number\":\"0710000000\",\"receiver_bank_account_number\":null,\"receiver_bank\":null},\"customer\":{\"id\":332673656,\"first_name\":null,\"last_name\":null,\"email\":\"joshujohn03@gmail.com\",\"customer_code\":\"CUS_1k9txn6ikquuua0\",\"phone\":null,\"metadata\":null,\"risk_action\":\"default\",\"international_format_phone\":null},\"plan\":null,\"split\":[],\"order_id\":null,\"paidAt\":\"2026-03-14T17:38:47.000Z\",\"createdAt\":\"2026-03-14T17:38:43.000Z\",\"requested_amount\":2500000,\"pos_transaction_data\":null,\"source\":null,\"fees_breakdown\":null,\"connect\":null,\"transaction_date\":\"2026-03-14T17:38:43.000Z\",\"plan_object\":[],\"subaccount\":[]}', 'completed', 'Vote bundle: 5000 votes', NULL, NULL, NULL, '2026-03-14 14:39:05', NULL, NULL, '2026-03-14 14:39:05', '2026-03-14 14:39:05', NULL),
(139, '52c6c97c-a988-462b-86fa-1f7b04027169', 4, 55, NULL, 981, 'App\\Models\\Voting\\VoteTransaction', 'TXN-260314-KRQ6MKBU', 'vote_purchase', 30000.00, 'KES', NULL, 'paystack', 'mobile_money', '5934863666', 'boqcezo5vt', '{\"id\":5934863666,\"domain\":\"test\",\"status\":\"success\",\"reference\":\"boqcezo5vt\",\"receipt_number\":\"10101\",\"amount\":3000000,\"message\":null,\"gateway_response\":\"Approved\",\"paid_at\":\"2026-03-14T17:43:26.000Z\",\"created_at\":\"2026-03-14T17:43:22.000Z\",\"channel\":\"mobile_money\",\"currency\":\"KES\",\"ip_address\":\"102.68.78.171\",\"metadata\":{\"vote_transaction_id\":\"981\",\"nominee_id\":\"132\",\"event_slug\":\"ikwa-2026\",\"bundle_id\":\"\",\"vote_count\":\"6000\",\"type\":\"vote_bundle\",\"referrer\":\"http:\\/\\/localhost\\/\"},\"log\":{\"start_time\":1773510214,\"time_spent\":1,\"attempts\":1,\"errors\":0,\"success\":false,\"mobile\":false,\"input\":[],\"history\":[{\"type\":\"action\",\"message\":\"Attempted to pay with mobile money\",\"time\":1}]},\"fees\":45000,\"fees_split\":null,\"authorization\":{\"authorization_code\":\"AUTH_9kcsryf4w3\",\"bin\":\"071XXX\",\"last4\":\"X000\",\"exp_month\":\"12\",\"exp_year\":\"9999\",\"channel\":\"mobile_money\",\"card_type\":\"\",\"bank\":\"M-PESA\",\"country_code\":\"KE\",\"brand\":\"M-pesa\",\"reusable\":false,\"signature\":null,\"account_name\":null,\"mobile_money_number\":\"0710000000\",\"receiver_bank_account_number\":null,\"receiver_bank\":null},\"customer\":{\"id\":332673656,\"first_name\":null,\"last_name\":null,\"email\":\"joshujohn03@gmail.com\",\"customer_code\":\"CUS_1k9txn6ikquuua0\",\"phone\":null,\"metadata\":null,\"risk_action\":\"default\",\"international_format_phone\":null},\"plan\":null,\"split\":[],\"order_id\":null,\"paidAt\":\"2026-03-14T17:43:26.000Z\",\"createdAt\":\"2026-03-14T17:43:22.000Z\",\"requested_amount\":3000000,\"pos_transaction_data\":null,\"source\":null,\"fees_breakdown\":null,\"connect\":null,\"transaction_date\":\"2026-03-14T17:43:22.000Z\",\"plan_object\":[],\"subaccount\":[]}', 'completed', 'Vote bundle: 6000 votes', NULL, NULL, NULL, '2026-03-14 14:43:44', NULL, NULL, '2026-03-14 14:43:44', '2026-03-14 14:43:44', NULL),
(140, 'dbfbb648-0927-402a-86e4-6e0a7e998ff0', 4, 55, NULL, 983, 'App\\Models\\Voting\\VoteTransaction', 'TXN-260314-GZETDOZN', 'vote_purchase', 25050.00, 'KES', NULL, 'paystack', 'mobile_money', '5935279940', 'h0zvkrm831', '{\"id\":5935279940,\"domain\":\"test\",\"status\":\"success\",\"reference\":\"h0zvkrm831\",\"receipt_number\":\"10101\",\"amount\":2505000,\"message\":null,\"gateway_response\":\"Approved\",\"paid_at\":\"2026-03-14T20:16:19.000Z\",\"created_at\":\"2026-03-14T20:16:14.000Z\",\"channel\":\"mobile_money\",\"currency\":\"KES\",\"ip_address\":\"102.68.78.171\",\"metadata\":{\"vote_transaction_id\":\"983\",\"nominee_id\":\"131\",\"event_slug\":\"ikwa-2026\",\"bundle_id\":\"\",\"vote_count\":\"5010\",\"type\":\"vote_bundle\",\"referrer\":\"http:\\/\\/localhost\\/\"},\"log\":{\"start_time\":1773519384,\"time_spent\":2,\"attempts\":1,\"errors\":0,\"success\":false,\"mobile\":false,\"input\":[],\"history\":[{\"type\":\"action\",\"message\":\"Attempted to pay with mobile money\",\"time\":2}]},\"fees\":37575,\"fees_split\":null,\"authorization\":{\"authorization_code\":\"AUTH_27xxuvmhqz\",\"bin\":\"071XXX\",\"last4\":\"X000\",\"exp_month\":\"12\",\"exp_year\":\"9999\",\"channel\":\"mobile_money\",\"card_type\":\"\",\"bank\":\"M-PESA\",\"country_code\":\"KE\",\"brand\":\"M-pesa\",\"reusable\":false,\"signature\":null,\"account_name\":null,\"mobile_money_number\":\"0710000000\",\"receiver_bank_account_number\":null,\"receiver_bank\":null},\"customer\":{\"id\":332673656,\"first_name\":null,\"last_name\":null,\"email\":\"joshujohn03@gmail.com\",\"customer_code\":\"CUS_1k9txn6ikquuua0\",\"phone\":null,\"metadata\":null,\"risk_action\":\"default\",\"international_format_phone\":null},\"plan\":null,\"split\":[],\"order_id\":null,\"paidAt\":\"2026-03-14T20:16:19.000Z\",\"createdAt\":\"2026-03-14T20:16:14.000Z\",\"requested_amount\":2505000,\"pos_transaction_data\":null,\"source\":null,\"fees_breakdown\":null,\"connect\":null,\"transaction_date\":\"2026-03-14T20:16:14.000Z\",\"plan_object\":[],\"subaccount\":[]}', 'completed', 'Vote bundle: 5010 votes', NULL, NULL, NULL, '2026-03-14 17:16:34', NULL, NULL, '2026-03-14 17:16:34', '2026-03-14 17:16:34', NULL),
(141, '30460119-aa0f-4a28-9d1f-52a7829fc716', 4, 55, NULL, 984, 'App\\Models\\Voting\\VoteTransaction', 'TXN-260314-HTS6BHLK', 'vote_purchase', 200.00, 'KES', NULL, 'paystack', 'card', '5935328700', 'i50k5qi44a', '{\"id\":5935328700,\"domain\":\"test\",\"status\":\"success\",\"reference\":\"i50k5qi44a\",\"receipt_number\":null,\"amount\":20000,\"message\":\"test-3ds\",\"gateway_response\":\"[Test] Approved\",\"paid_at\":\"2026-03-14T20:36:10.000Z\",\"created_at\":\"2026-03-14T20:36:02.000Z\",\"channel\":\"card\",\"currency\":\"KES\",\"ip_address\":\"102.68.78.171\",\"metadata\":{\"vote_transaction_id\":\"984\",\"nominee_id\":\"130\",\"event_slug\":\"ikwa-2026\",\"bundle_id\":\"32\",\"vote_count\":\"50\",\"type\":\"vote_bundle\",\"referrer\":\"http:\\/\\/localhost\\/\"},\"log\":{\"start_time\":1773520573,\"time_spent\":6,\"attempts\":1,\"errors\":0,\"success\":true,\"mobile\":true,\"input\":[],\"history\":[{\"type\":\"action\",\"message\":\"Attempted to pay with card\",\"time\":2},{\"type\":\"auth\",\"message\":\"Authentication Required: 3DS\",\"time\":3},{\"type\":\"action\",\"message\":\"Third-party authentication window opened\",\"time\":4},{\"type\":\"success\",\"message\":\"Successfully paid with card\",\"time\":5},{\"type\":\"action\",\"message\":\"Third-party authentication window closed\",\"time\":6}]},\"fees\":580,\"fees_split\":null,\"authorization\":{\"authorization_code\":\"AUTH_2qntgr691a\",\"bin\":\"408408\",\"last4\":\"0409\",\"exp_month\":\"01\",\"exp_year\":\"2030\",\"channel\":\"card\",\"card_type\":\"visa \",\"bank\":\"TEST BANK\",\"country_code\":\"KE\",\"brand\":\"visa\",\"reusable\":true,\"signature\":\"SIG_nfUL20zX0EfEwgCmzhFd\",\"account_name\":null,\"receiver_bank_account_number\":null,\"receiver_bank\":null},\"customer\":{\"id\":332673656,\"first_name\":null,\"last_name\":null,\"email\":\"joshujohn03@gmail.com\",\"customer_code\":\"CUS_1k9txn6ikquuua0\",\"phone\":null,\"metadata\":null,\"risk_action\":\"default\",\"international_format_phone\":null},\"plan\":null,\"split\":[],\"order_id\":null,\"paidAt\":\"2026-03-14T20:36:10.000Z\",\"createdAt\":\"2026-03-14T20:36:02.000Z\",\"requested_amount\":20000,\"pos_transaction_data\":null,\"source\":null,\"fees_breakdown\":null,\"connect\":null,\"transaction_date\":\"2026-03-14T20:36:02.000Z\",\"plan_object\":[],\"subaccount\":[]}', 'completed', 'Vote bundle: 50 votes', NULL, NULL, NULL, '2026-03-14 17:36:19', NULL, NULL, '2026-03-14 17:36:19', '2026-03-14 17:36:19', NULL),
(142, 'c94ef8d6-800b-47d2-8791-97a777d9ddb5', 4, 55, NULL, 5241, 'App\\Models\\Ticketing\\TicketPurchase', 'TXN-260315-YKGQQL3T', 'ticket_purchase', 80000.00, 'KES', NULL, 'paystack', 'card', '5936711427', 'xmlsx7ptsr', '{\"id\":5936711427,\"domain\":\"test\",\"status\":\"success\",\"reference\":\"xmlsx7ptsr\",\"receipt_number\":null,\"amount\":8000000,\"message\":null,\"gateway_response\":\"Successful\",\"paid_at\":\"2026-03-15T09:43:53.000Z\",\"created_at\":\"2026-03-15T09:43:46.000Z\",\"channel\":\"card\",\"currency\":\"KES\",\"ip_address\":\"102.68.78.171\",\"metadata\":{\"purchase_id\":\"5241\",\"order_number\":\"ORD-8VAUFWPKKBDO\",\"event_slug\":\"ikwa-2026\",\"type\":\"ticket_purchase\",\"referrer\":\"http:\\/\\/localhost\\/\"},\"log\":{\"start_time\":1773567830,\"time_spent\":5,\"attempts\":1,\"errors\":0,\"success\":true,\"mobile\":false,\"input\":[],\"history\":[{\"type\":\"action\",\"message\":\"Attempted to pay with card\",\"time\":4},{\"type\":\"success\",\"message\":\"Successfully paid with card\",\"time\":5}]},\"fees\":232000,\"fees_split\":null,\"authorization\":{\"authorization_code\":\"AUTH_f0tfxn20oq\",\"bin\":\"408408\",\"last4\":\"4081\",\"exp_month\":\"12\",\"exp_year\":\"2030\",\"channel\":\"card\",\"card_type\":\"visa \",\"bank\":\"TEST BANK\",\"country_code\":\"KE\",\"brand\":\"visa\",\"reusable\":true,\"signature\":\"SIG_AIo4OkJpP8MTSfhkghzN\",\"account_name\":null,\"receiver_bank_account_number\":null,\"receiver_bank\":null},\"customer\":{\"id\":347125964,\"first_name\":null,\"last_name\":null,\"email\":\"ngumbaujoshua04@gmail.com\",\"customer_code\":\"CUS_tyhnjonux1augqt\",\"phone\":null,\"metadata\":null,\"risk_action\":\"default\",\"international_format_phone\":null},\"plan\":null,\"split\":[],\"order_id\":null,\"paidAt\":\"2026-03-15T09:43:53.000Z\",\"createdAt\":\"2026-03-15T09:43:46.000Z\",\"requested_amount\":8000000,\"pos_transaction_data\":null,\"source\":null,\"fees_breakdown\":null,\"connect\":null,\"transaction_date\":\"2026-03-15T09:43:46.000Z\",\"plan_object\":[],\"subaccount\":[]}', 'completed', 'Ticket purchase: ORD-8VAUFWPKKBDO', NULL, NULL, NULL, '2026-03-15 06:43:56', NULL, NULL, '2026-03-15 06:43:56', '2026-03-15 06:43:56', NULL),
(143, '1f453ec8-1fa1-4199-97c5-f4fbb79ca6bd', 6, 66, NULL, 1340, 'App\\Models\\Voting\\VoteTransaction', 'TXN-260326-VPIVQJK6', 'vote_purchase', 40000.00, 'KES', NULL, 'paystack', 'card', '5973358701', 'is0w35pr2y', '{\"id\":5973358701,\"domain\":\"test\",\"status\":\"success\",\"reference\":\"is0w35pr2y\",\"receipt_number\":null,\"amount\":4000000,\"message\":null,\"gateway_response\":\"Successful\",\"paid_at\":\"2026-03-26T15:52:54.000Z\",\"created_at\":\"2026-03-26T15:52:48.000Z\",\"channel\":\"card\",\"currency\":\"KES\",\"ip_address\":\"102.68.78.171\",\"metadata\":{\"vote_transaction_id\":\"1340\",\"nominee_id\":\"635\",\"event_slug\":\"mema-gala-2026\",\"bundle_id\":\"\",\"vote_count\":\"400\",\"type\":\"vote_bundle\",\"referrer\":\"http:\\/\\/localhost\\/\"},\"log\":{\"start_time\":1774540389,\"time_spent\":5,\"attempts\":1,\"errors\":0,\"success\":true,\"mobile\":false,\"input\":[],\"history\":[{\"type\":\"action\",\"message\":\"Attempted to pay with card\",\"time\":3},{\"type\":\"success\",\"message\":\"Successfully paid with card\",\"time\":5}]},\"fees\":116000,\"fees_split\":null,\"authorization\":{\"authorization_code\":\"AUTH_toh38ux3ra\",\"bin\":\"408408\",\"last4\":\"4081\",\"exp_month\":\"12\",\"exp_year\":\"2030\",\"channel\":\"card\",\"card_type\":\"visa \",\"bank\":\"TEST BANK\",\"country_code\":\"KE\",\"brand\":\"visa\",\"reusable\":true,\"signature\":\"SIG_AIo4OkJpP8MTSfhkghzN\",\"account_name\":null,\"receiver_bank_account_number\":null,\"receiver_bank\":null},\"customer\":{\"id\":347125964,\"first_name\":null,\"last_name\":null,\"email\":\"ngumbaujoshua04@gmail.com\",\"customer_code\":\"CUS_tyhnjonux1augqt\",\"phone\":null,\"metadata\":null,\"risk_action\":\"default\",\"international_format_phone\":null},\"plan\":null,\"split\":[],\"order_id\":null,\"paidAt\":\"2026-03-26T15:52:54.000Z\",\"createdAt\":\"2026-03-26T15:52:48.000Z\",\"requested_amount\":4000000,\"pos_transaction_data\":null,\"source\":null,\"fees_breakdown\":null,\"connect\":null,\"transaction_date\":\"2026-03-26T15:52:48.000Z\",\"plan_object\":[],\"subaccount\":[]}', 'completed', 'Vote bundle: 400 votes', NULL, NULL, NULL, '2026-03-26 12:53:15', NULL, NULL, '2026-03-26 12:53:15', '2026-03-26 12:53:15', NULL),
(144, 'a1177461-7899-4504-8aec-96e83ec9fb9a', 6, 66, NULL, 1341, 'App\\Models\\Voting\\VoteTransaction', 'TXN-260326-W5IYSEQL', 'vote_purchase', 30000.00, 'KES', NULL, 'paystack', 'mobile_money', '5973360423', 'v8oqm13dzv', '{\"id\":5973360423,\"domain\":\"test\",\"status\":\"success\",\"reference\":\"v8oqm13dzv\",\"receipt_number\":\"10101\",\"amount\":3000000,\"message\":null,\"gateway_response\":\"Approved\",\"paid_at\":\"2026-03-26T15:53:37.000Z\",\"created_at\":\"2026-03-26T15:53:34.000Z\",\"channel\":\"mobile_money\",\"currency\":\"KES\",\"ip_address\":\"102.68.78.171\",\"metadata\":{\"vote_transaction_id\":\"1341\",\"nominee_id\":\"636\",\"event_slug\":\"mema-gala-2026\",\"bundle_id\":\"75\",\"vote_count\":\"500\",\"type\":\"vote_bundle\",\"referrer\":\"http:\\/\\/localhost\\/\"},\"log\":{\"start_time\":1774540435,\"time_spent\":1,\"attempts\":1,\"errors\":0,\"success\":false,\"mobile\":false,\"input\":[],\"history\":[{\"type\":\"action\",\"message\":\"Attempted to pay with mobile money\",\"time\":1}]},\"fees\":45000,\"fees_split\":null,\"authorization\":{\"authorization_code\":\"AUTH_ig3tczhik9\",\"bin\":\"071XXX\",\"last4\":\"X000\",\"exp_month\":\"12\",\"exp_year\":\"9999\",\"channel\":\"mobile_money\",\"card_type\":\"\",\"bank\":\"M-PESA\",\"country_code\":\"KE\",\"brand\":\"M-pesa\",\"reusable\":false,\"signature\":null,\"account_name\":null,\"mobile_money_number\":\"0710000000\",\"receiver_bank_account_number\":null,\"receiver_bank\":null},\"customer\":{\"id\":347125964,\"first_name\":null,\"last_name\":null,\"email\":\"ngumbaujoshua04@gmail.com\",\"customer_code\":\"CUS_tyhnjonux1augqt\",\"phone\":null,\"metadata\":null,\"risk_action\":\"default\",\"international_format_phone\":null},\"plan\":null,\"split\":[],\"order_id\":null,\"paidAt\":\"2026-03-26T15:53:37.000Z\",\"createdAt\":\"2026-03-26T15:53:34.000Z\",\"requested_amount\":3000000,\"pos_transaction_data\":null,\"source\":null,\"fees_breakdown\":null,\"connect\":null,\"transaction_date\":\"2026-03-26T15:53:34.000Z\",\"plan_object\":[],\"subaccount\":[]}', 'completed', 'Vote bundle: 500 votes', NULL, NULL, NULL, '2026-03-26 12:54:04', NULL, NULL, '2026-03-26 12:54:04', '2026-03-26 12:54:04', NULL),
(145, '81391b9d-f6c2-4358-ab50-7fd098e18a1a', 6, 66, NULL, 5246, 'App\\Models\\Ticketing\\TicketPurchase', 'TXN-260326-WR289TIM', 'ticket_purchase', 3000.00, 'KES', NULL, 'paystack', 'card', '5973382174', 'j9gcr5zt70', '{\"id\":5973382174,\"domain\":\"test\",\"status\":\"success\",\"reference\":\"j9gcr5zt70\",\"receipt_number\":null,\"amount\":300000,\"message\":null,\"gateway_response\":\"Successful\",\"paid_at\":\"2026-03-26T16:03:02.000Z\",\"created_at\":\"2026-03-26T16:02:53.000Z\",\"channel\":\"card\",\"currency\":\"KES\",\"ip_address\":\"102.68.78.171\",\"metadata\":{\"purchase_id\":\"5246\",\"order_number\":\"ORD-NCNUZYMLQZHH\",\"event_slug\":\"mema-gala-2026\",\"type\":\"ticket_purchase\",\"referrer\":\"http:\\/\\/localhost\\/\"},\"log\":{\"start_time\":1774540997,\"time_spent\":4,\"attempts\":1,\"errors\":0,\"success\":true,\"mobile\":false,\"input\":[],\"history\":[{\"type\":\"action\",\"message\":\"Attempted to pay with card\",\"time\":3},{\"type\":\"success\",\"message\":\"Successfully paid with card\",\"time\":4}]},\"fees\":8700,\"fees_split\":null,\"authorization\":{\"authorization_code\":\"AUTH_mdwcqvj0xy\",\"bin\":\"408408\",\"last4\":\"4081\",\"exp_month\":\"12\",\"exp_year\":\"2030\",\"channel\":\"card\",\"card_type\":\"visa \",\"bank\":\"TEST BANK\",\"country_code\":\"KE\",\"brand\":\"visa\",\"reusable\":true,\"signature\":\"SIG_AIo4OkJpP8MTSfhkghzN\",\"account_name\":null,\"receiver_bank_account_number\":null,\"receiver_bank\":null},\"customer\":{\"id\":347125964,\"first_name\":null,\"last_name\":null,\"email\":\"ngumbaujoshua04@gmail.com\",\"customer_code\":\"CUS_tyhnjonux1augqt\",\"phone\":null,\"metadata\":null,\"risk_action\":\"default\",\"international_format_phone\":null},\"plan\":null,\"split\":[],\"order_id\":null,\"paidAt\":\"2026-03-26T16:03:02.000Z\",\"createdAt\":\"2026-03-26T16:02:53.000Z\",\"requested_amount\":300000,\"pos_transaction_data\":null,\"source\":null,\"fees_breakdown\":null,\"connect\":null,\"transaction_date\":\"2026-03-26T16:02:53.000Z\",\"plan_object\":[],\"subaccount\":[]}', 'completed', 'Ticket purchase: ORD-NCNUZYMLQZHH', NULL, NULL, NULL, '2026-03-26 13:03:23', NULL, NULL, '2026-03-26 13:03:23', '2026-03-26 13:03:23', NULL),
(146, '4f5ea68f-6003-44bc-8157-808490d219a0', 6, 66, NULL, 5247, 'App\\Models\\Ticketing\\TicketPurchase', 'TXN-260326-O7GSUGFG', 'ticket_purchase', 3000.00, 'KES', NULL, 'paystack', 'mobile_money', '5974030827', 'qvm0r6vrce', '{\"id\":5974030827,\"domain\":\"test\",\"status\":\"success\",\"reference\":\"qvm0r6vrce\",\"receipt_number\":\"10101\",\"amount\":300000,\"message\":null,\"gateway_response\":\"Approved\",\"paid_at\":\"2026-03-26T20:10:53.000Z\",\"created_at\":\"2026-03-26T20:10:48.000Z\",\"channel\":\"mobile_money\",\"currency\":\"KES\",\"ip_address\":\"102.68.78.171\",\"metadata\":{\"purchase_id\":\"5247\",\"order_number\":\"ORD-TNGNXW6TX1BD\",\"event_slug\":\"mema-gala-2026\",\"type\":\"ticket_purchase\",\"referrer\":\"http:\\/\\/localhost\\/\"},\"log\":{\"start_time\":1774555869,\"time_spent\":1,\"attempts\":1,\"errors\":0,\"success\":false,\"mobile\":false,\"input\":[],\"history\":[{\"type\":\"action\",\"message\":\"Attempted to pay with mobile money\",\"time\":1}]},\"fees\":4500,\"fees_split\":null,\"authorization\":{\"authorization_code\":\"AUTH_tbmj2usg8t\",\"bin\":\"071XXX\",\"last4\":\"X000\",\"exp_month\":\"12\",\"exp_year\":\"9999\",\"channel\":\"mobile_money\",\"card_type\":\"\",\"bank\":\"M-PESA\",\"country_code\":\"KE\",\"brand\":\"M-pesa\",\"reusable\":false,\"signature\":null,\"account_name\":null,\"mobile_money_number\":\"0710000000\",\"receiver_bank_account_number\":null,\"receiver_bank\":null},\"customer\":{\"id\":347125964,\"first_name\":null,\"last_name\":null,\"email\":\"ngumbaujoshua04@gmail.com\",\"customer_code\":\"CUS_tyhnjonux1augqt\",\"phone\":null,\"metadata\":null,\"risk_action\":\"default\",\"international_format_phone\":null},\"plan\":null,\"split\":[],\"order_id\":null,\"paidAt\":\"2026-03-26T20:10:53.000Z\",\"createdAt\":\"2026-03-26T20:10:48.000Z\",\"requested_amount\":300000,\"pos_transaction_data\":null,\"source\":null,\"fees_breakdown\":null,\"connect\":null,\"transaction_date\":\"2026-03-26T20:10:48.000Z\",\"plan_object\":[],\"subaccount\":[]}', 'completed', 'Ticket purchase: ORD-TNGNXW6TX1BD', NULL, NULL, NULL, '2026-03-26 17:11:19', NULL, NULL, '2026-03-26 17:11:19', '2026-03-26 17:11:19', NULL),
(147, 'a3f42796-410c-4ec7-ac81-c7ec27b74651', 6, 66, NULL, 5248, 'App\\Models\\Ticketing\\TicketPurchase', 'TXN-260326-OSHM7PEH', 'ticket_purchase', 1000.00, 'KES', NULL, 'paystack', 'mobile_money', '5974153639', 'h2j443r3pi', '{\"id\":5974153639,\"domain\":\"test\",\"status\":\"success\",\"reference\":\"h2j443r3pi\",\"receipt_number\":\"10101\",\"amount\":100000,\"message\":null,\"gateway_response\":\"Approved\",\"paid_at\":\"2026-03-26T21:06:08.000Z\",\"created_at\":\"2026-03-26T21:06:01.000Z\",\"channel\":\"mobile_money\",\"currency\":\"KES\",\"ip_address\":\"102.68.78.171\",\"metadata\":{\"purchase_id\":\"5248\",\"order_number\":\"ORD-MQHLAXHPPI6H\",\"event_slug\":\"mema-gala-2026\",\"type\":\"ticket_purchase\",\"referrer\":\"http:\\/\\/localhost\\/\"},\"log\":{\"start_time\":1774559182,\"time_spent\":2,\"attempts\":1,\"errors\":0,\"success\":false,\"mobile\":false,\"input\":[],\"history\":[{\"type\":\"action\",\"message\":\"Attempted to pay with mobile money\",\"time\":2}]},\"fees\":1500,\"fees_split\":null,\"authorization\":{\"authorization_code\":\"AUTH_ivkjdvkhkj\",\"bin\":\"071XXX\",\"last4\":\"X000\",\"exp_month\":\"12\",\"exp_year\":\"9999\",\"channel\":\"mobile_money\",\"card_type\":\"\",\"bank\":\"M-PESA\",\"country_code\":\"KE\",\"brand\":\"M-pesa\",\"reusable\":false,\"signature\":null,\"account_name\":null,\"mobile_money_number\":\"0710000000\",\"receiver_bank_account_number\":null,\"receiver_bank\":null},\"customer\":{\"id\":347125964,\"first_name\":null,\"last_name\":null,\"email\":\"ngumbaujoshua04@gmail.com\",\"customer_code\":\"CUS_tyhnjonux1augqt\",\"phone\":null,\"metadata\":null,\"risk_action\":\"default\",\"international_format_phone\":null},\"plan\":null,\"split\":[],\"order_id\":null,\"paidAt\":\"2026-03-26T21:06:08.000Z\",\"createdAt\":\"2026-03-26T21:06:01.000Z\",\"requested_amount\":100000,\"pos_transaction_data\":null,\"source\":null,\"fees_breakdown\":null,\"connect\":null,\"transaction_date\":\"2026-03-26T21:06:01.000Z\",\"plan_object\":[],\"subaccount\":[]}', 'completed', 'Ticket purchase: ORD-MQHLAXHPPI6H', NULL, NULL, NULL, '2026-03-26 18:06:43', NULL, NULL, '2026-03-26 18:06:43', '2026-03-26 18:06:43', NULL),
(148, '3cf485c9-6115-447c-975a-5c71184e1a39', 6, 66, NULL, 1342, 'App\\Models\\Voting\\VoteTransaction', 'TXN-260326-R32H5KK7', 'vote_purchase', 900.00, 'KES', NULL, 'paystack', 'mobile_money', '5974165368', 'gni7vzxora', '{\"id\":5974165368,\"domain\":\"test\",\"status\":\"success\",\"reference\":\"gni7vzxora\",\"receipt_number\":\"10101\",\"amount\":90000,\"message\":null,\"gateway_response\":\"Approved\",\"paid_at\":\"2026-03-26T21:09:48.000Z\",\"created_at\":\"2026-03-26T21:09:42.000Z\",\"channel\":\"mobile_money\",\"currency\":\"KES\",\"ip_address\":\"102.68.78.171\",\"metadata\":{\"vote_transaction_id\":\"1342\",\"nominee_id\":\"635\",\"event_slug\":\"mema-gala-2026\",\"bundle_id\":\"72\",\"vote_count\":\"10\",\"type\":\"vote_bundle\",\"referrer\":\"http:\\/\\/localhost\\/\"},\"log\":{\"start_time\":1774559401,\"time_spent\":4,\"attempts\":1,\"errors\":0,\"success\":false,\"mobile\":true,\"input\":[],\"history\":[{\"type\":\"action\",\"message\":\"Set payment method to: atl_ke\",\"time\":3},{\"type\":\"action\",\"message\":\"Attempted to pay with mobile money\",\"time\":4}]},\"fees\":1350,\"fees_split\":null,\"authorization\":{\"authorization_code\":\"AUTH_odet4pw299\",\"bin\":\"071XXX\",\"last4\":\"X000\",\"exp_month\":\"12\",\"exp_year\":\"9999\",\"channel\":\"mobile_money\",\"card_type\":\"\",\"bank\":\"Airtel Kenya\",\"country_code\":\"KE\",\"brand\":\"Airtel kenya\",\"reusable\":false,\"signature\":null,\"account_name\":null,\"mobile_money_number\":\"0710000000\",\"receiver_bank_account_number\":null,\"receiver_bank\":null},\"customer\":{\"id\":347125964,\"first_name\":null,\"last_name\":null,\"email\":\"ngumbaujoshua04@gmail.com\",\"customer_code\":\"CUS_tyhnjonux1augqt\",\"phone\":null,\"metadata\":null,\"risk_action\":\"default\",\"international_format_phone\":null},\"plan\":null,\"split\":[],\"order_id\":null,\"paidAt\":\"2026-03-26T21:09:48.000Z\",\"createdAt\":\"2026-03-26T21:09:42.000Z\",\"requested_amount\":90000,\"pos_transaction_data\":null,\"source\":null,\"fees_breakdown\":null,\"connect\":null,\"transaction_date\":\"2026-03-26T21:09:42.000Z\",\"plan_object\":[],\"subaccount\":[]}', 'completed', 'Vote bundle: 10 votes', NULL, NULL, NULL, '2026-03-26 18:10:13', NULL, NULL, '2026-03-26 18:10:13', '2026-03-26 18:10:13', NULL),
(149, 'b34f5183-5ace-46e5-aa49-78a1b33602a5', 6, 66, NULL, 5249, 'App\\Models\\Ticketing\\TicketPurchase', 'TXN-260326-QQZHYCYE', 'ticket_purchase', 1000.00, 'KES', NULL, 'paystack', 'mobile_money', '5974188817', 'oc0jf3vbai', '{\"id\":5974188817,\"domain\":\"test\",\"status\":\"success\",\"reference\":\"oc0jf3vbai\",\"receipt_number\":\"10101\",\"amount\":100000,\"message\":null,\"gateway_response\":\"Approved\",\"paid_at\":\"2026-03-26T21:22:01.000Z\",\"created_at\":\"2026-03-26T21:21:57.000Z\",\"channel\":\"mobile_money\",\"currency\":\"KES\",\"ip_address\":\"102.68.78.171\",\"metadata\":{\"purchase_id\":\"5249\",\"order_number\":\"ORD-VDE6AI2ARZAD\",\"event_slug\":\"mema-gala-2026\",\"type\":\"ticket_purchase\",\"referrer\":\"http:\\/\\/localhost\\/\"},\"log\":{\"start_time\":1774560136,\"time_spent\":1,\"attempts\":1,\"errors\":0,\"success\":false,\"mobile\":false,\"input\":[],\"history\":[{\"type\":\"action\",\"message\":\"Attempted to pay with mobile money\",\"time\":1}]},\"fees\":1500,\"fees_split\":null,\"authorization\":{\"authorization_code\":\"AUTH_k92d85gvfk\",\"bin\":\"071XXX\",\"last4\":\"X000\",\"exp_month\":\"12\",\"exp_year\":\"9999\",\"channel\":\"mobile_money\",\"card_type\":\"\",\"bank\":\"Airtel Kenya\",\"country_code\":\"KE\",\"brand\":\"Airtel kenya\",\"reusable\":false,\"signature\":null,\"account_name\":null,\"mobile_money_number\":\"0710000000\",\"receiver_bank_account_number\":null,\"receiver_bank\":null},\"customer\":{\"id\":347125964,\"first_name\":null,\"last_name\":null,\"email\":\"ngumbaujoshua04@gmail.com\",\"customer_code\":\"CUS_tyhnjonux1augqt\",\"phone\":null,\"metadata\":null,\"risk_action\":\"default\",\"international_format_phone\":null},\"plan\":null,\"split\":[],\"order_id\":null,\"paidAt\":\"2026-03-26T21:22:01.000Z\",\"createdAt\":\"2026-03-26T21:21:57.000Z\",\"requested_amount\":100000,\"pos_transaction_data\":null,\"source\":null,\"fees_breakdown\":null,\"connect\":null,\"transaction_date\":\"2026-03-26T21:21:57.000Z\",\"plan_object\":[],\"subaccount\":[]}', 'completed', 'Ticket purchase: ORD-VDE6AI2ARZAD', NULL, NULL, NULL, '2026-03-26 18:22:36', NULL, NULL, '2026-03-26 18:22:36', '2026-03-26 18:22:36', NULL),
(150, '88d8078d-c47a-468e-9dea-310294753639', 6, 66, NULL, 5250, 'App\\Models\\Ticketing\\TicketPurchase', 'TXN-260326-TRYBO4X9', 'ticket_purchase', 1000.00, 'KES', NULL, 'paystack', 'mobile_money', '5974202059', '5rdfupvf2c', '{\"id\":5974202059,\"domain\":\"test\",\"status\":\"success\",\"reference\":\"5rdfupvf2c\",\"receipt_number\":\"10101\",\"amount\":100000,\"message\":null,\"gateway_response\":\"Approved\",\"paid_at\":\"2026-03-26T21:30:16.000Z\",\"created_at\":\"2026-03-26T21:30:10.000Z\",\"channel\":\"mobile_money\",\"currency\":\"KES\",\"ip_address\":\"102.68.78.171\",\"metadata\":{\"purchase_id\":\"5250\",\"order_number\":\"ORD-IEQBTEKLSG6F\",\"event_slug\":\"mema-gala-2026\",\"type\":\"ticket_purchase\",\"referrer\":\"http:\\/\\/localhost\\/\"},\"log\":{\"start_time\":1774560630,\"time_spent\":2,\"attempts\":1,\"errors\":0,\"success\":false,\"mobile\":false,\"input\":[],\"history\":[{\"type\":\"action\",\"message\":\"Attempted to pay with mobile money\",\"time\":2}]},\"fees\":1500,\"fees_split\":null,\"authorization\":{\"authorization_code\":\"AUTH_gwdfhn4bli\",\"bin\":\"071XXX\",\"last4\":\"X000\",\"exp_month\":\"12\",\"exp_year\":\"9999\",\"channel\":\"mobile_money\",\"card_type\":\"\",\"bank\":\"Airtel Kenya\",\"country_code\":\"KE\",\"brand\":\"Airtel kenya\",\"reusable\":false,\"signature\":null,\"account_name\":null,\"mobile_money_number\":\"0710000000\",\"receiver_bank_account_number\":null,\"receiver_bank\":null},\"customer\":{\"id\":347125964,\"first_name\":null,\"last_name\":null,\"email\":\"ngumbaujoshua04@gmail.com\",\"customer_code\":\"CUS_tyhnjonux1augqt\",\"phone\":null,\"metadata\":null,\"risk_action\":\"default\",\"international_format_phone\":null},\"plan\":null,\"split\":[],\"order_id\":null,\"paidAt\":\"2026-03-26T21:30:16.000Z\",\"createdAt\":\"2026-03-26T21:30:10.000Z\",\"requested_amount\":100000,\"pos_transaction_data\":null,\"source\":null,\"fees_breakdown\":null,\"connect\":null,\"transaction_date\":\"2026-03-26T21:30:10.000Z\",\"plan_object\":[],\"subaccount\":[]}', 'completed', 'Ticket purchase: ORD-IEQBTEKLSG6F', NULL, NULL, NULL, '2026-03-26 18:30:45', NULL, NULL, '2026-03-26 18:30:45', '2026-03-26 18:30:45', NULL),
(151, '840e5348-8682-4ba3-96b3-d56fa3f0ff20', 6, 66, NULL, 5251, 'App\\Models\\Ticketing\\TicketPurchase', 'TXN-260326-GEB6TRCO', 'ticket_purchase', 5000.00, 'KES', NULL, 'paystack', 'mobile_money', '5974213431', 'v8iig7pmbv', '{\"id\":5974213431,\"domain\":\"test\",\"status\":\"success\",\"reference\":\"v8iig7pmbv\",\"receipt_number\":\"10101\",\"amount\":500000,\"message\":null,\"gateway_response\":\"Approved\",\"paid_at\":\"2026-03-26T21:34:58.000Z\",\"created_at\":\"2026-03-26T21:34:54.000Z\",\"channel\":\"mobile_money\",\"currency\":\"KES\",\"ip_address\":\"102.68.78.171\",\"metadata\":{\"purchase_id\":\"5251\",\"order_number\":\"ORD-75BALRAZ1UAF\",\"event_slug\":\"mema-gala-2026\",\"type\":\"ticket_purchase\",\"referrer\":\"http:\\/\\/localhost\\/\"},\"log\":{\"start_time\":1774560913,\"time_spent\":1,\"attempts\":1,\"errors\":0,\"success\":false,\"mobile\":false,\"input\":[],\"history\":[{\"type\":\"action\",\"message\":\"Attempted to pay with mobile money\",\"time\":1}]},\"fees\":7500,\"fees_split\":null,\"authorization\":{\"authorization_code\":\"AUTH_9dxgzaavk9\",\"bin\":\"071XXX\",\"last4\":\"X000\",\"exp_month\":\"12\",\"exp_year\":\"9999\",\"channel\":\"mobile_money\",\"card_type\":\"\",\"bank\":\"Airtel Kenya\",\"country_code\":\"KE\",\"brand\":\"Airtel kenya\",\"reusable\":false,\"signature\":null,\"account_name\":null,\"mobile_money_number\":\"0710000000\",\"receiver_bank_account_number\":null,\"receiver_bank\":null},\"customer\":{\"id\":347125964,\"first_name\":null,\"last_name\":null,\"email\":\"ngumbaujoshua04@gmail.com\",\"customer_code\":\"CUS_tyhnjonux1augqt\",\"phone\":null,\"metadata\":null,\"risk_action\":\"default\",\"international_format_phone\":null},\"plan\":null,\"split\":[],\"order_id\":null,\"paidAt\":\"2026-03-26T21:34:58.000Z\",\"createdAt\":\"2026-03-26T21:34:54.000Z\",\"requested_amount\":500000,\"pos_transaction_data\":null,\"source\":null,\"fees_breakdown\":null,\"connect\":null,\"transaction_date\":\"2026-03-26T21:34:54.000Z\",\"plan_object\":[],\"subaccount\":[]}', 'completed', 'Ticket purchase: ORD-75BALRAZ1UAF', NULL, NULL, NULL, '2026-03-26 18:35:26', NULL, NULL, '2026-03-26 18:35:26', '2026-03-26 18:35:26', NULL),
(152, '9e41c870-825f-40a4-b5d2-5c7e866ba0ea', 6, 66, NULL, 5252, 'App\\Models\\Ticketing\\TicketPurchase', 'TXN-260326-JLZ0JUZC', 'ticket_purchase', 2000.00, 'KES', NULL, 'paystack', 'card', '5974234259', '56qs6g6rvv', '{\"id\":5974234259,\"domain\":\"test\",\"status\":\"success\",\"reference\":\"56qs6g6rvv\",\"receipt_number\":null,\"amount\":200000,\"message\":null,\"gateway_response\":\"Successful\",\"paid_at\":\"2026-03-26T21:42:29.000Z\",\"created_at\":\"2026-03-26T21:42:07.000Z\",\"channel\":\"card\",\"currency\":\"KES\",\"ip_address\":\"102.68.78.171\",\"metadata\":{\"purchase_id\":\"5252\",\"order_number\":\"ORD-7M3GVXXLSXEO\",\"event_slug\":\"mema-gala-2026\",\"type\":\"ticket_purchase\",\"referrer\":\"http:\\/\\/localhost\\/\"},\"log\":{\"start_time\":1774561349,\"time_spent\":17,\"attempts\":1,\"errors\":0,\"success\":true,\"mobile\":false,\"input\":[],\"history\":[{\"type\":\"action\",\"message\":\"Attempted to pay with card\",\"time\":16},{\"type\":\"success\",\"message\":\"Successfully paid with card\",\"time\":17}]},\"fees\":5800,\"fees_split\":null,\"authorization\":{\"authorization_code\":\"AUTH_3frltmt5gd\",\"bin\":\"408408\",\"last4\":\"4081\",\"exp_month\":\"12\",\"exp_year\":\"2030\",\"channel\":\"card\",\"card_type\":\"visa \",\"bank\":\"TEST BANK\",\"country_code\":\"KE\",\"brand\":\"visa\",\"reusable\":true,\"signature\":\"SIG_AIo4OkJpP8MTSfhkghzN\",\"account_name\":null,\"receiver_bank_account_number\":null,\"receiver_bank\":null},\"customer\":{\"id\":347125964,\"first_name\":null,\"last_name\":null,\"email\":\"ngumbaujoshua04@gmail.com\",\"customer_code\":\"CUS_tyhnjonux1augqt\",\"phone\":null,\"metadata\":null,\"risk_action\":\"default\",\"international_format_phone\":null},\"plan\":null,\"split\":[],\"order_id\":null,\"paidAt\":\"2026-03-26T21:42:29.000Z\",\"createdAt\":\"2026-03-26T21:42:07.000Z\",\"requested_amount\":200000,\"pos_transaction_data\":null,\"source\":null,\"fees_breakdown\":null,\"connect\":null,\"transaction_date\":\"2026-03-26T21:42:07.000Z\",\"plan_object\":[],\"subaccount\":[]}', 'completed', 'Ticket purchase: ORD-7M3GVXXLSXEO', NULL, NULL, NULL, '2026-03-26 18:42:51', NULL, NULL, '2026-03-26 18:42:51', '2026-03-26 18:42:51', NULL);

-- --------------------------------------------------------

--
-- Table structure for table `two_factor_tokens`
--

CREATE TABLE `two_factor_tokens` (
  `id` bigint UNSIGNED NOT NULL,
  `user_id` bigint UNSIGNED NOT NULL,
  `token` varchar(6) COLLATE utf8mb4_unicode_ci NOT NULL,
  `expires_at` timestamp NOT NULL,
  `is_used` tinyint(1) NOT NULL DEFAULT '0',
  `ip_address` varchar(45) COLLATE utf8mb4_unicode_ci DEFAULT NULL,
  `created_at` timestamp NULL DEFAULT NULL,
  `updated_at` timestamp NULL DEFAULT NULL
) ENGINE=InnoDB DEFAULT CHARSET=utf8mb4 COLLATE=utf8mb4_unicode_ci;

--
-- Dumping data for table `two_factor_tokens`
--

INSERT INTO `two_factor_tokens` (`id`, `user_id`, `token`, `expires_at`, `is_used`, `ip_address`, `created_at`, `updated_at`) VALUES
(1, 1, '103503', '2026-02-12 09:31:44', 1, '127.0.0.1', '2026-02-12 09:26:44', '2026-02-12 09:29:27'),
(2, 1, '906145', '2026-02-12 09:34:27', 0, '127.0.0.1', '2026-02-12 09:29:27', '2026-02-12 09:29:27'),
(3, 7, '602807', '2026-03-04 10:49:42', 1, '127.0.0.1', '2026-03-04 10:44:42', '2026-03-04 10:45:10'),
(4, 12, '452994', '2026-03-15 07:59:39', 1, '127.0.0.1', '2026-03-15 07:54:39', '2026-03-15 07:55:12');

-- --------------------------------------------------------

--
-- Table structure for table `users`
--

CREATE TABLE `users` (
  `id` bigint UNSIGNED NOT NULL,
  `client_id` bigint UNSIGNED DEFAULT NULL,
  `invited_by` bigint UNSIGNED DEFAULT NULL,
  `name` varchar(255) COLLATE utf8mb4_unicode_ci NOT NULL,
  `email` varchar(255) COLLATE utf8mb4_unicode_ci NOT NULL,
  `email_verified_at` timestamp NULL DEFAULT NULL,
  `invitation_accepted_at` timestamp NULL DEFAULT NULL,
  `password` varchar(255) COLLATE utf8mb4_unicode_ci NOT NULL,
  `phone` varchar(255) COLLATE utf8mb4_unicode_ci DEFAULT NULL,
  `avatar` varchar(255) COLLATE utf8mb4_unicode_ci DEFAULT NULL,
  `is_active` tinyint(1) NOT NULL DEFAULT '1',
  `last_login_at` timestamp NULL DEFAULT NULL,
  `remember_token` varchar(100) COLLATE utf8mb4_unicode_ci DEFAULT NULL,
  `created_at` timestamp NULL DEFAULT NULL,
  `updated_at` timestamp NULL DEFAULT NULL,
  `deleted_at` timestamp NULL DEFAULT NULL
) ENGINE=InnoDB DEFAULT CHARSET=utf8mb4 COLLATE=utf8mb4_unicode_ci;

--
-- Dumping data for table `users`
--

INSERT INTO `users` (`id`, `client_id`, `invited_by`, `name`, `email`, `email_verified_at`, `invitation_accepted_at`, `password`, `phone`, `avatar`, `is_active`, `last_login_at`, `remember_token`, `created_at`, `updated_at`, `deleted_at`) VALUES
(1, NULL, NULL, 'Super Admin', 'admin@tuqiohub.com', '2026-02-12 09:32:30', NULL, '$2y$12$8wW336/eDqhYjncxuqNmpexC/EnNWKhzWxh6ku47wJObRM64rS3OW', '+254700000000', NULL, 1, '2026-03-27 04:27:53', '48zyZtapDa7IlbemkX04Vr2TauOf041T1C28e2wAracNJG2l6dckTVmtWANU', '2026-02-12 09:06:47', '2026-03-27 04:27:53', NULL),
(2, 1, NULL, 'Demo Admin', 'demo.admin@tuqiohub.com', '2026-02-12 09:06:47', NULL, '$2y$12$Zifo.5UYNzMken5PPoP0xOuOPl491jhrb/jutPC4gIRCRMv683QSi', '+254700000010', NULL, 1, NULL, NULL, '2026-02-12 09:06:47', '2026-02-12 09:06:47', NULL),
(3, 1, NULL, 'Demo Event Manager', 'events@tuqiohub.com', '2026-02-12 09:06:47', NULL, '$2y$12$oCuECl8AOIoy8qWIhoi5Q.T38f5mDwTBbTbdnPM6jCrwWGwhkHT3G', '+254700000011', NULL, 1, NULL, NULL, '2026-02-12 09:06:47', '2026-02-12 09:06:47', NULL),
(4, 2, NULL, 'Tech Admin', 'admin@techeventskenya.com', '2026-02-12 09:06:47', NULL, '$2y$12$cGyvzBU2j0B6qOtsGoSLRugfYZvA8rT.dHcctqkv9G6sL5/21WlfW', '+254700000020', NULL, 1, NULL, NULL, '2026-02-12 09:06:47', '2026-02-12 09:06:47', NULL),
(5, 3, NULL, 'Voting Admin', 'admin@communityvoting.org', '2026-02-12 09:06:48', NULL, '$2y$12$rrXF0MlJtu8KmI0uGUOW4OwQ3XDgiQMChwOZK4vFjsVvB/qm4t35O', '+254700000030', NULL, 1, NULL, NULL, '2026-02-12 09:06:48', '2026-02-12 09:06:48', NULL),
(6, 3, NULL, 'Voting Manager', 'voting@communityvoting.org', '2026-02-12 09:06:48', NULL, '$2y$12$4tI25PcJFf61jqUF6FBPVe.9YBM8BjZQu93cDshU92HEFZuXrxori', '+254700000031', NULL, 1, NULL, NULL, '2026-02-12 09:06:48', '2026-02-12 09:06:48', NULL),
(7, 1, NULL, 'Joshua Ngumbau John', 'ngumbaujohn05@gmail.com', '2026-03-04 10:46:11', NULL, '$2y$12$/VITuVe5cg95nNjTvDW62O6bxYRRaA4I9YayO.gwKXGcbM4qBJa5a', '+254757140682', NULL, 1, '2026-03-05 02:43:26', NULL, '2026-03-04 10:44:18', '2026-03-05 02:43:26', NULL),
(8, 6, NULL, 'Ngumbau John', 'ngumbaujoshua04@gmail.com', '2026-03-04 10:58:01', NULL, '$2y$12$EHv10Fcyl/Lx59/X6o3VYu/CmDuaGzgbIi0WA4TrTvF4EnwNSz47q', '0757140682', NULL, 1, '2026-03-27 04:57:24', 'yg5YyBNVPUnheoT2tapSfODsm4A9Rmi5KZr6Eze9KunGrGunHHY8rvTaqv6X', '2026-03-04 10:56:06', '2026-03-27 04:57:24', NULL),
(9, 4, NULL, 'IKWA Admin', 'admin@ikwaawards.com', NULL, NULL, '$2y$12$eWr5X4EBw8aAKo9UxHytqOghynbNPn6Rgvs8cSa4H6qkQej6a3esS', NULL, NULL, 1, NULL, NULL, '2026-03-10 05:30:25', '2026-03-10 05:30:25', NULL),
(10, 4, NULL, 'IKWA Event Manager', 'events@ikwaawards.com', NULL, NULL, '$2y$12$UPgNATcGkE.NyCEm2a1w7.pqlvOzzP/J4aBtszbvDvw0CZeYow4qa', NULL, NULL, 1, NULL, NULL, '2026-03-10 05:30:26', '2026-03-10 05:30:26', NULL),
(11, 5, NULL, 'joshua events', 'makuenidfcs@gmail.com', '2026-03-13 05:43:10', NULL, '$2y$12$1nMOe2lRjCalNVzGB9PWcuLsdQrtQfCN4Usf6HRLa5LMetVsoecnu', '0757140682', NULL, 1, NULL, NULL, '2026-03-13 05:42:12', '2026-03-13 05:43:35', NULL),
(12, 4, NULL, 'cythia cherono', 'cynthiacherono89@gmail.com', '2026-03-15 07:53:01', NULL, '$2y$12$HGrZnQQoRZcG0sMMzZvtgeixI2ZjdYfejVfCy8gk18BbPLIOY2.7q', '+254757140682', NULL, 1, '2026-03-15 09:59:59', '4CXyMNJGbcthFeZAoYWukMDlse8AFQsIBS5aAZCFbaTDxPNscv20K1v3sfUz', '2026-03-13 06:00:31', '2026-03-15 09:59:59', NULL),
(13, 6, NULL, 'MEMA Admin', 'ngumbaujoshua4@gmail.com', NULL, NULL, '$2y$12$afL1ubheV7GrmRBqJ4H8iOaG5GTiZLjiCY2ng5MZn50mNVPqSuwtu', NULL, NULL, 1, NULL, NULL, '2026-03-16 06:37:31', '2026-03-16 06:37:31', NULL);

-- --------------------------------------------------------

--
-- Table structure for table `votes`
--

CREATE TABLE `votes` (
  `id` bigint UNSIGNED NOT NULL,
  `uuid` char(36) COLLATE utf8mb4_unicode_ci NOT NULL,
  `client_id` bigint UNSIGNED NOT NULL,
  `event_id` bigint UNSIGNED NOT NULL,
  `category_id` bigint UNSIGNED NOT NULL,
  `nominee_id` bigint UNSIGNED NOT NULL,
  `transaction_id` bigint UNSIGNED NOT NULL,
  `voter_id` bigint UNSIGNED DEFAULT NULL,
  `voter_phone` varchar(20) COLLATE utf8mb4_unicode_ci DEFAULT NULL,
  `voter_email` varchar(255) COLLATE utf8mb4_unicode_ci DEFAULT NULL,
  `voter_name` varchar(200) COLLATE utf8mb4_unicode_ci DEFAULT NULL,
  `vote_count` int UNSIGNED NOT NULL DEFAULT '1',
  `amount` decimal(12,2) NOT NULL,
  `source` enum('web','ussd','sms','app','admin') COLLATE utf8mb4_unicode_ci NOT NULL DEFAULT 'web',
  `ip_address` varchar(45) COLLATE utf8mb4_unicode_ci DEFAULT NULL,
  `user_agent` text COLLATE utf8mb4_unicode_ci,
  `is_valid` tinyint(1) NOT NULL DEFAULT '1',
  `invalidated_at` timestamp NULL DEFAULT NULL,
  `invalidation_reason` varchar(255) COLLATE utf8mb4_unicode_ci DEFAULT NULL,
  `meta` json DEFAULT NULL,
  `created_at` timestamp NULL DEFAULT NULL,
  `updated_at` timestamp NULL DEFAULT NULL
) ENGINE=InnoDB DEFAULT CHARSET=utf8mb4 COLLATE=utf8mb4_unicode_ci;

-- --------------------------------------------------------

--
-- Table structure for table `vote_bundles`
--

CREATE TABLE `vote_bundles` (
  `id` bigint UNSIGNED NOT NULL,
  `client_id` bigint UNSIGNED NOT NULL,
  `event_id` bigint UNSIGNED DEFAULT NULL,
  `name` varchar(100) COLLATE utf8mb4_unicode_ci NOT NULL,
  `description` text COLLATE utf8mb4_unicode_ci,
  `vote_count` int UNSIGNED NOT NULL,
  `price` decimal(12,2) NOT NULL,
  `original_price` decimal(12,2) DEFAULT NULL,
  `discount_percentage` decimal(5,2) DEFAULT NULL,
  `is_featured` tinyint(1) NOT NULL DEFAULT '0',
  `is_active` tinyint(1) NOT NULL DEFAULT '1',
  `sort_order` int NOT NULL DEFAULT '0',
  `valid_from` timestamp NULL DEFAULT NULL,
  `valid_until` timestamp NULL DEFAULT NULL,
  `max_purchases` int UNSIGNED DEFAULT NULL,
  `current_purchases` int UNSIGNED NOT NULL DEFAULT '0',
  `meta` json DEFAULT NULL,
  `created_at` timestamp NULL DEFAULT NULL,
  `updated_at` timestamp NULL DEFAULT NULL,
  `deleted_at` timestamp NULL DEFAULT NULL
) ENGINE=InnoDB DEFAULT CHARSET=utf8mb4 COLLATE=utf8mb4_unicode_ci;

--
-- Dumping data for table `vote_bundles`
--

INSERT INTO `vote_bundles` (`id`, `client_id`, `event_id`, `name`, `description`, `vote_count`, `price`, `original_price`, `discount_percentage`, `is_featured`, `is_active`, `sort_order`, `valid_from`, `valid_until`, `max_purchases`, `current_purchases`, `meta`, `created_at`, `updated_at`, `deleted_at`) VALUES
(31, 4, 55, 'Starter', 'Great way to show your support', 10, 50.00, NULL, NULL, 0, 1, 1, NULL, NULL, NULL, 0, NULL, '2026-03-06 10:00:42', '2026-03-06 10:00:42', NULL),
(32, 4, 55, 'Popular', 'Most purchased bundle', 50, 200.00, 250.00, 20.00, 1, 1, 2, NULL, NULL, NULL, 2, NULL, '2026-03-06 10:00:42', '2026-03-14 17:36:19', NULL),
(33, 4, 55, 'Premium', 'Great value for serious supporters', 100, 350.00, 500.00, 30.00, 0, 1, 3, NULL, NULL, NULL, 1, NULL, '2026-03-06 10:00:42', '2026-03-14 13:32:21', NULL),
(34, 4, 55, 'Pro', 'Power up your nominee\'s chances', 500, 1500.00, 2500.00, 40.00, 0, 1, 4, NULL, NULL, NULL, 0, NULL, '2026-03-06 10:00:42', '2026-03-06 10:00:42', NULL),
(35, 4, 55, 'Elite', 'Maximum impact for your champion', 1000, 2500.00, 5000.00, 50.00, 0, 1, 5, NULL, NULL, NULL, 6, NULL, '2026-03-06 10:00:42', '2026-03-14 13:55:24', NULL),
(46, 1, 61, 'Single Vote', NULL, 1, 10.00, NULL, 0.00, 0, 1, 1, '2026-03-11 06:06:44', '2026-04-05 07:06:44', NULL, 0, NULL, '2026-03-11 07:06:44', '2026-03-11 07:06:44', NULL),
(47, 1, 61, 'Starter', NULL, 10, 80.00, 100.00, 20.00, 0, 1, 2, '2026-03-11 06:06:44', '2026-04-05 07:06:44', NULL, 0, NULL, '2026-03-11 07:06:44', '2026-03-11 07:06:44', NULL),
(48, 1, 61, 'Popular', NULL, 50, 350.00, 500.00, 30.00, 1, 1, 3, '2026-03-11 06:06:44', '2026-04-05 07:06:44', NULL, 0, NULL, '2026-03-11 07:06:44', '2026-03-11 07:06:44', NULL),
(49, 1, 61, 'Premium', NULL, 100, 600.00, 1000.00, 40.00, 0, 1, 4, '2026-03-11 06:06:44', '2026-04-05 07:06:44', NULL, 0, NULL, '2026-03-11 07:06:44', '2026-03-11 07:06:44', NULL),
(50, 1, 61, 'Elite', NULL, 500, 2500.00, 5000.00, 50.00, 0, 1, 5, '2026-03-11 06:06:44', '2026-04-05 07:06:44', NULL, 0, NULL, '2026-03-11 07:06:44', '2026-03-11 07:06:44', NULL),
(51, 1, 62, 'Single Vote', NULL, 1, 10.00, NULL, 0.00, 0, 1, 1, '2026-03-08 07:06:47', '2026-03-22 07:06:47', NULL, 0, NULL, '2026-03-11 07:06:47', '2026-03-11 07:06:47', NULL),
(52, 1, 62, 'Starter', NULL, 10, 80.00, 100.00, 20.00, 0, 1, 2, '2026-03-08 07:06:47', '2026-03-22 07:06:47', NULL, 0, NULL, '2026-03-11 07:06:47', '2026-03-11 07:06:47', NULL),
(53, 1, 62, 'Popular', NULL, 50, 350.00, 500.00, 30.00, 1, 1, 3, '2026-03-08 07:06:47', '2026-03-22 07:06:47', NULL, 0, NULL, '2026-03-11 07:06:47', '2026-03-11 07:06:47', NULL),
(54, 1, 62, 'Premium', NULL, 100, 600.00, 1000.00, 40.00, 0, 1, 4, '2026-03-08 07:06:47', '2026-03-22 07:06:47', NULL, 0, NULL, '2026-03-11 07:06:47', '2026-03-11 07:06:47', NULL),
(55, 1, 62, 'Elite', NULL, 500, 2500.00, 5000.00, 50.00, 0, 1, 5, '2026-03-08 07:06:47', '2026-03-22 07:06:47', NULL, 0, NULL, '2026-03-11 07:06:47', '2026-03-11 07:06:47', NULL),
(71, 6, 66, 'Single Vote', 'Cast 1 vote for your favourite nominee.', 1, 100.00, 100.00, 0.00, 0, 1, 1, '2025-12-31 21:00:00', '2026-12-31 20:59:59', NULL, 0, NULL, '2026-03-26 09:20:45', '2026-03-26 09:20:45', NULL),
(72, 6, 66, 'Starter Pack', '10 votes — great for a quick show of support.', 10, 900.00, 1000.00, 10.00, 0, 1, 2, '2025-12-31 21:00:00', '2026-12-31 20:59:59', NULL, 1, NULL, '2026-03-26 09:20:45', '2026-03-26 18:10:13', NULL),
(73, 6, 66, 'Fan Pack', '50 votes — show real love for your favourite. Best value!', 50, 4000.00, 5000.00, 20.00, 1, 1, 3, '2025-12-31 21:00:00', '2026-12-31 20:59:59', NULL, 0, NULL, '2026-03-26 09:20:45', '2026-03-26 09:20:45', NULL),
(74, 6, 66, 'Super Fan', '100 votes — for the ultimate supporter.', 100, 7000.00, 10000.00, 30.00, 0, 1, 4, '2025-12-31 21:00:00', '2026-12-31 20:59:59', NULL, 0, NULL, '2026-03-26 09:20:45', '2026-03-26 09:20:45', NULL),
(75, 6, 66, 'Champion', '500 votes — dominate the leaderboard and crown your champion.', 500, 30000.00, 50000.00, 40.00, 0, 1, 5, '2025-12-31 21:00:00', '2026-12-31 20:59:59', NULL, 1, NULL, '2026-03-26 09:20:45', '2026-03-26 12:54:04', NULL);

-- --------------------------------------------------------

--
-- Table structure for table `vote_sessions`
--

CREATE TABLE `vote_sessions` (
  `id` bigint UNSIGNED NOT NULL,
  `uuid` char(36) COLLATE utf8mb4_unicode_ci NOT NULL,
  `client_id` bigint UNSIGNED NOT NULL,
  `event_id` bigint UNSIGNED NOT NULL,
  `voter_id` bigint UNSIGNED DEFAULT NULL,
  `voter_phone` varchar(20) COLLATE utf8mb4_unicode_ci DEFAULT NULL,
  `session_token` varchar(64) COLLATE utf8mb4_unicode_ci NOT NULL,
  `ip_address` varchar(45) COLLATE utf8mb4_unicode_ci DEFAULT NULL,
  `user_agent` text COLLATE utf8mb4_unicode_ci,
  `device_fingerprint` varchar(64) COLLATE utf8mb4_unicode_ci DEFAULT NULL,
  `country` varchar(100) COLLATE utf8mb4_unicode_ci DEFAULT NULL,
  `city` varchar(100) COLLATE utf8mb4_unicode_ci DEFAULT NULL,
  `total_votes` int UNSIGNED NOT NULL DEFAULT '0',
  `total_amount` decimal(12,2) NOT NULL DEFAULT '0.00',
  `last_vote_at` timestamp NULL DEFAULT NULL,
  `is_suspicious` tinyint(1) NOT NULL DEFAULT '0',
  `suspicious_reason` varchar(255) COLLATE utf8mb4_unicode_ci DEFAULT NULL,
  `is_blocked` tinyint(1) NOT NULL DEFAULT '0',
  `blocked_at` timestamp NULL DEFAULT NULL,
  `blocked_reason` varchar(255) COLLATE utf8mb4_unicode_ci DEFAULT NULL,
  `started_at` timestamp NOT NULL,
  `ended_at` timestamp NULL DEFAULT NULL,
  `created_at` timestamp NULL DEFAULT NULL,
  `updated_at` timestamp NULL DEFAULT NULL
) ENGINE=InnoDB DEFAULT CHARSET=utf8mb4 COLLATE=utf8mb4_unicode_ci;

-- --------------------------------------------------------

--
-- Table structure for table `vote_statistics`
--

CREATE TABLE `vote_statistics` (
  `id` bigint UNSIGNED NOT NULL,
  `client_id` bigint UNSIGNED NOT NULL,
  `event_id` bigint UNSIGNED NOT NULL,
  `category_id` bigint UNSIGNED DEFAULT NULL,
  `nominee_id` bigint UNSIGNED DEFAULT NULL,
  `date` date NOT NULL,
  `hour` tinyint UNSIGNED DEFAULT NULL,
  `total_votes` bigint UNSIGNED NOT NULL DEFAULT '0',
  `total_amount` decimal(15,2) NOT NULL DEFAULT '0.00',
  `unique_voters` int UNSIGNED NOT NULL DEFAULT '0',
  `web_votes` int UNSIGNED NOT NULL DEFAULT '0',
  `ussd_votes` int UNSIGNED NOT NULL DEFAULT '0',
  `sms_votes` int UNSIGNED NOT NULL DEFAULT '0',
  `app_votes` int UNSIGNED NOT NULL DEFAULT '0',
  `mpesa_transactions` int UNSIGNED NOT NULL DEFAULT '0',
  `card_transactions` int UNSIGNED NOT NULL DEFAULT '0',
  `failed_transactions` int UNSIGNED NOT NULL DEFAULT '0',
  `platform_commission` decimal(15,2) NOT NULL DEFAULT '0.00',
  `client_revenue` decimal(15,2) NOT NULL DEFAULT '0.00',
  `created_at` timestamp NULL DEFAULT NULL,
  `updated_at` timestamp NULL DEFAULT NULL
) ENGINE=InnoDB DEFAULT CHARSET=utf8mb4 COLLATE=utf8mb4_unicode_ci;

-- --------------------------------------------------------

--
-- Table structure for table `vote_transactions`
--

CREATE TABLE `vote_transactions` (
  `id` bigint UNSIGNED NOT NULL,
  `uuid` char(36) COLLATE utf8mb4_unicode_ci NOT NULL,
  `client_id` bigint UNSIGNED NOT NULL,
  `event_id` bigint UNSIGNED NOT NULL,
  `nominee_id` bigint UNSIGNED NOT NULL,
  `bundle_id` bigint UNSIGNED DEFAULT NULL,
  `voter_id` bigint UNSIGNED DEFAULT NULL,
  `voter_phone` varchar(20) COLLATE utf8mb4_unicode_ci DEFAULT NULL,
  `voter_email` varchar(255) COLLATE utf8mb4_unicode_ci DEFAULT NULL,
  `voter_name` varchar(200) COLLATE utf8mb4_unicode_ci DEFAULT NULL,
  `vote_count` int UNSIGNED NOT NULL,
  `amount` decimal(12,2) NOT NULL,
  `currency` char(3) COLLATE utf8mb4_unicode_ci NOT NULL DEFAULT 'KES',
  `payment_method` enum('mpesa','card','pesapal','flutterwave','bank','free','admin','paystack') COLLATE utf8mb4_unicode_ci NOT NULL DEFAULT 'paystack',
  `payment_status` enum('pending','processing','completed','failed','cancelled','refunded') COLLATE utf8mb4_unicode_ci NOT NULL DEFAULT 'pending',
  `mpesa_checkout_request_id` varchar(100) COLLATE utf8mb4_unicode_ci DEFAULT NULL,
  `mpesa_receipt_number` varchar(50) COLLATE utf8mb4_unicode_ci DEFAULT NULL,
  `mpesa_transaction_date` timestamp NULL DEFAULT NULL,
  `mpesa_phone_number` varchar(20) COLLATE utf8mb4_unicode_ci DEFAULT NULL,
  `payment_reference` varchar(100) COLLATE utf8mb4_unicode_ci DEFAULT NULL,
  `payment_gateway_response` json DEFAULT NULL,
  `platform_commission` decimal(12,2) NOT NULL DEFAULT '0.00',
  `client_revenue` decimal(12,2) NOT NULL DEFAULT '0.00',
  `commission_rate` decimal(5,2) NOT NULL,
  `processed_at` timestamp NULL DEFAULT NULL,
  `failed_at` timestamp NULL DEFAULT NULL,
  `failure_reason` varchar(500) COLLATE utf8mb4_unicode_ci DEFAULT NULL,
  `retry_count` tinyint UNSIGNED NOT NULL DEFAULT '0',
  `ip_address` varchar(45) COLLATE utf8mb4_unicode_ci DEFAULT NULL,
  `country` varchar(2) COLLATE utf8mb4_unicode_ci DEFAULT NULL,
  `user_agent` text COLLATE utf8mb4_unicode_ci,
  `meta` json DEFAULT NULL,
  `created_at` timestamp NULL DEFAULT NULL,
  `updated_at` timestamp NULL DEFAULT NULL
) ENGINE=InnoDB DEFAULT CHARSET=utf8mb4 COLLATE=utf8mb4_unicode_ci;

--
-- Dumping data for table `vote_transactions`
--

INSERT INTO `vote_transactions` (`id`, `uuid`, `client_id`, `event_id`, `nominee_id`, `bundle_id`, `voter_id`, `voter_phone`, `voter_email`, `voter_name`, `vote_count`, `amount`, `currency`, `payment_method`, `payment_status`, `mpesa_checkout_request_id`, `mpesa_receipt_number`, `mpesa_transaction_date`, `mpesa_phone_number`, `payment_reference`, `payment_gateway_response`, `platform_commission`, `client_revenue`, `commission_rate`, `processed_at`, `failed_at`, `failure_reason`, `retry_count`, `ip_address`, `country`, `user_agent`, `meta`, `created_at`, `updated_at`) VALUES
(971, '6adbddb4-bd4e-417c-8aef-fcc1932fb8d8', 4, 55, 124, 35, NULL, '+254757140682', 'joshujohn03@gmail.com', 'Joshua john', 1000, 2500.00, 'KES', 'paystack', 'completed', NULL, NULL, NULL, NULL, '2dzp7ze54i', '{\"id\": 5920283436, \"log\": {\"input\": [], \"errors\": 0, \"mobile\": false, \"history\": [{\"time\": 1, \"type\": \"action\", \"message\": \"Attempted to pay with mobile money\"}], \"success\": false, \"attempts\": 1, \"start_time\": 1773133770, \"time_spent\": 1}, \"fees\": 3750, \"plan\": null, \"split\": [], \"amount\": 250000, \"domain\": \"test\", \"paidAt\": \"2026-03-10T09:09:12.000Z\", \"source\": null, \"status\": \"success\", \"channel\": \"mobile_money\", \"connect\": null, \"message\": null, \"paid_at\": \"2026-03-10T09:09:12.000Z\", \"currency\": \"KES\", \"customer\": {\"id\": 332673656, \"email\": \"joshujohn03@gmail.com\", \"phone\": null, \"metadata\": null, \"last_name\": null, \"first_name\": null, \"risk_action\": \"default\", \"customer_code\": \"CUS_1k9txn6ikquuua0\", \"international_format_phone\": null}, \"metadata\": {\"type\": \"vote_bundle\", \"referrer\": \"http://localhost/\", \"bundle_id\": \"35\", \"event_slug\": \"ikwa-2026\", \"nominee_id\": \"124\", \"vote_count\": \"1000\", \"vote_transaction_id\": \"971\"}, \"order_id\": null, \"createdAt\": \"2026-03-10T09:09:05.000Z\", \"reference\": \"2dzp7ze54i\", \"created_at\": \"2026-03-10T09:09:05.000Z\", \"fees_split\": null, \"ip_address\": \"102.68.78.171\", \"subaccount\": [], \"plan_object\": [], \"authorization\": {\"bin\": \"071XXX\", \"bank\": \"M-PESA\", \"brand\": \"M-pesa\", \"last4\": \"X000\", \"channel\": \"mobile_money\", \"exp_year\": \"9999\", \"reusable\": false, \"card_type\": \"\", \"exp_month\": \"12\", \"signature\": null, \"account_name\": null, \"country_code\": \"KE\", \"receiver_bank\": null, \"authorization_code\": \"AUTH_doauzwkzc6\", \"mobile_money_number\": \"0710000000\", \"receiver_bank_account_number\": null}, \"fees_breakdown\": null, \"receipt_number\": \"10101\", \"gateway_response\": \"Approved\", \"requested_amount\": 250000, \"transaction_date\": \"2026-03-10T09:09:05.000Z\", \"pos_transaction_data\": null}', 500.00, 2000.00, 20.00, '2026-03-10 06:09:39', NULL, NULL, 0, '127.0.0.1', NULL, 'Mozilla/5.0 (Macintosh; Intel Mac OS X 10_15_7) AppleWebKit/537.36 (KHTML, like Gecko) Chrome/144.0.0.0 Safari/537.36', NULL, '2026-03-10 06:09:24', '2026-03-10 06:09:39'),
(972, '37423199-9a1f-4813-92b6-67afecc0e3ac', 4, 55, 132, 32, NULL, '+254757140682', 'joshujohn03@gmail.com', 'Joshua john', 50, 200.00, 'KES', 'paystack', 'completed', NULL, NULL, NULL, NULL, 'm5hf45fnk4', '{\"id\": 5920286083, \"log\": {\"input\": [], \"errors\": 0, \"mobile\": false, \"history\": [{\"time\": 1, \"type\": \"action\", \"message\": \"Attempted to pay with mobile money\"}], \"success\": false, \"attempts\": 1, \"start_time\": 1773133821, \"time_spent\": 1}, \"fees\": 300, \"plan\": null, \"split\": [], \"amount\": 20000, \"domain\": \"test\", \"paidAt\": \"2026-03-10T09:10:03.000Z\", \"source\": null, \"status\": \"success\", \"channel\": \"mobile_money\", \"connect\": null, \"message\": null, \"paid_at\": \"2026-03-10T09:10:03.000Z\", \"currency\": \"KES\", \"customer\": {\"id\": 332673656, \"email\": \"joshujohn03@gmail.com\", \"phone\": null, \"metadata\": null, \"last_name\": null, \"first_name\": null, \"risk_action\": \"default\", \"customer_code\": \"CUS_1k9txn6ikquuua0\", \"international_format_phone\": null}, \"metadata\": {\"type\": \"vote_bundle\", \"referrer\": \"http://localhost/\", \"bundle_id\": \"32\", \"event_slug\": \"ikwa-2026\", \"nominee_id\": \"132\", \"vote_count\": \"50\", \"vote_transaction_id\": \"972\"}, \"order_id\": null, \"createdAt\": \"2026-03-10T09:09:59.000Z\", \"reference\": \"m5hf45fnk4\", \"created_at\": \"2026-03-10T09:09:59.000Z\", \"fees_split\": null, \"ip_address\": \"102.68.78.171\", \"subaccount\": [], \"plan_object\": [], \"authorization\": {\"bin\": \"071XXX\", \"bank\": \"M-PESA\", \"brand\": \"M-pesa\", \"last4\": \"X000\", \"channel\": \"mobile_money\", \"exp_year\": \"9999\", \"reusable\": false, \"card_type\": \"\", \"exp_month\": \"12\", \"signature\": null, \"account_name\": null, \"country_code\": \"KE\", \"receiver_bank\": null, \"authorization_code\": \"AUTH_1o0ias0t74\", \"mobile_money_number\": \"0710000000\", \"receiver_bank_account_number\": null}, \"fees_breakdown\": null, \"receipt_number\": \"10101\", \"gateway_response\": \"Approved\", \"requested_amount\": 20000, \"transaction_date\": \"2026-03-10T09:09:59.000Z\", \"pos_transaction_data\": null}', 40.00, 160.00, 20.00, '2026-03-10 06:10:34', NULL, NULL, 0, '127.0.0.1', NULL, 'Mozilla/5.0 (Macintosh; Intel Mac OS X 10_15_7) AppleWebKit/537.36 (KHTML, like Gecko) Chrome/144.0.0.0 Safari/537.36', NULL, '2026-03-10 06:10:18', '2026-03-10 06:10:34'),
(973, '6067df07-1c17-43c1-a03b-aeb08bd7221e', 4, 55, 130, 32, NULL, '0757140682', 'joshujohn03@gmail.com', 'Joshua Ngumbau', 50, 200.00, 'KES', 'paystack', 'completed', NULL, NULL, NULL, NULL, '6is48v6vs1', '{\"id\": 5930749027, \"log\": {\"input\": [], \"errors\": 0, \"mobile\": false, \"history\": [{\"time\": 45, \"type\": \"action\", \"message\": \"Attempted to pay with mobile money\"}], \"success\": false, \"attempts\": 1, \"start_time\": 1773407377, \"time_spent\": 45}, \"fees\": 300, \"plan\": null, \"split\": [], \"amount\": 20000, \"domain\": \"test\", \"paidAt\": \"2026-03-13T13:10:01.000Z\", \"source\": null, \"status\": \"success\", \"channel\": \"mobile_money\", \"connect\": null, \"message\": null, \"paid_at\": \"2026-03-13T13:10:01.000Z\", \"currency\": \"KES\", \"customer\": {\"id\": 332673656, \"email\": \"joshujohn03@gmail.com\", \"phone\": null, \"metadata\": null, \"last_name\": null, \"first_name\": null, \"risk_action\": \"default\", \"customer_code\": \"CUS_1k9txn6ikquuua0\", \"international_format_phone\": null}, \"metadata\": {\"type\": \"vote_bundle\", \"referrer\": \"http://localhost/\", \"bundle_id\": \"32\", \"event_slug\": \"ikwa-2026\", \"nominee_id\": \"130\", \"vote_count\": \"50\", \"vote_transaction_id\": \"973\"}, \"order_id\": null, \"createdAt\": \"2026-03-13T13:09:11.000Z\", \"reference\": \"6is48v6vs1\", \"created_at\": \"2026-03-13T13:09:11.000Z\", \"fees_split\": null, \"ip_address\": \"41.90.119.15\", \"subaccount\": [], \"plan_object\": [], \"authorization\": {\"bin\": \"071XXX\", \"bank\": \"M-PESA\", \"brand\": \"M-pesa\", \"last4\": \"X000\", \"channel\": \"mobile_money\", \"exp_year\": \"9999\", \"reusable\": false, \"card_type\": \"\", \"exp_month\": \"12\", \"signature\": null, \"account_name\": null, \"country_code\": \"KE\", \"receiver_bank\": null, \"authorization_code\": \"AUTH_asdjsjd9tk\", \"mobile_money_number\": \"0710000000\", \"receiver_bank_account_number\": null}, \"fees_breakdown\": null, \"receipt_number\": \"10101\", \"gateway_response\": \"Approved\", \"requested_amount\": 20000, \"transaction_date\": \"2026-03-13T13:09:11.000Z\", \"pos_transaction_data\": null}', 40.00, 160.00, 20.00, '2026-03-13 10:10:31', NULL, NULL, 0, '127.0.0.1', NULL, 'Mozilla/5.0 (X11; Linux aarch64) AppleWebKit/537.36 (KHTML, like Gecko) Chrome/144.0.0.0 Safari/537.36 CrKey/1.54.250320', NULL, '2026-03-13 10:09:32', '2026-03-13 10:10:31'),
(974, 'c5e3d25a-2df1-49c9-9ece-96081e6997d2', 4, 55, 130, 35, NULL, '0757140682', 'joshujohn03@gmail.com', 'Joshua Ngumbau', 1000, 2500.00, 'KES', 'paystack', 'completed', NULL, NULL, NULL, NULL, '4uvj19l531', '{\"id\": 5930764931, \"log\": {\"input\": [], \"errors\": 0, \"mobile\": false, \"history\": [{\"time\": 2, \"type\": \"action\", \"message\": \"Attempted to pay with mobile money\"}], \"success\": false, \"attempts\": 1, \"start_time\": 1773407820, \"time_spent\": 2}, \"fees\": 3750, \"plan\": null, \"split\": [], \"amount\": 250000, \"domain\": \"test\", \"paidAt\": \"2026-03-13T13:16:40.000Z\", \"source\": null, \"status\": \"success\", \"channel\": \"mobile_money\", \"connect\": null, \"message\": null, \"paid_at\": \"2026-03-13T13:16:40.000Z\", \"currency\": \"KES\", \"customer\": {\"id\": 332673656, \"email\": \"joshujohn03@gmail.com\", \"phone\": null, \"metadata\": null, \"last_name\": null, \"first_name\": null, \"risk_action\": \"default\", \"customer_code\": \"CUS_1k9txn6ikquuua0\", \"international_format_phone\": null}, \"metadata\": {\"type\": \"vote_bundle\", \"referrer\": \"http://localhost/\", \"bundle_id\": \"35\", \"event_slug\": \"ikwa-2026\", \"nominee_id\": \"130\", \"vote_count\": \"1000\", \"vote_transaction_id\": \"974\"}, \"order_id\": null, \"createdAt\": \"2026-03-13T13:16:35.000Z\", \"reference\": \"4uvj19l531\", \"created_at\": \"2026-03-13T13:16:35.000Z\", \"fees_split\": null, \"ip_address\": \"41.90.119.15\", \"subaccount\": [], \"plan_object\": [], \"authorization\": {\"bin\": \"071XXX\", \"bank\": \"M-PESA\", \"brand\": \"M-pesa\", \"last4\": \"X000\", \"channel\": \"mobile_money\", \"exp_year\": \"9999\", \"reusable\": false, \"card_type\": \"\", \"exp_month\": \"12\", \"signature\": null, \"account_name\": null, \"country_code\": \"KE\", \"receiver_bank\": null, \"authorization_code\": \"AUTH_cf9q20fuub\", \"mobile_money_number\": \"0710000000\", \"receiver_bank_account_number\": null}, \"fees_breakdown\": null, \"receipt_number\": \"10101\", \"gateway_response\": \"Approved\", \"requested_amount\": 250000, \"transaction_date\": \"2026-03-13T13:16:35.000Z\", \"pos_transaction_data\": null}', 500.00, 2000.00, 20.00, '2026-03-13 10:17:10', NULL, NULL, 0, '127.0.0.1', NULL, 'Mozilla/5.0 (Macintosh; Intel Mac OS X 10_15_7) AppleWebKit/537.36 (KHTML, like Gecko) Chrome/144.0.0.0 Safari/537.36', NULL, '2026-03-13 10:16:56', '2026-03-13 10:17:10'),
(975, '4faab998-7caa-49d4-afbe-3b6b20033d42', 4, 55, 128, 33, NULL, '+254757140682', 'joshujohn03@gmail.com', 'Joshua Ngumbau', 100, 350.00, 'KES', 'mpesa', 'completed', NULL, NULL, NULL, NULL, 'gyl76uqbk6', '{\"id\": 5934647918, \"log\": {\"input\": [], \"errors\": 0, \"mobile\": false, \"history\": [{\"time\": 7, \"type\": \"action\", \"message\": \"Attempted to pay with mobile money\"}], \"success\": false, \"attempts\": 1, \"start_time\": 1773505925, \"time_spent\": 7}, \"fees\": 525, \"plan\": null, \"split\": [], \"amount\": 35000, \"domain\": \"test\", \"paidAt\": \"2026-03-14T16:32:02.000Z\", \"source\": null, \"status\": \"success\", \"channel\": \"mobile_money\", \"connect\": null, \"message\": null, \"paid_at\": \"2026-03-14T16:32:02.000Z\", \"currency\": \"KES\", \"customer\": {\"id\": 332673656, \"email\": \"joshujohn03@gmail.com\", \"phone\": null, \"metadata\": null, \"last_name\": null, \"first_name\": null, \"risk_action\": \"default\", \"customer_code\": \"CUS_1k9txn6ikquuua0\", \"international_format_phone\": null}, \"metadata\": {\"type\": \"vote_bundle\", \"referrer\": \"http://localhost/\", \"bundle_id\": \"33\", \"event_slug\": \"ikwa-2026\", \"nominee_id\": \"128\", \"vote_count\": \"100\", \"vote_transaction_id\": \"975\"}, \"order_id\": null, \"createdAt\": \"2026-03-14T16:31:44.000Z\", \"reference\": \"gyl76uqbk6\", \"created_at\": \"2026-03-14T16:31:44.000Z\", \"fees_split\": null, \"ip_address\": \"102.68.78.171\", \"subaccount\": [], \"plan_object\": [], \"authorization\": {\"bin\": \"071XXX\", \"bank\": \"M-PESA\", \"brand\": \"M-pesa\", \"last4\": \"X000\", \"channel\": \"mobile_money\", \"exp_year\": \"9999\", \"reusable\": false, \"card_type\": \"\", \"exp_month\": \"12\", \"signature\": null, \"account_name\": null, \"country_code\": \"KE\", \"receiver_bank\": null, \"authorization_code\": \"AUTH_b80dc280m4\", \"mobile_money_number\": \"0710000000\", \"receiver_bank_account_number\": null}, \"fees_breakdown\": null, \"receipt_number\": \"10101\", \"gateway_response\": \"Approved\", \"requested_amount\": 35000, \"transaction_date\": \"2026-03-14T16:31:44.000Z\", \"pos_transaction_data\": null}', 70.00, 280.00, 20.00, '2026-03-14 13:32:21', NULL, NULL, 0, '127.0.0.1', NULL, 'Mozilla/5.0 (Macintosh; Intel Mac OS X 10_15_7) AppleWebKit/605.1.15 (KHTML, like Gecko) Version/18.5 Safari/605.1.15', NULL, '2026-03-14 13:31:55', '2026-03-14 13:32:21'),
(976, 'e45c2fea-c04e-46e9-a6b9-7e41bcdc5239', 4, 55, 128, 35, NULL, '+254757140682', 'joshujohn03@gmail.com', 'Joshua Ngumbau', 1000, 2500.00, 'KES', 'card', 'completed', NULL, NULL, NULL, NULL, '562sz62xcl', '{\"id\": 5934651639, \"log\": {\"input\": [], \"errors\": 0, \"mobile\": false, \"history\": [{\"time\": 7, \"type\": \"action\", \"message\": \"Attempted to pay with card\"}, {\"time\": 8, \"type\": \"success\", \"message\": \"Successfully paid with card\"}], \"success\": true, \"attempts\": 1, \"start_time\": 1773505983, \"time_spent\": 8}, \"fees\": 7250, \"plan\": null, \"split\": [], \"amount\": 250000, \"domain\": \"test\", \"paidAt\": \"2026-03-14T16:32:59.000Z\", \"source\": null, \"status\": \"success\", \"channel\": \"card\", \"connect\": null, \"message\": null, \"paid_at\": \"2026-03-14T16:32:59.000Z\", \"currency\": \"KES\", \"customer\": {\"id\": 332673656, \"email\": \"joshujohn03@gmail.com\", \"phone\": null, \"metadata\": null, \"last_name\": null, \"first_name\": null, \"risk_action\": \"default\", \"customer_code\": \"CUS_1k9txn6ikquuua0\", \"international_format_phone\": null}, \"metadata\": {\"type\": \"vote_bundle\", \"referrer\": \"http://localhost/\", \"bundle_id\": \"35\", \"event_slug\": \"ikwa-2026\", \"nominee_id\": \"128\", \"vote_count\": \"1000\", \"vote_transaction_id\": \"976\"}, \"order_id\": null, \"createdAt\": \"2026-03-14T16:32:50.000Z\", \"reference\": \"562sz62xcl\", \"created_at\": \"2026-03-14T16:32:50.000Z\", \"fees_split\": null, \"ip_address\": \"102.68.78.171\", \"subaccount\": [], \"plan_object\": [], \"authorization\": {\"bin\": \"408408\", \"bank\": \"TEST BANK\", \"brand\": \"visa\", \"last4\": \"4081\", \"channel\": \"card\", \"exp_year\": \"2030\", \"reusable\": true, \"card_type\": \"visa \", \"exp_month\": \"12\", \"signature\": \"SIG_AIo4OkJpP8MTSfhkghzN\", \"account_name\": null, \"country_code\": \"KE\", \"receiver_bank\": null, \"authorization_code\": \"AUTH_9ylkhm7208\", \"receiver_bank_account_number\": null}, \"fees_breakdown\": null, \"receipt_number\": null, \"gateway_response\": \"Successful\", \"requested_amount\": 250000, \"transaction_date\": \"2026-03-14T16:32:50.000Z\", \"pos_transaction_data\": null}', 500.00, 2000.00, 20.00, '2026-03-14 13:33:12', NULL, NULL, 0, '127.0.0.1', NULL, 'Mozilla/5.0 (Macintosh; Intel Mac OS X 10_15_7) AppleWebKit/605.1.15 (KHTML, like Gecko) Version/18.5 Safari/605.1.15', NULL, '2026-03-14 13:33:00', '2026-03-14 13:33:12'),
(977, 'e7125bd4-54f3-44fd-b3f4-31de8d033ec6', 4, 55, 128, 35, NULL, '0757140682', 'joshujohn03@gmail.com', 'Joshua Ngumbau', 1000, 2500.00, 'KES', 'mpesa', 'completed', NULL, NULL, NULL, NULL, '4yil2yb4v2', '{\"id\": 5934674735, \"log\": {\"input\": [], \"errors\": 0, \"mobile\": false, \"history\": [{\"time\": 13, \"type\": \"action\", \"message\": \"Attempted to pay with mobile money\"}], \"success\": false, \"attempts\": 1, \"start_time\": 1773506311, \"time_spent\": 13}, \"fees\": 3750, \"plan\": null, \"split\": [], \"amount\": 250000, \"domain\": \"test\", \"paidAt\": \"2026-03-14T16:38:33.000Z\", \"source\": null, \"status\": \"success\", \"channel\": \"mobile_money\", \"connect\": null, \"message\": null, \"paid_at\": \"2026-03-14T16:38:33.000Z\", \"currency\": \"KES\", \"customer\": {\"id\": 332673656, \"email\": \"joshujohn03@gmail.com\", \"phone\": null, \"metadata\": null, \"last_name\": null, \"first_name\": null, \"risk_action\": \"default\", \"customer_code\": \"CUS_1k9txn6ikquuua0\", \"international_format_phone\": null}, \"metadata\": {\"type\": \"vote_bundle\", \"referrer\": \"http://localhost/\", \"bundle_id\": \"35\", \"event_slug\": \"ikwa-2026\", \"nominee_id\": \"128\", \"vote_count\": \"1000\", \"vote_transaction_id\": \"977\"}, \"order_id\": null, \"createdAt\": \"2026-03-14T16:38:18.000Z\", \"reference\": \"4yil2yb4v2\", \"created_at\": \"2026-03-14T16:38:18.000Z\", \"fees_split\": null, \"ip_address\": \"102.68.78.171\", \"subaccount\": [], \"plan_object\": [], \"authorization\": {\"bin\": \"071XXX\", \"bank\": \"M-PESA\", \"brand\": \"M-pesa\", \"last4\": \"X000\", \"channel\": \"mobile_money\", \"exp_year\": \"9999\", \"reusable\": false, \"card_type\": \"\", \"exp_month\": \"12\", \"signature\": null, \"account_name\": null, \"country_code\": \"KE\", \"receiver_bank\": null, \"authorization_code\": \"AUTH_zru2801kwe\", \"mobile_money_number\": \"0710000000\", \"receiver_bank_account_number\": null}, \"fees_breakdown\": null, \"receipt_number\": \"10101\", \"gateway_response\": \"Approved\", \"requested_amount\": 250000, \"transaction_date\": \"2026-03-14T16:38:18.000Z\", \"pos_transaction_data\": null}', 500.00, 2000.00, 20.00, '2026-03-14 13:38:52', NULL, NULL, 0, '127.0.0.1', NULL, 'Mozilla/5.0 (Macintosh; Intel Mac OS X 10_15_7) AppleWebKit/605.1.15 (KHTML, like Gecko) Version/18.5 Safari/605.1.15', NULL, '2026-03-14 13:38:28', '2026-03-14 13:38:52'),
(978, '2ce9ddc4-5159-4fe1-b348-1dc4967cdde9', 4, 55, 128, 35, NULL, '+254757140682', 'joshujohn03@gmail.com', 'Joshua Ngumbau', 1000, 2500.00, 'KES', 'card', 'completed', NULL, NULL, NULL, NULL, 'bao427woyl', '{\"id\": 5934728289, \"log\": {\"input\": [], \"errors\": 0, \"mobile\": false, \"history\": [{\"time\": 4, \"type\": \"action\", \"message\": \"Attempted to pay with card\"}, {\"time\": 5, \"type\": \"success\", \"message\": \"Successfully paid with card\"}], \"success\": true, \"attempts\": 1, \"start_time\": 1773507251, \"time_spent\": 5}, \"fees\": 7250, \"plan\": null, \"split\": [], \"amount\": 250000, \"domain\": \"test\", \"paidAt\": \"2026-03-14T16:54:05.000Z\", \"source\": null, \"status\": \"success\", \"channel\": \"card\", \"connect\": null, \"message\": null, \"paid_at\": \"2026-03-14T16:54:05.000Z\", \"currency\": \"KES\", \"customer\": {\"id\": 332673656, \"email\": \"joshujohn03@gmail.com\", \"phone\": null, \"metadata\": null, \"last_name\": null, \"first_name\": null, \"risk_action\": \"default\", \"customer_code\": \"CUS_1k9txn6ikquuua0\", \"international_format_phone\": null}, \"metadata\": {\"type\": \"vote_bundle\", \"referrer\": \"http://localhost/\", \"bundle_id\": \"35\", \"event_slug\": \"ikwa-2026\", \"nominee_id\": \"128\", \"vote_count\": \"1000\", \"vote_transaction_id\": \"978\"}, \"order_id\": null, \"createdAt\": \"2026-03-14T16:53:54.000Z\", \"reference\": \"bao427woyl\", \"created_at\": \"2026-03-14T16:53:54.000Z\", \"fees_split\": null, \"ip_address\": \"102.68.78.171\", \"subaccount\": [], \"plan_object\": [], \"authorization\": {\"bin\": \"408408\", \"bank\": \"TEST BANK\", \"brand\": \"visa\", \"last4\": \"4081\", \"channel\": \"card\", \"exp_year\": \"2030\", \"reusable\": true, \"card_type\": \"visa \", \"exp_month\": \"12\", \"signature\": \"SIG_AIo4OkJpP8MTSfhkghzN\", \"account_name\": null, \"country_code\": \"KE\", \"receiver_bank\": null, \"authorization_code\": \"AUTH_r89qo9a10k\", \"receiver_bank_account_number\": null}, \"fees_breakdown\": null, \"receipt_number\": null, \"gateway_response\": \"Successful\", \"requested_amount\": 250000, \"transaction_date\": \"2026-03-14T16:53:54.000Z\", \"pos_transaction_data\": null}', 500.00, 2000.00, 20.00, '2026-03-14 13:54:17', NULL, NULL, 0, '127.0.0.1', NULL, 'Mozilla/5.0 (Macintosh; Intel Mac OS X 10_15_7) AppleWebKit/605.1.15 (KHTML, like Gecko) Version/18.5 Safari/605.1.15', NULL, '2026-03-14 13:54:04', '2026-03-14 13:54:17'),
(979, 'f0bf67f7-e58d-4b79-947d-a7f9ef826cf1', 4, 55, 131, 35, NULL, '+254757140682', 'joshujohn03@gmail.com', 'Joshua Ngumbau John', 1000, 2500.00, 'KES', 'mpesa', 'completed', NULL, NULL, NULL, NULL, 'ryi38esbxf', '{\"id\": 5934731922, \"log\": {\"input\": [], \"errors\": 0, \"mobile\": false, \"history\": [{\"time\": 2, \"type\": \"action\", \"message\": \"Attempted to pay with mobile money\"}], \"success\": false, \"attempts\": 1, \"start_time\": 1773507314, \"time_spent\": 2}, \"fees\": 3750, \"plan\": null, \"split\": [], \"amount\": 250000, \"domain\": \"test\", \"paidAt\": \"2026-03-14T16:55:06.000Z\", \"source\": null, \"status\": \"success\", \"channel\": \"mobile_money\", \"connect\": null, \"message\": null, \"paid_at\": \"2026-03-14T16:55:06.000Z\", \"currency\": \"KES\", \"customer\": {\"id\": 332673656, \"email\": \"joshujohn03@gmail.com\", \"phone\": null, \"metadata\": null, \"last_name\": null, \"first_name\": null, \"risk_action\": \"default\", \"customer_code\": \"CUS_1k9txn6ikquuua0\", \"international_format_phone\": null}, \"metadata\": {\"type\": \"vote_bundle\", \"referrer\": \"http://localhost/\", \"bundle_id\": \"35\", \"event_slug\": \"ikwa-2026\", \"nominee_id\": \"131\", \"vote_count\": \"1000\", \"vote_transaction_id\": \"979\"}, \"order_id\": null, \"createdAt\": \"2026-03-14T16:55:01.000Z\", \"reference\": \"ryi38esbxf\", \"created_at\": \"2026-03-14T16:55:01.000Z\", \"fees_split\": null, \"ip_address\": \"102.68.78.171\", \"subaccount\": [], \"plan_object\": [], \"authorization\": {\"bin\": \"071XXX\", \"bank\": \"M-PESA\", \"brand\": \"M-pesa\", \"last4\": \"X000\", \"channel\": \"mobile_money\", \"exp_year\": \"9999\", \"reusable\": false, \"card_type\": \"\", \"exp_month\": \"12\", \"signature\": null, \"account_name\": null, \"country_code\": \"KE\", \"receiver_bank\": null, \"authorization_code\": \"AUTH_3mkxtmcy7u\", \"mobile_money_number\": \"0710000000\", \"receiver_bank_account_number\": null}, \"fees_breakdown\": null, \"receipt_number\": \"10101\", \"gateway_response\": \"Approved\", \"requested_amount\": 250000, \"transaction_date\": \"2026-03-14T16:55:01.000Z\", \"pos_transaction_data\": null}', 500.00, 2000.00, 20.00, '2026-03-14 13:55:24', NULL, NULL, 0, '127.0.0.1', NULL, 'Mozilla/5.0 (Macintosh; Intel Mac OS X 10_15_7) AppleWebKit/605.1.15 (KHTML, like Gecko) Version/18.5 Safari/605.1.15', NULL, '2026-03-14 13:55:11', '2026-03-14 13:55:24'),
(980, 'dd902e09-3725-4d04-848a-c75de4f52fca', 4, 55, 137, NULL, NULL, '+254757140682', 'joshujohn03@gmail.com', 'Joshua Ngumbau John', 5000, 25000.00, 'KES', 'mpesa', 'completed', NULL, NULL, NULL, NULL, '7eiv5zw14j', '{\"id\": 5934852873, \"log\": {\"input\": [], \"errors\": 0, \"mobile\": false, \"history\": [{\"time\": 2, \"type\": \"action\", \"message\": \"Attempted to pay with mobile money\"}], \"success\": false, \"attempts\": 1, \"start_time\": 1773509935, \"time_spent\": 2}, \"fees\": 37500, \"plan\": null, \"split\": [], \"amount\": 2500000, \"domain\": \"test\", \"paidAt\": \"2026-03-14T17:38:47.000Z\", \"source\": null, \"status\": \"success\", \"channel\": \"mobile_money\", \"connect\": null, \"message\": null, \"paid_at\": \"2026-03-14T17:38:47.000Z\", \"currency\": \"KES\", \"customer\": {\"id\": 332673656, \"email\": \"joshujohn03@gmail.com\", \"phone\": null, \"metadata\": null, \"last_name\": null, \"first_name\": null, \"risk_action\": \"default\", \"customer_code\": \"CUS_1k9txn6ikquuua0\", \"international_format_phone\": null}, \"metadata\": {\"type\": \"vote_bundle\", \"referrer\": \"http://localhost/\", \"bundle_id\": \"\", \"event_slug\": \"ikwa-2026\", \"nominee_id\": \"137\", \"vote_count\": \"5000\", \"vote_transaction_id\": \"980\"}, \"order_id\": null, \"createdAt\": \"2026-03-14T17:38:43.000Z\", \"reference\": \"7eiv5zw14j\", \"created_at\": \"2026-03-14T17:38:43.000Z\", \"fees_split\": null, \"ip_address\": \"102.68.78.171\", \"subaccount\": [], \"plan_object\": [], \"authorization\": {\"bin\": \"071XXX\", \"bank\": \"M-PESA\", \"brand\": \"M-pesa\", \"last4\": \"X000\", \"channel\": \"mobile_money\", \"exp_year\": \"9999\", \"reusable\": false, \"card_type\": \"\", \"exp_month\": \"12\", \"signature\": null, \"account_name\": null, \"country_code\": \"KE\", \"receiver_bank\": null, \"authorization_code\": \"AUTH_7qzsnljpgv\", \"mobile_money_number\": \"0710000000\", \"receiver_bank_account_number\": null}, \"fees_breakdown\": null, \"receipt_number\": \"10101\", \"gateway_response\": \"Approved\", \"requested_amount\": 2500000, \"transaction_date\": \"2026-03-14T17:38:43.000Z\", \"pos_transaction_data\": null}', 5000.00, 20000.00, 20.00, '2026-03-14 14:39:05', NULL, NULL, 0, '127.0.0.1', NULL, 'Mozilla/5.0 (Macintosh; Intel Mac OS X 10_15_7) AppleWebKit/605.1.15 (KHTML, like Gecko) Version/18.5 Safari/605.1.15', NULL, '2026-03-14 14:38:50', '2026-03-14 14:39:05'),
(981, '13e66aa3-649b-49e9-bbc6-64a5998988e2', 4, 55, 132, NULL, NULL, '+254757140682', 'joshujohn03@gmail.com', 'Joshua Ngumbau John', 6000, 30000.00, 'KES', 'mpesa', 'completed', NULL, NULL, NULL, NULL, 'boqcezo5vt', '{\"id\": 5934863666, \"log\": {\"input\": [], \"errors\": 0, \"mobile\": false, \"history\": [{\"time\": 1, \"type\": \"action\", \"message\": \"Attempted to pay with mobile money\"}], \"success\": false, \"attempts\": 1, \"start_time\": 1773510214, \"time_spent\": 1}, \"fees\": 45000, \"plan\": null, \"split\": [], \"amount\": 3000000, \"domain\": \"test\", \"paidAt\": \"2026-03-14T17:43:26.000Z\", \"source\": null, \"status\": \"success\", \"channel\": \"mobile_money\", \"connect\": null, \"message\": null, \"paid_at\": \"2026-03-14T17:43:26.000Z\", \"currency\": \"KES\", \"customer\": {\"id\": 332673656, \"email\": \"joshujohn03@gmail.com\", \"phone\": null, \"metadata\": null, \"last_name\": null, \"first_name\": null, \"risk_action\": \"default\", \"customer_code\": \"CUS_1k9txn6ikquuua0\", \"international_format_phone\": null}, \"metadata\": {\"type\": \"vote_bundle\", \"referrer\": \"http://localhost/\", \"bundle_id\": \"\", \"event_slug\": \"ikwa-2026\", \"nominee_id\": \"132\", \"vote_count\": \"6000\", \"vote_transaction_id\": \"981\"}, \"order_id\": null, \"createdAt\": \"2026-03-14T17:43:22.000Z\", \"reference\": \"boqcezo5vt\", \"created_at\": \"2026-03-14T17:43:22.000Z\", \"fees_split\": null, \"ip_address\": \"102.68.78.171\", \"subaccount\": [], \"plan_object\": [], \"authorization\": {\"bin\": \"071XXX\", \"bank\": \"M-PESA\", \"brand\": \"M-pesa\", \"last4\": \"X000\", \"channel\": \"mobile_money\", \"exp_year\": \"9999\", \"reusable\": false, \"card_type\": \"\", \"exp_month\": \"12\", \"signature\": null, \"account_name\": null, \"country_code\": \"KE\", \"receiver_bank\": null, \"authorization_code\": \"AUTH_9kcsryf4w3\", \"mobile_money_number\": \"0710000000\", \"receiver_bank_account_number\": null}, \"fees_breakdown\": null, \"receipt_number\": \"10101\", \"gateway_response\": \"Approved\", \"requested_amount\": 3000000, \"transaction_date\": \"2026-03-14T17:43:22.000Z\", \"pos_transaction_data\": null}', 6000.00, 24000.00, 20.00, '2026-03-14 14:43:44', NULL, NULL, 0, '127.0.0.1', NULL, 'Mozilla/5.0 (Macintosh; Intel Mac OS X 10_15_7) AppleWebKit/605.1.15 (KHTML, like Gecko) Version/18.5 Safari/605.1.15', NULL, '2026-03-14 14:43:30', '2026-03-14 14:43:44'),
(982, '159e439d-792e-4e76-851a-9b7fa70c17e9', 4, 55, 128, NULL, NULL, '+254757140682', 'joshujohn03@gmail.com', 'Joshua john', 36000, 180000.00, 'KES', 'card', 'pending', NULL, NULL, NULL, NULL, 'ezy7h8xjio', NULL, 36000.00, 144000.00, 20.00, NULL, NULL, NULL, 0, '127.0.0.1', NULL, 'Mozilla/5.0 (Macintosh; Intel Mac OS X 10_15_7) AppleWebKit/537.36 (KHTML, like Gecko) Chrome/144.0.0.0 Safari/537.36', NULL, '2026-03-14 14:44:45', '2026-03-14 14:44:45'),
(983, 'ade32be9-ca7e-4949-a920-163ab550c4ce', 4, 55, 131, NULL, NULL, '+254757140682', 'joshujohn03@gmail.com', 'Joshua john', 5010, 25050.00, 'KES', 'mpesa', 'completed', NULL, NULL, NULL, NULL, 'h0zvkrm831', '{\"id\": 5935279940, \"log\": {\"input\": [], \"errors\": 0, \"mobile\": false, \"history\": [{\"time\": 2, \"type\": \"action\", \"message\": \"Attempted to pay with mobile money\"}], \"success\": false, \"attempts\": 1, \"start_time\": 1773519384, \"time_spent\": 2}, \"fees\": 37575, \"plan\": null, \"split\": [], \"amount\": 2505000, \"domain\": \"test\", \"paidAt\": \"2026-03-14T20:16:19.000Z\", \"source\": null, \"status\": \"success\", \"channel\": \"mobile_money\", \"connect\": null, \"message\": null, \"paid_at\": \"2026-03-14T20:16:19.000Z\", \"currency\": \"KES\", \"customer\": {\"id\": 332673656, \"email\": \"joshujohn03@gmail.com\", \"phone\": null, \"metadata\": null, \"last_name\": null, \"first_name\": null, \"risk_action\": \"default\", \"customer_code\": \"CUS_1k9txn6ikquuua0\", \"international_format_phone\": null}, \"metadata\": {\"type\": \"vote_bundle\", \"referrer\": \"http://localhost/\", \"bundle_id\": \"\", \"event_slug\": \"ikwa-2026\", \"nominee_id\": \"131\", \"vote_count\": \"5010\", \"vote_transaction_id\": \"983\"}, \"order_id\": null, \"createdAt\": \"2026-03-14T20:16:14.000Z\", \"reference\": \"h0zvkrm831\", \"created_at\": \"2026-03-14T20:16:14.000Z\", \"fees_split\": null, \"ip_address\": \"102.68.78.171\", \"subaccount\": [], \"plan_object\": [], \"authorization\": {\"bin\": \"071XXX\", \"bank\": \"M-PESA\", \"brand\": \"M-pesa\", \"last4\": \"X000\", \"channel\": \"mobile_money\", \"exp_year\": \"9999\", \"reusable\": false, \"card_type\": \"\", \"exp_month\": \"12\", \"signature\": null, \"account_name\": null, \"country_code\": \"KE\", \"receiver_bank\": null, \"authorization_code\": \"AUTH_27xxuvmhqz\", \"mobile_money_number\": \"0710000000\", \"receiver_bank_account_number\": null}, \"fees_breakdown\": null, \"receipt_number\": \"10101\", \"gateway_response\": \"Approved\", \"requested_amount\": 2505000, \"transaction_date\": \"2026-03-14T20:16:14.000Z\", \"pos_transaction_data\": null}', 5010.00, 20040.00, 20.00, '2026-03-14 17:16:34', NULL, NULL, 0, '127.0.0.1', NULL, 'Mozilla/5.0 (Macintosh; Intel Mac OS X 10_15_7) AppleWebKit/537.36 (KHTML, like Gecko) Chrome/144.0.0.0 Safari/537.36', NULL, '2026-03-14 17:16:21', '2026-03-14 17:16:34'),
(984, '6a546a40-444e-4db9-b69f-3d5298aa16d2', 4, 55, 130, 32, NULL, '+254757140682', 'joshujohn03@gmail.com', 'Joshua john', 50, 200.00, 'KES', 'card', 'completed', NULL, NULL, NULL, NULL, 'i50k5qi44a', '{\"id\": 5935328700, \"log\": {\"input\": [], \"errors\": 0, \"mobile\": true, \"history\": [{\"time\": 2, \"type\": \"action\", \"message\": \"Attempted to pay with card\"}, {\"time\": 3, \"type\": \"auth\", \"message\": \"Authentication Required: 3DS\"}, {\"time\": 4, \"type\": \"action\", \"message\": \"Third-party authentication window opened\"}, {\"time\": 5, \"type\": \"success\", \"message\": \"Successfully paid with card\"}, {\"time\": 6, \"type\": \"action\", \"message\": \"Third-party authentication window closed\"}], \"success\": true, \"attempts\": 1, \"start_time\": 1773520573, \"time_spent\": 6}, \"fees\": 580, \"plan\": null, \"split\": [], \"amount\": 20000, \"domain\": \"test\", \"paidAt\": \"2026-03-14T20:36:10.000Z\", \"source\": null, \"status\": \"success\", \"channel\": \"card\", \"connect\": null, \"message\": \"test-3ds\", \"paid_at\": \"2026-03-14T20:36:10.000Z\", \"currency\": \"KES\", \"customer\": {\"id\": 332673656, \"email\": \"joshujohn03@gmail.com\", \"phone\": null, \"metadata\": null, \"last_name\": null, \"first_name\": null, \"risk_action\": \"default\", \"customer_code\": \"CUS_1k9txn6ikquuua0\", \"international_format_phone\": null}, \"metadata\": {\"type\": \"vote_bundle\", \"referrer\": \"http://localhost/\", \"bundle_id\": \"32\", \"event_slug\": \"ikwa-2026\", \"nominee_id\": \"130\", \"vote_count\": \"50\", \"vote_transaction_id\": \"984\"}, \"order_id\": null, \"createdAt\": \"2026-03-14T20:36:02.000Z\", \"reference\": \"i50k5qi44a\", \"created_at\": \"2026-03-14T20:36:02.000Z\", \"fees_split\": null, \"ip_address\": \"102.68.78.171\", \"subaccount\": [], \"plan_object\": [], \"authorization\": {\"bin\": \"408408\", \"bank\": \"TEST BANK\", \"brand\": \"visa\", \"last4\": \"0409\", \"channel\": \"card\", \"exp_year\": \"2030\", \"reusable\": true, \"card_type\": \"visa \", \"exp_month\": \"01\", \"signature\": \"SIG_nfUL20zX0EfEwgCmzhFd\", \"account_name\": null, \"country_code\": \"KE\", \"receiver_bank\": null, \"authorization_code\": \"AUTH_2qntgr691a\", \"receiver_bank_account_number\": null}, \"fees_breakdown\": null, \"receipt_number\": null, \"gateway_response\": \"[Test] Approved\", \"requested_amount\": 20000, \"transaction_date\": \"2026-03-14T20:36:02.000Z\", \"pos_transaction_data\": null}', 40.00, 160.00, 20.00, '2026-03-14 17:36:19', NULL, NULL, 0, '127.0.0.1', NULL, 'Mozilla/5.0 (iPhone; CPU iPhone OS 18_5 like Mac OS X) AppleWebKit/605.1.15 (KHTML, like Gecko) Version/18.5 Mobile/15E148 Safari/604.1', NULL, '2026-03-14 17:36:07', '2026-03-14 17:36:19'),
(1340, '5dbe1929-89f7-4363-86d7-f134cc270762', 6, 66, 635, NULL, NULL, '+254757140682', 'ngumbaujoshua04@gmail.com', 'Joshua Ngumbau John', 400, 40000.00, 'KES', 'card', 'completed', NULL, NULL, NULL, NULL, 'is0w35pr2y', '{\"id\": 5973358701, \"log\": {\"input\": [], \"errors\": 0, \"mobile\": false, \"history\": [{\"time\": 3, \"type\": \"action\", \"message\": \"Attempted to pay with card\"}, {\"time\": 5, \"type\": \"success\", \"message\": \"Successfully paid with card\"}], \"success\": true, \"attempts\": 1, \"start_time\": 1774540389, \"time_spent\": 5}, \"fees\": 116000, \"plan\": null, \"split\": [], \"amount\": 4000000, \"domain\": \"test\", \"paidAt\": \"2026-03-26T15:52:54.000Z\", \"source\": null, \"status\": \"success\", \"channel\": \"card\", \"connect\": null, \"message\": null, \"paid_at\": \"2026-03-26T15:52:54.000Z\", \"currency\": \"KES\", \"customer\": {\"id\": 347125964, \"email\": \"ngumbaujoshua04@gmail.com\", \"phone\": null, \"metadata\": null, \"last_name\": null, \"first_name\": null, \"risk_action\": \"default\", \"customer_code\": \"CUS_tyhnjonux1augqt\", \"international_format_phone\": null}, \"metadata\": {\"type\": \"vote_bundle\", \"referrer\": \"http://localhost/\", \"bundle_id\": \"\", \"event_slug\": \"mema-gala-2026\", \"nominee_id\": \"635\", \"vote_count\": \"400\", \"vote_transaction_id\": \"1340\"}, \"order_id\": null, \"createdAt\": \"2026-03-26T15:52:48.000Z\", \"reference\": \"is0w35pr2y\", \"created_at\": \"2026-03-26T15:52:48.000Z\", \"fees_split\": null, \"ip_address\": \"102.68.78.171\", \"subaccount\": [], \"plan_object\": [], \"authorization\": {\"bin\": \"408408\", \"bank\": \"TEST BANK\", \"brand\": \"visa\", \"last4\": \"4081\", \"channel\": \"card\", \"exp_year\": \"2030\", \"reusable\": true, \"card_type\": \"visa \", \"exp_month\": \"12\", \"signature\": \"SIG_AIo4OkJpP8MTSfhkghzN\", \"account_name\": null, \"country_code\": \"KE\", \"receiver_bank\": null, \"authorization_code\": \"AUTH_toh38ux3ra\", \"receiver_bank_account_number\": null}, \"fees_breakdown\": null, \"receipt_number\": null, \"gateway_response\": \"Successful\", \"requested_amount\": 4000000, \"transaction_date\": \"2026-03-26T15:52:48.000Z\", \"pos_transaction_data\": null}', 8000.00, 32000.00, 20.00, '2026-03-26 12:53:15', NULL, NULL, 0, '127.0.0.1', 'KE', 'Mozilla/5.0 (Macintosh; Intel Mac OS X 10_15_7) AppleWebKit/537.36 (KHTML, like Gecko) Chrome/144.0.0.0 Safari/537.36', NULL, '2026-03-26 12:53:06', '2026-03-26 12:53:15'),
(1341, '4720df50-d5c3-4661-b923-67c50be185ef', 6, 66, 636, 75, NULL, '+254757140682', 'ngumbaujoshua04@gmail.com', 'Ngumbau Joshua', 500, 30000.00, 'KES', 'mpesa', 'completed', NULL, NULL, NULL, NULL, 'v8oqm13dzv', '{\"id\": 5973360423, \"log\": {\"input\": [], \"errors\": 0, \"mobile\": false, \"history\": [{\"time\": 1, \"type\": \"action\", \"message\": \"Attempted to pay with mobile money\"}], \"success\": false, \"attempts\": 1, \"start_time\": 1774540435, \"time_spent\": 1}, \"fees\": 45000, \"plan\": null, \"split\": [], \"amount\": 3000000, \"domain\": \"test\", \"paidAt\": \"2026-03-26T15:53:37.000Z\", \"source\": null, \"status\": \"success\", \"channel\": \"mobile_money\", \"connect\": null, \"message\": null, \"paid_at\": \"2026-03-26T15:53:37.000Z\", \"currency\": \"KES\", \"customer\": {\"id\": 347125964, \"email\": \"ngumbaujoshua04@gmail.com\", \"phone\": null, \"metadata\": null, \"last_name\": null, \"first_name\": null, \"risk_action\": \"default\", \"customer_code\": \"CUS_tyhnjonux1augqt\", \"international_format_phone\": null}, \"metadata\": {\"type\": \"vote_bundle\", \"referrer\": \"http://localhost/\", \"bundle_id\": \"75\", \"event_slug\": \"mema-gala-2026\", \"nominee_id\": \"636\", \"vote_count\": \"500\", \"vote_transaction_id\": \"1341\"}, \"order_id\": null, \"createdAt\": \"2026-03-26T15:53:34.000Z\", \"reference\": \"v8oqm13dzv\", \"created_at\": \"2026-03-26T15:53:34.000Z\", \"fees_split\": null, \"ip_address\": \"102.68.78.171\", \"subaccount\": [], \"plan_object\": [], \"authorization\": {\"bin\": \"071XXX\", \"bank\": \"M-PESA\", \"brand\": \"M-pesa\", \"last4\": \"X000\", \"channel\": \"mobile_money\", \"exp_year\": \"9999\", \"reusable\": false, \"card_type\": \"\", \"exp_month\": \"12\", \"signature\": null, \"account_name\": null, \"country_code\": \"KE\", \"receiver_bank\": null, \"authorization_code\": \"AUTH_ig3tczhik9\", \"mobile_money_number\": \"0710000000\", \"receiver_bank_account_number\": null}, \"fees_breakdown\": null, \"receipt_number\": \"10101\", \"gateway_response\": \"Approved\", \"requested_amount\": 3000000, \"transaction_date\": \"2026-03-26T15:53:34.000Z\", \"pos_transaction_data\": null}', 6000.00, 24000.00, 20.00, '2026-03-26 12:54:04', NULL, NULL, 0, '127.0.0.1', 'KE', 'Mozilla/5.0 (Macintosh; Intel Mac OS X 10_15_7) AppleWebKit/537.36 (KHTML, like Gecko) Chrome/144.0.0.0 Safari/537.36', NULL, '2026-03-26 12:53:52', '2026-03-26 12:54:04'),
(1342, '0ed4b0f4-05fe-4b1b-9db9-69515d3d3075', 6, 66, 635, 72, NULL, '+254757140682', 'ngumbaujoshua04@gmail.com', 'Joshua Ngumbau John', 10, 900.00, 'KES', 'mpesa', 'completed', NULL, NULL, NULL, NULL, 'gni7vzxora', '{\"id\": 5974165368, \"log\": {\"input\": [], \"errors\": 0, \"mobile\": true, \"history\": [{\"time\": 3, \"type\": \"action\", \"message\": \"Set payment method to: atl_ke\"}, {\"time\": 4, \"type\": \"action\", \"message\": \"Attempted to pay with mobile money\"}], \"success\": false, \"attempts\": 1, \"start_time\": 1774559401, \"time_spent\": 4}, \"fees\": 1350, \"plan\": null, \"split\": [], \"amount\": 90000, \"domain\": \"test\", \"paidAt\": \"2026-03-26T21:09:48.000Z\", \"source\": null, \"status\": \"success\", \"channel\": \"mobile_money\", \"connect\": null, \"message\": null, \"paid_at\": \"2026-03-26T21:09:48.000Z\", \"currency\": \"KES\", \"customer\": {\"id\": 347125964, \"email\": \"ngumbaujoshua04@gmail.com\", \"phone\": null, \"metadata\": null, \"last_name\": null, \"first_name\": null, \"risk_action\": \"default\", \"customer_code\": \"CUS_tyhnjonux1augqt\", \"international_format_phone\": null}, \"metadata\": {\"type\": \"vote_bundle\", \"referrer\": \"http://localhost/\", \"bundle_id\": \"72\", \"event_slug\": \"mema-gala-2026\", \"nominee_id\": \"635\", \"vote_count\": \"10\", \"vote_transaction_id\": \"1342\"}, \"order_id\": null, \"createdAt\": \"2026-03-26T21:09:42.000Z\", \"reference\": \"gni7vzxora\", \"created_at\": \"2026-03-26T21:09:42.000Z\", \"fees_split\": null, \"ip_address\": \"102.68.78.171\", \"subaccount\": [], \"plan_object\": [], \"authorization\": {\"bin\": \"071XXX\", \"bank\": \"Airtel Kenya\", \"brand\": \"Airtel kenya\", \"last4\": \"X000\", \"channel\": \"mobile_money\", \"exp_year\": \"9999\", \"reusable\": false, \"card_type\": \"\", \"exp_month\": \"12\", \"signature\": null, \"account_name\": null, \"country_code\": \"KE\", \"receiver_bank\": null, \"authorization_code\": \"AUTH_odet4pw299\", \"mobile_money_number\": \"0710000000\", \"receiver_bank_account_number\": null}, \"fees_breakdown\": null, \"receipt_number\": \"10101\", \"gateway_response\": \"Approved\", \"requested_amount\": 90000, \"transaction_date\": \"2026-03-26T21:09:42.000Z\", \"pos_transaction_data\": null}', 180.00, 720.00, 20.00, '2026-03-26 18:10:13', NULL, NULL, 0, '127.0.0.1', 'KE', 'Mozilla/5.0 (iPhone; CPU iPhone OS 18_5 like Mac OS X) AppleWebKit/605.1.15 (KHTML, like Gecko) Version/18.5 Mobile/15E148 Safari/604.1', NULL, '2026-03-26 18:09:58', '2026-03-26 18:10:13');

-- --------------------------------------------------------

--
-- Table structure for table `voting_announcements`
--

CREATE TABLE `voting_announcements` (
  `id` bigint UNSIGNED NOT NULL,
  `client_id` bigint UNSIGNED NOT NULL,
  `event_id` bigint UNSIGNED DEFAULT NULL,
  `voting_category_id` bigint UNSIGNED DEFAULT NULL,
  `title` varchar(255) COLLATE utf8mb4_unicode_ci NOT NULL,
  `content` text COLLATE utf8mb4_unicode_ci NOT NULL,
  `type` enum('info','update','results','winner','reminder','urgent') COLLATE utf8mb4_unicode_ci NOT NULL DEFAULT 'info',
  `visibility` enum('public','registered','voters_only') COLLATE utf8mb4_unicode_ci NOT NULL DEFAULT 'public',
  `publish_at` timestamp NULL DEFAULT NULL,
  `expires_at` timestamp NULL DEFAULT NULL,
  `is_pinned` tinyint(1) NOT NULL DEFAULT '0',
  `is_published` tinyint(1) NOT NULL DEFAULT '0',
  `created_by` bigint UNSIGNED DEFAULT NULL,
  `created_at` timestamp NULL DEFAULT NULL,
  `updated_at` timestamp NULL DEFAULT NULL
) ENGINE=InnoDB DEFAULT CHARSET=utf8mb4 COLLATE=utf8mb4_unicode_ci;

-- --------------------------------------------------------

--
-- Table structure for table `voting_audit_logs`
--

CREATE TABLE `voting_audit_logs` (
  `id` bigint UNSIGNED NOT NULL,
  `client_id` bigint UNSIGNED NOT NULL,
  `event_id` bigint UNSIGNED DEFAULT NULL,
  `voting_category_id` bigint UNSIGNED DEFAULT NULL,
  `candidate_id` bigint UNSIGNED DEFAULT NULL,
  `user_id` bigint UNSIGNED DEFAULT NULL,
  `action` varchar(50) COLLATE utf8mb4_unicode_ci NOT NULL,
  `entity_type` varchar(50) COLLATE utf8mb4_unicode_ci DEFAULT NULL,
  `entity_id` bigint UNSIGNED DEFAULT NULL,
  `old_values` json DEFAULT NULL,
  `new_values` json DEFAULT NULL,
  `ip_address` varchar(45) COLLATE utf8mb4_unicode_ci DEFAULT NULL,
  `user_agent` text COLLATE utf8mb4_unicode_ci,
  `description` text COLLATE utf8mb4_unicode_ci,
  `created_at` timestamp NULL DEFAULT NULL,
  `updated_at` timestamp NULL DEFAULT NULL
) ENGINE=InnoDB DEFAULT CHARSET=utf8mb4 COLLATE=utf8mb4_unicode_ci;

--
-- Dumping data for table `voting_audit_logs`
--

INSERT INTO `voting_audit_logs` (`id`, `client_id`, `event_id`, `voting_category_id`, `candidate_id`, `user_id`, `action`, `entity_type`, `entity_id`, `old_values`, `new_values`, `ip_address`, `user_agent`, `description`, `created_at`, `updated_at`) VALUES
(1, 1, NULL, NULL, NULL, 2, 'voting_opened', NULL, NULL, NULL, NULL, '127.0.0.1', 'Seeder', 'Voting period opened for IKWA Awards 2026', '2026-02-12 09:06:48', '2026-02-12 09:06:48');

-- --------------------------------------------------------

--
-- Table structure for table `voting_candidates`
--

CREATE TABLE `voting_candidates` (
  `id` bigint UNSIGNED NOT NULL,
  `uuid` char(36) COLLATE utf8mb4_unicode_ci NOT NULL,
  `client_id` bigint UNSIGNED NOT NULL,
  `voting_category_id` bigint UNSIGNED NOT NULL,
  `user_id` bigint UNSIGNED DEFAULT NULL,
  `code` varchar(20) COLLATE utf8mb4_unicode_ci NOT NULL,
  `name` varchar(255) COLLATE utf8mb4_unicode_ci NOT NULL,
  `slug` varchar(255) COLLATE utf8mb4_unicode_ci NOT NULL,
  `title` varchar(255) COLLATE utf8mb4_unicode_ci DEFAULT NULL,
  `description` text COLLATE utf8mb4_unicode_ci,
  `image` varchar(500) COLLATE utf8mb4_unicode_ci DEFAULT NULL,
  `thumbnail` varchar(500) COLLATE utf8mb4_unicode_ci DEFAULT NULL,
  `social_links` json DEFAULT NULL,
  `meta` json DEFAULT NULL,
  `sort_order` int NOT NULL DEFAULT '0',
  `is_active` tinyint(1) NOT NULL DEFAULT '1',
  `is_winner` tinyint(1) NOT NULL DEFAULT '0',
  `winner_position` tinyint UNSIGNED DEFAULT NULL,
  `total_votes` bigint UNSIGNED NOT NULL DEFAULT '0',
  `total_amount` decimal(15,2) NOT NULL DEFAULT '0.00',
  `created_at` timestamp NULL DEFAULT NULL,
  `updated_at` timestamp NULL DEFAULT NULL,
  `deleted_at` timestamp NULL DEFAULT NULL
) ENGINE=InnoDB DEFAULT CHARSET=utf8mb4 COLLATE=utf8mb4_unicode_ci;

--
-- Dumping data for table `voting_candidates`
--

INSERT INTO `voting_candidates` (`id`, `uuid`, `client_id`, `voting_category_id`, `user_id`, `code`, `name`, `slug`, `title`, `description`, `image`, `thumbnail`, `social_links`, `meta`, `sort_order`, `is_active`, `is_winner`, `winner_position`, `total_votes`, `total_amount`, `created_at`, `updated_at`, `deleted_at`) VALUES
(361, 'aac82b5a-7327-48dc-9d30-806488d0fc53', 4, 64, NULL, 'XCGDLU', 'Jane Wanjiku', 'jane-wanjiku', 'County Governor', 'Nairobi', NULL, NULL, NULL, NULL, 0, 1, 0, NULL, 154, 0.00, '2026-03-06 07:32:47', '2026-03-06 10:00:42', NULL),
(362, '29322e85-edef-40f2-8cf6-a4f9b025447c', 4, 64, NULL, 'C4LFBP', 'Aisha Mohamed', 'aisha-mohamed', 'CS Health', 'Mombasa', NULL, NULL, NULL, NULL, 0, 1, 0, NULL, 581, 0.00, '2026-03-06 07:32:47', '2026-03-06 10:00:42', NULL),
(363, '48a7a6f7-265c-43f8-ac34-b4942d2df2d4', 4, 64, NULL, 'TSO17T', 'Grace Njeri', 'grace-njeri', 'CEO NGO', 'Kiambu', NULL, NULL, NULL, NULL, 0, 1, 0, NULL, 267, 0.00, '2026-03-06 07:32:47', '2026-03-06 10:00:42', NULL),
(364, 'f86c17e6-9665-4402-9c20-a9515687336f', 4, 64, NULL, 'HYCLF4', 'Beatrice Otieno', 'beatrice-otieno', 'MP', 'Kisumu', 'voting/candidates/364/candidate_364_h1frZYHb.jpeg', NULL, NULL, NULL, 0, 1, 0, NULL, 725, 0.00, '2026-03-06 07:32:47', '2026-03-14 09:27:37', NULL),
(365, '7bc7f31a-cf10-4ed3-a983-dc113b07fa96', 4, 64, NULL, 'LTYMEH', 'Sarah Kamau', 'sarah-kamau', 'Director Public Service', 'Nakuru', NULL, NULL, NULL, NULL, 0, 1, 0, NULL, 725, 0.00, '2026-03-06 07:32:47', '2026-03-06 10:00:42', NULL),
(366, 'ec3e9899-32d9-4e95-8cc3-c78ebd00d017', 4, 64, NULL, '9PNWBT', 'Mercy Wangari', 'mercy-wangari', 'Principal', 'Narok', NULL, NULL, NULL, NULL, 0, 1, 0, NULL, 689, 0.00, '2026-03-06 07:32:47', '2026-03-06 10:00:42', NULL),
(367, '9d7057f3-6077-4eda-bc6a-48bfb6823d67', 4, 65, NULL, 'TG5ZOA', 'Fatuma Hassan', 'fatuma-hassan', 'Founder Fintech', 'Nairobi', NULL, NULL, NULL, NULL, 0, 1, 0, NULL, 565, 0.00, '2026-03-06 07:32:47', '2026-03-06 10:00:42', NULL),
(368, 'd7631241-81dc-4e56-8be7-415f2a8006ab', 4, 65, NULL, 'MRIKRW', 'Lilian Mwangi', 'lilian-mwangi', 'CEO Manufacturing', 'Thika', NULL, NULL, NULL, NULL, 0, 1, 0, NULL, 603, 0.00, '2026-03-06 07:32:47', '2026-03-06 10:00:42', NULL),
(369, '5d4c5db6-70c7-434a-8710-88d6bc065431', 4, 65, NULL, 'Z6OTXZ', 'Rose Kimani', 'rose-kimani', 'Agribusiness', 'Eldoret', NULL, NULL, NULL, NULL, 0, 1, 0, NULL, 188, 0.00, '2026-03-06 07:32:47', '2026-03-06 10:00:42', NULL),
(370, 'f8cb5801-7d11-4860-8963-28af6686130d', 4, 65, NULL, 'RORRNO', 'Charity Odhiambo', 'charity-odhiambo', 'Retail Chain', 'Kisumu', NULL, NULL, NULL, NULL, 0, 1, 0, NULL, 338, 0.00, '2026-03-06 07:32:47', '2026-03-06 10:00:42', NULL),
(371, '782d9601-e6e1-473b-adc8-7929bc57b31c', 4, 65, NULL, '53UNLW', 'Ann Waweru', 'ann-waweru', 'Real Estate', 'Nairobi', NULL, NULL, NULL, NULL, 0, 1, 0, NULL, 724, 0.00, '2026-03-06 07:32:47', '2026-03-06 10:00:42', NULL),
(372, '01d57de4-1872-4e38-97dd-7b1bd34fb040', 4, 65, NULL, 'XX8LDZ', 'Debra Muthoni', 'debra-muthoni', 'Export Business', 'Nyeri', NULL, NULL, NULL, NULL, 0, 1, 0, NULL, 760, 0.00, '2026-03-06 07:32:47', '2026-03-06 10:00:42', NULL),
(373, '5971329d-d08b-4324-96d2-4a600e0f4525', 4, 66, NULL, 'WHBODK', 'Diana Omondi', 'diana-omondi', 'Media Personality', 'Nairobi', NULL, NULL, NULL, NULL, 0, 1, 0, NULL, 1189, 0.00, '2026-03-06 07:32:47', '2026-03-14 13:54:17', NULL),
(374, 'e28781c6-2123-4587-9caf-81ef7c591da4', 4, 66, NULL, 'FX6RJ9', 'Joyce Muthami', 'joyce-muthami', 'Artist', 'Machakos', NULL, NULL, NULL, NULL, 0, 1, 0, NULL, 717, 0.00, '2026-03-06 07:32:47', '2026-03-06 10:00:42', NULL),
(375, 'f9ee0174-649b-4554-a049-34190191d379', 4, 66, NULL, 'MGBTFT', 'Purity Njeri', 'purity-njeri', 'Author', 'Nairobi', NULL, NULL, NULL, NULL, 0, 1, 0, NULL, 393, 0.00, '2026-03-06 07:32:47', '2026-03-14 17:36:19', NULL),
(376, '6f676e3c-c153-4ee5-b03d-a49c2adba92d', 4, 66, NULL, 'JV929K', 'Esther Achieng', 'esther-achieng', 'Youth Activist', 'Kisumu', NULL, NULL, NULL, NULL, 0, 1, 0, NULL, 6136, 0.00, '2026-03-06 07:32:47', '2026-03-14 17:16:34', NULL),
(377, '94c83930-49ec-4c86-9d15-3bf05a11ad0a', 4, 66, NULL, 'B1ISVD', 'Vivian Kamoto', 'vivian-kamoto', 'Fashion Designer', 'Mombasa', NULL, NULL, NULL, NULL, 0, 1, 0, NULL, 6485, 0.00, '2026-03-06 07:32:47', '2026-03-14 14:43:44', NULL),
(378, '69023c3a-560c-436d-9bde-bc25dea47fcd', 4, 66, NULL, 'X8B748', 'Hellen Chepng\'eno', 'hellen-chepngeno', 'Marathon Champion', 'Eldoret', NULL, NULL, NULL, NULL, 0, 1, 0, NULL, 748, 0.00, '2026-03-06 07:32:47', '2026-03-06 10:00:42', NULL),
(379, '22779096-4aab-4c3f-a7e5-c47b3c404165', 4, 67, NULL, 'MYJNSR', 'Amina Yusuf', 'amina-yusuf', 'Student', 'Nairobi', NULL, NULL, NULL, NULL, 0, 1, 0, NULL, 400, 0.00, '2026-03-06 07:32:47', '2026-03-06 10:00:42', NULL),
(380, 'cc366780-e5e5-486e-b12f-13188bde6fa5', 4, 67, NULL, 'SKLCIU', 'Carol Mwangi', 'carol-mwangi', 'Entrepreneur', 'Thika', NULL, NULL, NULL, NULL, 0, 1, 0, NULL, 648, 0.00, '2026-03-06 07:32:47', '2026-03-06 10:00:42', NULL),
(381, '01430530-56c7-4099-8c59-bdae4c644639', 4, 67, NULL, 'K1JYKC', 'Sharon Gathoni', 'sharon-gathoni', 'Model', 'Nairobi', NULL, NULL, NULL, NULL, 0, 1, 0, NULL, 335, 0.00, '2026-03-06 07:32:47', '2026-03-06 10:00:42', NULL),
(382, 'd0e1fb70-a21c-45ab-8263-5bdecc84e220', 4, 67, NULL, 'QES56O', 'Tabitha Wanjiku', 'tabitha-wanjiku', 'Content Creator', 'Kisumu', NULL, NULL, NULL, NULL, 0, 1, 0, NULL, 5503, 0.00, '2026-03-06 07:32:47', '2026-03-14 14:39:05', NULL),
(383, '5ae23155-1be6-4371-9213-6903fbb01318', 4, 67, NULL, 'OMFGCD', 'Faith Maina', 'faith-maina', 'Community Leader', 'Nakuru', NULL, NULL, NULL, NULL, 0, 1, 0, NULL, 130, 0.00, '2026-03-06 07:32:47', '2026-03-06 10:00:42', NULL),
(384, '7e774334-7d5a-4051-acd8-48d3215c5de8', 4, 67, NULL, 'GLIG4O', 'Lucy Chebet', 'lucy-chebet', 'Athlete', 'Eldoret', NULL, NULL, NULL, NULL, 0, 1, 0, NULL, 464, 0.00, '2026-03-06 07:32:47', '2026-03-06 10:00:42', NULL),
(409, 'd205731b-72b2-4a61-822e-1a8c09bc04a1', 1, 74, NULL, 'TOP001', 'Fatuma Hassan', 'fatuma-hassan-61', 'County Governor', 'First woman governor in Lamu County, transformed healthcare and education infrastructure.', NULL, NULL, NULL, NULL, 1, 1, 0, NULL, 0, 0.00, '2026-03-11 07:06:44', '2026-03-11 07:06:44', NULL),
(410, '91e2749a-3168-4762-863a-15633483bb82', 1, 74, NULL, 'TOP002', 'Peter Njoroge', 'peter-njoroge-61', 'CEO, PanAfrica Holdings', 'Led a pan-African expansion strategy reaching 8 new markets in 3 years.', NULL, NULL, NULL, NULL, 2, 1, 0, NULL, 0, 0.00, '2026-03-11 07:06:44', '2026-03-11 07:06:44', NULL),
(411, '24706869-bb78-4392-9527-d59c6772a30f', 1, 74, NULL, 'TOP003', 'Ruth Achieng', 'ruth-achieng-61', 'Director, UN Women Kenya', 'Championed gender equity policies adopted by 12 county governments.', NULL, NULL, NULL, NULL, 3, 1, 0, NULL, 0, 0.00, '2026-03-11 07:06:44', '2026-03-11 07:06:44', NULL),
(412, 'f6b761c8-4ac4-444d-845d-bdaee9595d80', 1, 74, NULL, 'TOP004', 'Brian Mwenda', 'brian-mwenda-61', 'Chairman, Nairobi Chamber', 'Facilitated KES 2B in trade deals between Kenyan SMEs and international partners.', NULL, NULL, NULL, NULL, 4, 1, 0, NULL, 0, 0.00, '2026-03-11 07:06:44', '2026-03-11 07:06:44', NULL),
(413, '1abe6faa-d92f-42bb-ade2-61d75517b208', 1, 74, NULL, 'TOP005', 'Agnes Wambui', 'agnes-wambui-61', 'Principal Secretary, ICT', 'Spearheaded Kenya\'s national digital identity and broadband connectivity programmes.', NULL, NULL, NULL, NULL, 5, 1, 0, NULL, 0, 0.00, '2026-03-11 07:06:44', '2026-03-11 07:06:44', NULL),
(414, 'ff6361fd-6cbf-41ab-9f4e-eeba28749116', 1, 74, NULL, 'TOP006', 'Tom Odhiambo', 'tom-odhiambo-61', 'MD, East Africa Cement', 'Scaled operations to 1,200 employees and reduced carbon footprint by 30% in 4 years.', NULL, NULL, NULL, NULL, 6, 1, 0, NULL, 0, 0.00, '2026-03-11 07:06:44', '2026-03-11 07:06:44', NULL),
(415, '17664a3c-9b76-4db1-ac32-d064497b4f2c', 1, 75, NULL, 'BES001', 'Nadia Wambua', 'nadia-wambua-61', 'Founder, FashionBridge', 'Built an e-commerce platform connecting African designers to global buyers, 200% YoY growth.', NULL, NULL, NULL, NULL, 1, 1, 0, NULL, 0, 0.00, '2026-03-11 07:06:44', '2026-03-11 07:06:44', NULL),
(416, '395f985f-eb8a-4790-99c9-a9c2ed815c6b', 1, 75, NULL, 'BES002', 'Felix Mutua', 'felix-mutua-61', 'CEO, FinServe Kenya', 'Grew a microfinance startup to KES 4B in loan book within 5 years.', NULL, NULL, NULL, NULL, 2, 1, 0, NULL, 0, 0.00, '2026-03-11 07:06:44', '2026-03-11 07:06:44', NULL),
(417, '898fafa7-e760-4cfa-88db-9a75b2c96389', 1, 75, NULL, 'BES003', 'Sharon Kimani', 'sharon-kimani-61', 'Director, FoodTech EA', 'Launched a farm-to-table food delivery service across 5 Kenyan cities.', NULL, NULL, NULL, NULL, 3, 1, 0, NULL, 0, 0.00, '2026-03-11 07:06:44', '2026-03-11 07:06:44', NULL),
(418, '76c6e2fd-45ba-4002-9799-934894e15b9b', 1, 75, NULL, 'BES004', 'Edwin Barasa', 'edwin-barasa-61', 'Co-founder, BuildRight', 'Disrupted affordable housing with a prefab construction model cutting build time by 60%.', NULL, NULL, NULL, NULL, 4, 1, 0, NULL, 0, 0.00, '2026-03-11 07:06:44', '2026-03-11 07:06:44', NULL),
(419, 'f7f31f2f-fbce-408d-914b-d119bf9a0b5a', 1, 75, NULL, 'BES005', 'Miriam Njeru', 'miriam-njeru-61', 'CEO, MedicoPlus Kenya', 'Expanded diagnostic health services to 30+ counties via mobile clinics and telehealth.', NULL, NULL, NULL, NULL, 5, 1, 0, NULL, 0, 0.00, '2026-03-11 07:06:44', '2026-03-11 07:06:44', NULL),
(420, 'c57b06b1-2251-4799-ae79-d79db9f27887', 1, 76, NULL, 'INN001', 'Kelvin Ouma', 'kelvin-ouma-61', 'Founder, WaterSense AI', 'Built AI-powered water quality monitoring for rural boreholes, adopted by 3 counties.', NULL, NULL, NULL, NULL, 1, 1, 0, NULL, 0, 0.00, '2026-03-11 07:06:44', '2026-03-11 07:06:44', NULL),
(421, '13cfaca4-ef85-48d1-a415-41cd4cdd6ef2', 1, 76, NULL, 'INN002', 'Lydia Maina', 'lydia-maina-61', 'CTO, CodeBridge Africa', 'Created a low-code platform enabling non-developers to build mobile apps for local markets.', NULL, NULL, NULL, NULL, 2, 1, 0, NULL, 0, 0.00, '2026-03-11 07:06:44', '2026-03-11 07:06:44', NULL),
(422, '15667dc3-e78f-4f57-a4c7-62f431ee0642', 1, 76, NULL, 'INN003', 'Victor Kiprop', 'victor-kiprop-61', 'Founder, CleanMove', 'Introduced solar-powered electric motorcycles for boda boda riders, 800 units deployed.', NULL, NULL, NULL, NULL, 3, 1, 0, NULL, 0, 0.00, '2026-03-11 07:06:44', '2026-03-11 07:06:44', NULL),
(423, '41acc355-786b-4cb4-9724-74fa4450cf1a', 1, 76, NULL, 'INN004', 'Esther Auma', 'esther-auma-61', 'CEO, HealthML', 'Developed an ML-based early diagnosis tool for tropical diseases used in 50+ clinics.', NULL, NULL, NULL, NULL, 4, 1, 0, NULL, 0, 0.00, '2026-03-11 07:06:44', '2026-03-11 07:06:44', NULL),
(424, 'f0a7768c-ca5e-43c0-b3b3-ee841b8af304', 1, 77, NULL, 'YOU001', 'Ian Mwangi', 'ian-mwangi-61', 'Founder, YouthCode Kenya', 'Trained 5,000+ youth in coding and entrepreneurship across Nairobi\'s informal settlements.', NULL, NULL, NULL, NULL, 1, 1, 0, NULL, 0, 0.00, '2026-03-11 07:06:44', '2026-03-11 07:06:44', NULL),
(425, '05632134-2c35-4345-9eb2-4aa3c3eb031b', 1, 77, NULL, 'YOU002', 'Clara Ndirangu', 'clara-ndirangu-61', 'Activist & Social Entrepreneur', 'Established 20 youth hubs in rural areas providing mentorship, wifi, and seed grants.', NULL, NULL, NULL, NULL, 2, 1, 0, NULL, 0, 0.00, '2026-03-11 07:06:44', '2026-03-11 07:06:44', NULL),
(426, '7aeddd9c-49de-4771-a07a-3c5a68fb577b', 1, 77, NULL, 'YOU003', 'Amos Cheruiyot', 'amos-cheruiyot-61', 'Founder, SportPulse EA', 'Uses football as a vehicle for youth mental health programmes in 8 counties.', NULL, NULL, NULL, NULL, 3, 1, 0, NULL, 0, 0.00, '2026-03-11 07:06:44', '2026-03-11 07:06:44', NULL),
(427, '1d9bb6b8-0c47-4cc5-ab09-addfb296179a', 1, 77, NULL, 'YOU004', 'Zoe Kariuki', 'zoe-kariuki-61', 'CEO, GreenYouth Initiative', 'Mobilised 10,000 youth for environmental restoration projects across the Rift Valley.', NULL, NULL, NULL, NULL, 4, 1, 0, NULL, 0, 0.00, '2026-03-11 07:06:44', '2026-03-11 07:06:44', NULL),
(428, '5d505839-15fb-4d00-888c-d2cdf5a0c31e', 1, 78, NULL, 'BST001', 'NovaPay Africa', 'novapay-africa-vc-62', 'Instant cross-border payments', 'This candidate is live in the voting phase.', NULL, NULL, NULL, NULL, 1, 1, 0, NULL, 821, 8210.00, '2026-03-11 07:06:47', '2026-03-11 07:06:47', NULL),
(429, '18f9d662-e9c3-48f3-94c8-2c5886787b13', 1, 78, NULL, 'BST002', 'FarmConnect Kenya', 'farmconnect-kenya-vc-62', 'Digital marketplace for farmers', 'This candidate is live in the voting phase.', NULL, NULL, NULL, NULL, 2, 1, 0, NULL, 654, 6540.00, '2026-03-11 07:06:47', '2026-03-11 07:06:47', NULL),
(430, '659bff5e-89a0-435b-ae81-769905b3fd49', 1, 78, NULL, 'BST003', 'MediBridge EA', 'medibridge-ea-vc-62', 'Telemedicine for rural communities', 'This candidate is live in the voting phase.', NULL, NULL, NULL, NULL, 3, 1, 0, NULL, 510, 5100.00, '2026-03-11 07:06:47', '2026-03-11 07:06:47', NULL),
(431, 'b0777ef9-e392-489d-875b-bbe7f0e09161', 1, 78, NULL, 'BST004', 'SolarGrid Africa', 'solargrid-africa-vc-62', 'Affordable solar for off-grid homes', 'This candidate is live in the voting phase.', NULL, NULL, NULL, NULL, 4, 1, 0, NULL, 389, 3890.00, '2026-03-11 07:06:47', '2026-03-11 07:06:47', NULL),
(432, 'f15f64a7-a2a8-4ef3-810e-3eaae343589b', 1, 78, NULL, 'BST005', 'EduFlow Digital', 'eduflow-digital-vc-62', 'Offline-first learning platform', 'This candidate is live in the voting phase.', NULL, NULL, NULL, NULL, 5, 1, 0, NULL, 120, 1200.00, '2026-03-11 07:06:47', '2026-03-11 07:06:47', NULL),
(433, '7907b2b7-f52d-4ce4-b0c3-8d527fa6b9a1', 1, 79, NULL, 'BDV001', 'Kofi Mensah', 'kofi-mensah-vc-62', 'Full-stack engineer, Lagos', 'This candidate is live in the voting phase.', NULL, NULL, NULL, NULL, 1, 1, 0, NULL, 730, 7300.00, '2026-03-11 07:06:47', '2026-03-11 07:06:47', NULL),
(434, '2ca76272-b04a-41a2-b91e-745e3fe9bfb1', 1, 79, NULL, 'BDV002', 'Aisha Kariuki', 'aisha-kariuki-vc-62', 'ML engineer, Nairobi', 'This candidate is live in the voting phase.', NULL, NULL, NULL, NULL, 2, 1, 0, NULL, 590, 5900.00, '2026-03-11 07:06:47', '2026-03-11 07:06:47', NULL),
(435, '16cbea3e-5542-4483-9622-e94082c2dac0', 1, 79, NULL, 'BDV003', 'Samuel Osei', 'samuel-osei-vc-62', 'DevOps architect, Accra', 'This candidate is live in the voting phase.', NULL, NULL, NULL, NULL, 3, 1, 0, NULL, 445, 4450.00, '2026-03-11 07:06:47', '2026-03-11 07:06:47', NULL),
(436, '77bfb712-a785-4f55-8322-bdcfb13715da', 1, 79, NULL, 'BDV004', 'Nanjira Waweru', 'nanjira-waweru-vc-62', 'Security researcher, Nairobi', 'This candidate is live in the voting phase.', NULL, NULL, NULL, NULL, 4, 1, 0, NULL, 280, 2800.00, '2026-03-11 07:06:47', '2026-03-11 07:06:47', NULL),
(437, '4a4ab6ec-98e6-46e7-9198-e8b32b633326', 1, 80, NULL, 'BTP001', 'TuqioVote Platform', 'tuqiovote-platform-vc-62', 'End-to-end voting & awards SaaS', 'This candidate is live in the voting phase.', NULL, NULL, NULL, NULL, 1, 1, 0, NULL, 945, 9450.00, '2026-03-11 07:06:47', '2026-03-11 07:06:47', NULL),
(438, 'fe8abbcc-ea46-4818-a76c-b0ca9bd4d83b', 1, 80, NULL, 'BTP002', 'M-Kilimo App', 'm-kilimo-app-vc-62', 'AI crop advisory via USSD', 'This candidate is live in the voting phase.', NULL, NULL, NULL, NULL, 2, 1, 0, NULL, 670, 6700.00, '2026-03-11 07:06:47', '2026-03-11 07:06:47', NULL),
(439, '378eaf15-f657-46fe-9aa3-bb98c42a140e', 1, 80, NULL, 'BTP003', 'HealthID Kenya', 'healthid-kenya-vc-62', 'National digital health records', 'This candidate is live in the voting phase.', NULL, NULL, NULL, NULL, 3, 1, 0, NULL, 480, 4800.00, '2026-03-11 07:06:47', '2026-03-11 07:06:47', NULL),
(440, '0d9368d8-f62f-4da1-b038-c35f266716c6', 1, 80, NULL, 'BTP004', 'RideSync EA', 'ridesync-ea-vc-62', 'Multi-modal urban mobility app', 'This candidate is live in the voting phase.', NULL, NULL, NULL, NULL, 4, 1, 0, NULL, 315, 3150.00, '2026-03-11 07:06:47', '2026-03-11 07:06:47', NULL);

-- --------------------------------------------------------

--
-- Table structure for table `voting_categories`
--

CREATE TABLE `voting_categories` (
  `id` bigint UNSIGNED NOT NULL,
  `client_id` bigint UNSIGNED NOT NULL,
  `event_id` bigint UNSIGNED DEFAULT NULL,
  `name` varchar(255) COLLATE utf8mb4_unicode_ci NOT NULL,
  `slug` varchar(255) COLLATE utf8mb4_unicode_ci NOT NULL,
  `description` text COLLATE utf8mb4_unicode_ci,
  `image` varchar(500) COLLATE utf8mb4_unicode_ci DEFAULT NULL,
  `sort_order` int NOT NULL DEFAULT '0',
  `is_active` tinyint(1) NOT NULL DEFAULT '1',
  `voting_enabled` tinyint(1) NOT NULL DEFAULT '1',
  `voting_starts_at` timestamp NULL DEFAULT NULL,
  `voting_ends_at` timestamp NULL DEFAULT NULL,
  `max_votes_per_user` int UNSIGNED DEFAULT NULL,
  `meta` json DEFAULT NULL,
  `created_at` timestamp NULL DEFAULT NULL,
  `updated_at` timestamp NULL DEFAULT NULL,
  `deleted_at` timestamp NULL DEFAULT NULL
) ENGINE=InnoDB DEFAULT CHARSET=utf8mb4 COLLATE=utf8mb4_unicode_ci;

--
-- Dumping data for table `voting_categories`
--

INSERT INTO `voting_categories` (`id`, `client_id`, `event_id`, `name`, `slug`, `description`, `image`, `sort_order`, `is_active`, `voting_enabled`, `voting_starts_at`, `voting_ends_at`, `max_votes_per_user`, `meta`, `created_at`, `updated_at`, `deleted_at`) VALUES
(64, 4, 55, 'Top 100 Women in Leadership', 'top-100-leadership', 'Women in governance, public sector & civil society', 'categories/nomination-open-poster.png', 0, 1, 1, NULL, NULL, NULL, NULL, '2026-03-06 07:32:20', '2026-03-06 07:50:46', NULL),
(65, 4, 55, 'Top 100 Business & Brands', 'top-100-business', 'Outstanding women entrepreneurs & business leaders', 'categories/nomination-open-poster.png', 0, 1, 1, NULL, NULL, NULL, NULL, '2026-03-06 07:32:47', '2026-03-06 07:50:46', NULL),
(66, 4, 55, '100 Women of Influence', '100-influential', 'Women driving cultural & social change', 'categories/nomination-open-poster.png', 0, 1, 1, NULL, NULL, NULL, NULL, '2026-03-06 07:32:47', '2026-03-06 07:50:46', NULL),
(67, 4, 55, 'Miss Independent Kenya', 'miss-independent', 'Inspiring young women aged 18-30', 'categories/nomination-open-poster.png', 0, 1, 1, NULL, NULL, NULL, NULL, '2026-03-06 07:32:47', '2026-03-06 07:50:46', NULL),
(74, 1, 61, 'Top 100 in Leadership', 'top-100-in-leadership', NULL, NULL, 1, 1, 1, '2026-03-11 06:06:44', '2026-04-05 07:06:44', NULL, NULL, '2026-03-11 07:06:44', '2026-03-11 07:06:44', NULL),
(75, 1, 61, 'Best in Business', 'best-in-business', NULL, NULL, 2, 1, 1, '2026-03-11 06:06:44', '2026-04-05 07:06:44', NULL, NULL, '2026-03-11 07:06:44', '2026-03-11 07:06:44', NULL),
(76, 1, 61, 'Innovator of the Year', 'innovator-of-the-year', NULL, NULL, 3, 1, 1, '2026-03-11 06:06:44', '2026-04-05 07:06:44', NULL, NULL, '2026-03-11 07:06:44', '2026-03-11 07:06:44', NULL),
(77, 1, 61, 'Youth Champion Award', 'youth-champion-award', NULL, NULL, 4, 1, 1, '2026-03-11 06:06:44', '2026-04-05 07:06:44', NULL, NULL, '2026-03-11 07:06:44', '2026-03-11 07:06:44', NULL),
(78, 1, 62, 'Best Startup 2026', 'best-startup-2026-voting', NULL, NULL, 1, 1, 1, '2026-03-08 07:06:47', '2026-03-22 07:06:47', NULL, NULL, '2026-03-11 07:06:47', '2026-03-11 07:06:47', NULL),
(79, 1, 62, 'Best Developer 2026', 'best-developer-2026-voting', NULL, NULL, 2, 1, 1, '2026-03-08 07:06:47', '2026-03-22 07:06:47', NULL, NULL, '2026-03-11 07:06:47', '2026-03-11 07:06:47', NULL),
(80, 1, 62, 'Best Tech Product 2026', 'best-tech-product-2026-voting', NULL, NULL, 3, 1, 1, '2026-03-08 07:06:47', '2026-03-22 07:06:47', NULL, NULL, '2026-03-11 07:06:47', '2026-03-11 07:06:47', NULL);

-- --------------------------------------------------------

--
-- Table structure for table `voting_codes`
--

CREATE TABLE `voting_codes` (
  `id` bigint UNSIGNED NOT NULL,
  `client_id` bigint UNSIGNED NOT NULL,
  `event_id` bigint UNSIGNED NOT NULL,
  `code` varchar(20) COLLATE utf8mb4_unicode_ci NOT NULL,
  `nominee_id` bigint UNSIGNED NOT NULL,
  `shortcode` varchar(20) COLLATE utf8mb4_unicode_ci NOT NULL,
  `keyword` varchar(50) COLLATE utf8mb4_unicode_ci DEFAULT NULL,
  `is_active` tinyint(1) NOT NULL DEFAULT '1',
  `created_at` timestamp NULL DEFAULT NULL,
  `updated_at` timestamp NULL DEFAULT NULL
) ENGINE=InnoDB DEFAULT CHARSET=utf8mb4 COLLATE=utf8mb4_unicode_ci;

-- --------------------------------------------------------

--
-- Table structure for table `voting_delegates`
--

CREATE TABLE `voting_delegates` (
  `id` bigint UNSIGNED NOT NULL,
  `client_id` bigint UNSIGNED NOT NULL,
  `event_id` bigint UNSIGNED DEFAULT NULL,
  `delegator_id` bigint UNSIGNED NOT NULL,
  `delegate_id` bigint UNSIGNED NOT NULL,
  `voting_category_id` bigint UNSIGNED DEFAULT NULL,
  `vote_weight` int UNSIGNED NOT NULL DEFAULT '1',
  `valid_from` timestamp NULL DEFAULT NULL,
  `valid_until` timestamp NULL DEFAULT NULL,
  `is_active` tinyint(1) NOT NULL DEFAULT '1',
  `notes` text COLLATE utf8mb4_unicode_ci,
  `created_at` timestamp NULL DEFAULT NULL,
  `updated_at` timestamp NULL DEFAULT NULL
) ENGINE=InnoDB DEFAULT CHARSET=utf8mb4 COLLATE=utf8mb4_unicode_ci;

-- --------------------------------------------------------

--
-- Table structure for table `voting_results`
--

CREATE TABLE `voting_results` (
  `id` bigint UNSIGNED NOT NULL,
  `client_id` bigint UNSIGNED NOT NULL,
  `event_id` bigint UNSIGNED DEFAULT NULL,
  `voting_category_id` bigint UNSIGNED NOT NULL,
  `candidate_id` bigint UNSIGNED NOT NULL,
  `total_votes` bigint UNSIGNED NOT NULL DEFAULT '0',
  `total_amount` decimal(15,2) NOT NULL DEFAULT '0.00',
  `percentage` decimal(5,2) NOT NULL DEFAULT '0.00',
  `rank` int UNSIGNED NOT NULL DEFAULT '0',
  `is_winner` tinyint(1) NOT NULL DEFAULT '0',
  `winner_position` tinyint UNSIGNED DEFAULT NULL,
  `calculated_at` timestamp NULL DEFAULT NULL,
  `breakdown` json DEFAULT NULL,
  `created_at` timestamp NULL DEFAULT NULL,
  `updated_at` timestamp NULL DEFAULT NULL
) ENGINE=InnoDB DEFAULT CHARSET=utf8mb4 COLLATE=utf8mb4_unicode_ci;

-- --------------------------------------------------------

--
-- Table structure for table `voting_settings`
--

CREATE TABLE `voting_settings` (
  `id` bigint UNSIGNED NOT NULL,
  `client_id` bigint UNSIGNED NOT NULL,
  `event_id` bigint UNSIGNED DEFAULT NULL,
  `voting_category_id` bigint UNSIGNED DEFAULT NULL,
  `key` varchar(100) COLLATE utf8mb4_unicode_ci NOT NULL,
  `value` text COLLATE utf8mb4_unicode_ci,
  `type` varchar(20) COLLATE utf8mb4_unicode_ci NOT NULL DEFAULT 'string',
  `group` varchar(50) COLLATE utf8mb4_unicode_ci NOT NULL DEFAULT 'general',
  `description` text COLLATE utf8mb4_unicode_ci,
  `created_at` timestamp NULL DEFAULT NULL,
  `updated_at` timestamp NULL DEFAULT NULL
) ENGINE=InnoDB DEFAULT CHARSET=utf8mb4 COLLATE=utf8mb4_unicode_ci;

--
-- Dumping data for table `voting_settings`
--

INSERT INTO `voting_settings` (`id`, `client_id`, `event_id`, `voting_category_id`, `key`, `value`, `type`, `group`, `description`, `created_at`, `updated_at`) VALUES
(9, 1, 61, NULL, 'max_bundle_purchases_per_email_per_day', '5', 'integer', 'limits', 'Max bundle purchases per email per day', '2026-03-11 07:06:44', '2026-03-11 07:06:44'),
(10, 1, 61, NULL, 'max_bundle_purchases_per_email_total', '20', 'integer', 'limits', 'Max total bundle purchases per email', '2026-03-11 07:06:44', '2026-03-11 07:06:44'),
(11, 1, 61, NULL, 'min_minutes_between_purchases', '1', 'integer', 'limits', 'Min minutes between purchases', '2026-03-11 07:06:44', '2026-03-11 07:06:44'),
(12, 1, 62, NULL, 'max_bundle_purchases_per_email_per_day', '5', 'integer', 'limits', 'Max bundle purchases per email per day', '2026-03-11 07:06:47', '2026-03-11 07:06:47'),
(13, 1, 62, NULL, 'max_bundle_purchases_per_email_total', '20', 'integer', 'limits', 'Max total bundle purchases per email', '2026-03-11 07:06:47', '2026-03-11 07:06:47'),
(14, 1, 62, NULL, 'min_minutes_between_purchases', '1', 'integer', 'limits', 'Min minutes between purchases', '2026-03-11 07:06:47', '2026-03-11 07:06:47');

--
-- Indexes for dumped tables
--

--
-- Indexes for table `activity_log`
--
ALTER TABLE `activity_log`
  ADD PRIMARY KEY (`id`),
  ADD KEY `subject` (`subject_type`,`subject_id`),
  ADD KEY `causer` (`causer_type`,`causer_id`),
  ADD KEY `activity_log_log_name_index` (`log_name`);

--
-- Indexes for table `activity_logs`
--
ALTER TABLE `activity_logs`
  ADD PRIMARY KEY (`id`),
  ADD KEY `activity_logs_client_id_foreign` (`client_id`),
  ADD KEY `activity_logs_user_id_foreign` (`user_id`),
  ADD KEY `activity_logs_log_name_index` (`log_name`),
  ADD KEY `activity_logs_subject_type_subject_id_index` (`subject_type`,`subject_id`),
  ADD KEY `activity_logs_causer_type_causer_id_index` (`causer_type`,`causer_id`),
  ADD KEY `activity_logs_created_at_index` (`created_at`);

--
-- Indexes for table `audit_trails`
--
ALTER TABLE `audit_trails`
  ADD PRIMARY KEY (`id`),
  ADD KEY `audit_trails_client_id_foreign` (`client_id`),
  ADD KEY `audit_trails_user_id_foreign` (`user_id`),
  ADD KEY `audit_trails_auditable_type_auditable_id_index` (`auditable_type`,`auditable_id`),
  ADD KEY `audit_trails_event_index` (`event`);

--
-- Indexes for table `cache`
--
ALTER TABLE `cache`
  ADD PRIMARY KEY (`key`),
  ADD KEY `cache_expiration_index` (`expiration`);

--
-- Indexes for table `cache_locks`
--
ALTER TABLE `cache_locks`
  ADD PRIMARY KEY (`key`),
  ADD KEY `cache_locks_expiration_index` (`expiration`);

--
-- Indexes for table `clients`
--
ALTER TABLE `clients`
  ADD PRIMARY KEY (`id`),
  ADD UNIQUE KEY `clients_slug_unique` (`slug`),
  ADD UNIQUE KEY `clients_email_unique` (`email`),
  ADD KEY `clients_slug_index` (`slug`),
  ADD KEY `clients_subscription_status_index` (`subscription_status`),
  ADD KEY `clients_is_active_index` (`is_active`),
  ADD KEY `clients_voting_commission_rate_index` (`voting_commission_rate`),
  ADD KEY `clients_ticketing_commission_rate_index` (`ticketing_commission_rate`);

--
-- Indexes for table `client_balances`
--
ALTER TABLE `client_balances`
  ADD PRIMARY KEY (`id`),
  ADD UNIQUE KEY `client_balances_client_id_unique` (`client_id`),
  ADD KEY `client_balances_available_balance_index` (`available_balance`);

--
-- Indexes for table `comments`
--
ALTER TABLE `comments`
  ADD PRIMARY KEY (`id`),
  ADD UNIQUE KEY `comments_uuid_unique` (`uuid`),
  ADD KEY `comments_client_id_foreign` (`client_id`),
  ADD KEY `comments_approved_by_foreign` (`approved_by`),
  ADD KEY `comments_post_id_status_created_at_index` (`post_id`,`status`,`created_at`),
  ADD KEY `comments_parent_id_status_index` (`parent_id`,`status`),
  ADD KEY `comments_user_id_status_index` (`user_id`,`status`),
  ADD KEY `comments_status_created_at_index` (`status`,`created_at`);

--
-- Indexes for table `commission_splits`
--
ALTER TABLE `commission_splits`
  ADD PRIMARY KEY (`id`),
  ADD UNIQUE KEY `commission_splits_transaction_id_unique` (`transaction_id`),
  ADD KEY `commission_splits_client_id_applied_at_index` (`client_id`,`applied_at`);

--
-- Indexes for table `contacts`
--
ALTER TABLE `contacts`
  ADD PRIMARY KEY (`id`),
  ADD UNIQUE KEY `contacts_email_client_id_unique` (`email`,`client_id`),
  ADD KEY `contacts_client_id_source_index` (`client_id`,`source`),
  ADD KEY `contacts_client_id_index` (`client_id`),
  ADD KEY `contacts_email_index` (`email`),
  ADD KEY `contacts_phone_index` (`phone`),
  ADD KEY `contacts_event_id_index` (`event_id`);

--
-- Indexes for table `content_blocks`
--
ALTER TABLE `content_blocks`
  ADD PRIMARY KEY (`id`),
  ADD UNIQUE KEY `content_blocks_client_id_slug_unique` (`client_id`,`slug`),
  ADD UNIQUE KEY `content_blocks_uuid_unique` (`uuid`),
  ADD KEY `content_blocks_event_id_foreign` (`event_id`),
  ADD KEY `content_blocks_client_id_is_active_index` (`client_id`,`is_active`),
  ADD KEY `content_blocks_block_type_is_active_index` (`block_type`,`is_active`);

--
-- Indexes for table `email_logs`
--
ALTER TABLE `email_logs`
  ADD PRIMARY KEY (`id`);

--
-- Indexes for table `email_templates`
--
ALTER TABLE `email_templates`
  ADD PRIMARY KEY (`id`),
  ADD UNIQUE KEY `email_templates_uuid_unique` (`uuid`),
  ADD UNIQUE KEY `email_templates_slug_unique` (`slug`),
  ADD KEY `email_templates_client_id_is_active_index` (`client_id`,`is_active`),
  ADD KEY `email_templates_category_is_active_index` (`category`,`is_active`),
  ADD KEY `email_templates_slug_index` (`slug`);

--
-- Indexes for table `events`
--
ALTER TABLE `events`
  ADD PRIMARY KEY (`id`),
  ADD UNIQUE KEY `events_client_id_slug_unique` (`client_id`,`slug`),
  ADD UNIQUE KEY `events_uuid_unique` (`uuid`),
  ADD KEY `events_category_id_foreign` (`event_category_id`),
  ADD KEY `events_created_by_foreign` (`created_by`),
  ADD KEY `events_voting_opens_at_voting_closes_at_index` (`voting_opens_at`,`voting_closes_at`),
  ADD KEY `events_type_index` (`type`),
  ADD KEY `events_start_date_index` (`start_date`),
  ADD KEY `events_status_index` (`status`),
  ADD KEY `events_is_featured_index` (`is_featured`),
  ADD KEY `events_organizer_id_foreign` (`organizer_id`),
  ADD KEY `events_voting_commission_rate_index` (`voting_commission_rate`),
  ADD KEY `events_ticketing_commission_rate_index` (`ticketing_commission_rate`),
  ADD KEY `events_total_voting_revenue_index` (`total_voting_revenue`),
  ADD KEY `events_total_ticketing_revenue_index` (`total_ticketing_revenue`),
  ADD KEY `events_venue_id_foreign` (`venue_id`);

--
-- Indexes for table `event_attendees`
--
ALTER TABLE `event_attendees`
  ADD PRIMARY KEY (`id`),
  ADD KEY `event_attendees_client_id_foreign` (`client_id`),
  ADD KEY `event_attendees_registration_id_foreign` (`registration_id`),
  ADD KEY `event_attendees_user_id_foreign` (`user_id`),
  ADD KEY `event_attendees_event_id_checked_in_index` (`event_id`,`checked_in`),
  ADD KEY `event_attendees_event_id_email_index` (`event_id`,`email`),
  ADD KEY `event_attendees_event_id_attendee_type_index` (`event_id`,`attendee_type`);

--
-- Indexes for table `event_categories`
--
ALTER TABLE `event_categories`
  ADD PRIMARY KEY (`id`),
  ADD UNIQUE KEY `event_categories_client_id_slug_unique` (`client_id`,`slug`),
  ADD KEY `event_categories_sort_order_index` (`sort_order`);

--
-- Indexes for table `event_documents`
--
ALTER TABLE `event_documents`
  ADD PRIMARY KEY (`id`),
  ADD KEY `event_documents_event_id_sort_order_index` (`event_id`,`sort_order`),
  ADD KEY `event_documents_event_id_is_public_index` (`event_id`,`is_public`);

--
-- Indexes for table `event_faqs`
--
ALTER TABLE `event_faqs`
  ADD PRIMARY KEY (`id`),
  ADD KEY `event_faqs_event_id_sort_order_index` (`event_id`,`sort_order`),
  ADD KEY `event_faqs_event_id_is_active_index` (`event_id`,`is_active`);

--
-- Indexes for table `event_feedback`
--
ALTER TABLE `event_feedback`
  ADD PRIMARY KEY (`id`),
  ADD KEY `event_feedback_client_id_foreign` (`client_id`),
  ADD KEY `event_feedback_user_id_foreign` (`user_id`),
  ADD KEY `event_feedback_attendee_id_foreign` (`attendee_id`),
  ADD KEY `event_feedback_event_id_status_index` (`event_id`,`status`),
  ADD KEY `event_feedback_event_id_overall_rating_index` (`event_id`,`overall_rating`);

--
-- Indexes for table `event_galleries`
--
ALTER TABLE `event_galleries`
  ADD PRIMARY KEY (`id`),
  ADD KEY `event_galleries_event_id_sort_order_index` (`event_id`,`sort_order`),
  ADD KEY `event_galleries_event_id_is_public_index` (`event_id`,`is_public`);

--
-- Indexes for table `event_judges`
--
ALTER TABLE `event_judges`
  ADD PRIMARY KEY (`id`),
  ADD KEY `event_judges_event_id_foreign` (`event_id`),
  ADD KEY `event_judges_user_id_foreign` (`user_id`);

--
-- Indexes for table `event_managers`
--
ALTER TABLE `event_managers`
  ADD PRIMARY KEY (`id`),
  ADD UNIQUE KEY `event_managers_event_id_user_id_unique` (`event_id`,`user_id`),
  ADD KEY `event_managers_user_id_foreign` (`user_id`),
  ADD KEY `event_managers_event_id_role_index` (`event_id`,`role`);

--
-- Indexes for table `event_media`
--
ALTER TABLE `event_media`
  ADD PRIMARY KEY (`id`),
  ADD KEY `event_media_event_id_foreign` (`event_id`),
  ADD KEY `event_media_uploaded_by_foreign` (`uploaded_by`),
  ADD KEY `event_media_type_index` (`type`),
  ADD KEY `event_media_collection_index` (`collection`),
  ADD KEY `event_media_is_featured_index` (`is_featured`);

--
-- Indexes for table `event_notifications`
--
ALTER TABLE `event_notifications`
  ADD PRIMARY KEY (`id`),
  ADD KEY `event_notifications_client_id_foreign` (`client_id`),
  ADD KEY `event_notifications_created_by_foreign` (`created_by`),
  ADD KEY `event_notifications_event_id_status_index` (`event_id`,`status`),
  ADD KEY `event_notifications_event_id_scheduled_at_index` (`event_id`,`scheduled_at`);

--
-- Indexes for table `event_registrations`
--
ALTER TABLE `event_registrations`
  ADD PRIMARY KEY (`id`),
  ADD UNIQUE KEY `event_registrations_uuid_unique` (`uuid`),
  ADD UNIQUE KEY `event_registrations_ticket_number_unique` (`ticket_number`),
  ADD KEY `event_registrations_client_id_foreign` (`client_id`),
  ADD KEY `event_registrations_user_id_foreign` (`user_id`),
  ADD KEY `event_registrations_event_id_status_index` (`event_id`,`status`),
  ADD KEY `event_registrations_event_id_email_index` (`event_id`,`email`),
  ADD KEY `event_registrations_created_at_index` (`created_at`),
  ADD KEY `event_registrations_status_index` (`status`);

--
-- Indexes for table `event_schedules`
--
ALTER TABLE `event_schedules`
  ADD PRIMARY KEY (`id`),
  ADD KEY `event_schedules_event_id_foreign` (`event_id`),
  ADD KEY `event_schedules_date_index` (`date`),
  ADD KEY `event_schedules_type_index` (`type`);

--
-- Indexes for table `event_settings`
--
ALTER TABLE `event_settings`
  ADD PRIMARY KEY (`id`),
  ADD UNIQUE KEY `event_settings_event_id_group_key_unique` (`event_id`,`group`,`key`);

--
-- Indexes for table `event_speakers`
--
ALTER TABLE `event_speakers`
  ADD PRIMARY KEY (`id`),
  ADD KEY `event_speakers_user_id_foreign` (`user_id`),
  ADD KEY `event_speakers_event_id_speaker_type_index` (`event_id`,`speaker_type`),
  ADD KEY `event_speakers_event_id_is_featured_index` (`event_id`,`is_featured`);

--
-- Indexes for table `event_sponsors`
--
ALTER TABLE `event_sponsors`
  ADD PRIMARY KEY (`id`),
  ADD KEY `event_sponsors_event_id_foreign` (`event_id`),
  ADD KEY `event_sponsors_tier_index` (`tier`),
  ADD KEY `event_sponsors_sort_order_index` (`sort_order`),
  ADD KEY `event_sponsors_tier_level_index` (`tier_level`);

--
-- Indexes for table `event_venues`
--
ALTER TABLE `event_venues`
  ADD PRIMARY KEY (`id`),
  ADD UNIQUE KEY `event_venues_client_id_slug_unique` (`client_id`,`slug`),
  ADD KEY `event_venues_client_id_city_index` (`client_id`,`city`);

--
-- Indexes for table `failed_jobs`
--
ALTER TABLE `failed_jobs`
  ADD PRIMARY KEY (`id`),
  ADD UNIQUE KEY `failed_jobs_uuid_unique` (`uuid`);

--
-- Indexes for table `invoices`
--
ALTER TABLE `invoices`
  ADD PRIMARY KEY (`id`),
  ADD UNIQUE KEY `invoices_uuid_unique` (`uuid`),
  ADD UNIQUE KEY `invoices_invoice_number_unique` (`invoice_number`),
  ADD KEY `invoices_event_id_foreign` (`event_id`),
  ADD KEY `invoices_user_id_foreign` (`user_id`),
  ADD KEY `invoices_client_id_status_invoice_date_index` (`client_id`,`status`,`invoice_date`),
  ADD KEY `invoices_invoiceable_type_invoiceable_id_index` (`invoiceable_type`,`invoiceable_id`),
  ADD KEY `invoices_status_due_date_index` (`status`,`due_date`);

--
-- Indexes for table `invoice_items`
--
ALTER TABLE `invoice_items`
  ADD PRIMARY KEY (`id`),
  ADD KEY `invoice_items_invoice_id_index` (`invoice_id`);

--
-- Indexes for table `jobs`
--
ALTER TABLE `jobs`
  ADD PRIMARY KEY (`id`),
  ADD KEY `jobs_queue_index` (`queue`);

--
-- Indexes for table `job_batches`
--
ALTER TABLE `job_batches`
  ADD PRIMARY KEY (`id`);

--
-- Indexes for table `media`
--
ALTER TABLE `media`
  ADD PRIMARY KEY (`id`),
  ADD UNIQUE KEY `media_uuid_unique` (`uuid`),
  ADD KEY `media_event_id_foreign` (`event_id`),
  ADD KEY `media_client_id_file_type_is_public_index` (`client_id`,`file_type`,`is_public`),
  ADD KEY `media_uploader_id_created_at_index` (`uploader_id`,`created_at`),
  ADD KEY `media_file_type_created_at_index` (`file_type`,`created_at`);

--
-- Indexes for table `migrations`
--
ALTER TABLE `migrations`
  ADD PRIMARY KEY (`id`);

--
-- Indexes for table `model_has_permissions`
--
ALTER TABLE `model_has_permissions`
  ADD PRIMARY KEY (`permission_id`,`model_id`,`model_type`),
  ADD KEY `model_has_permissions_model_id_model_type_index` (`model_id`,`model_type`);

--
-- Indexes for table `model_has_roles`
--
ALTER TABLE `model_has_roles`
  ADD PRIMARY KEY (`role_id`,`model_id`,`model_type`),
  ADD KEY `model_has_roles_model_id_model_type_index` (`model_id`,`model_type`);

--
-- Indexes for table `nominees`
--
ALTER TABLE `nominees`
  ADD PRIMARY KEY (`id`),
  ADD UNIQUE KEY `nominees_event_id_code_unique` (`event_id`,`code`),
  ADD UNIQUE KEY `nominees_category_id_slug_unique` (`category_id`,`slug`),
  ADD UNIQUE KEY `nominees_uuid_unique` (`uuid`),
  ADD KEY `nominees_sort_order_index` (`sort_order`),
  ADD KEY `nominees_is_active_index` (`is_active`),
  ADD KEY `nominees_is_winner_index` (`is_winner`),
  ADD KEY `nominees_votes_count_index` (`votes_count`),
  ADD KEY `nominees_voting_candidate_id_foreign` (`voting_candidate_id`);

--
-- Indexes for table `nominee_categories`
--
ALTER TABLE `nominee_categories`
  ADD PRIMARY KEY (`id`),
  ADD UNIQUE KEY `nominee_categories_event_id_slug_unique` (`event_id`,`slug`),
  ADD UNIQUE KEY `nominee_categories_uuid_unique` (`uuid`),
  ADD KEY `nominee_categories_sort_order_index` (`sort_order`),
  ADD KEY `nominee_categories_is_active_index` (`is_active`),
  ADD KEY `nominee_categories_voting_category_id_foreign` (`voting_category_id`);

--
-- Indexes for table `notifications`
--
ALTER TABLE `notifications`
  ADD PRIMARY KEY (`id`),
  ADD KEY `notifications_notifiable_type_notifiable_id_index` (`notifiable_type`,`notifiable_id`),
  ADD KEY `notifications_read_at_index` (`read_at`),
  ADD KEY `notifications_created_at_index` (`created_at`);

--
-- Indexes for table `organization_invitations`
--
ALTER TABLE `organization_invitations`
  ADD PRIMARY KEY (`id`),
  ADD UNIQUE KEY `organization_invitations_token_unique` (`token`),
  ADD KEY `organization_invitations_client_id_foreign` (`client_id`),
  ADD KEY `organization_invitations_invited_by_foreign` (`invited_by`),
  ADD KEY `organization_invitations_email_token_index` (`email`,`token`),
  ADD KEY `organization_invitations_expires_at_index` (`expires_at`);

--
-- Indexes for table `pages`
--
ALTER TABLE `pages`
  ADD PRIMARY KEY (`id`),
  ADD UNIQUE KEY `pages_client_id_slug_unique` (`client_id`,`slug`),
  ADD UNIQUE KEY `pages_uuid_unique` (`uuid`),
  ADD KEY `pages_event_id_foreign` (`event_id`),
  ADD KEY `pages_author_id_foreign` (`author_id`),
  ADD KEY `pages_client_id_status_is_in_menu_index` (`client_id`,`status`,`is_in_menu`),
  ADD KEY `pages_parent_id_menu_order_index` (`parent_id`,`menu_order`);

--
-- Indexes for table `password_reset_tokens`
--
ALTER TABLE `password_reset_tokens`
  ADD PRIMARY KEY (`email`);

--
-- Indexes for table `payment_accounts`
--
ALTER TABLE `payment_accounts`
  ADD PRIMARY KEY (`id`),
  ADD UNIQUE KEY `payment_accounts_uuid_unique` (`uuid`),
  ADD KEY `payment_accounts_verified_by_foreign` (`verified_by`),
  ADD KEY `payment_accounts_client_id_is_primary_index` (`client_id`,`is_primary`),
  ADD KEY `payment_accounts_client_id_account_type_index` (`client_id`,`account_type`);

--
-- Indexes for table `payment_gateway_logs`
--
ALTER TABLE `payment_gateway_logs`
  ADD PRIMARY KEY (`id`),
  ADD KEY `payment_gateway_logs_payment_gateway_setting_id_logged_at_index` (`payment_gateway_setting_id`,`logged_at`),
  ADD KEY `payment_gateway_logs_event_type_index` (`event_type`);

--
-- Indexes for table `payment_gateway_settings`
--
ALTER TABLE `payment_gateway_settings`
  ADD PRIMARY KEY (`id`),
  ADD UNIQUE KEY `payment_gateway_settings_gateway_name_environment_unique` (`gateway_name`,`environment`);

--
-- Indexes for table `payouts`
--
ALTER TABLE `payouts`
  ADD PRIMARY KEY (`id`),
  ADD UNIQUE KEY `payouts_uuid_unique` (`uuid`),
  ADD UNIQUE KEY `payouts_payout_number_unique` (`payout_number`),
  ADD KEY `payouts_account_id_foreign` (`account_id`),
  ADD KEY `payouts_requested_by_foreign` (`requested_by`),
  ADD KEY `payouts_approved_by_foreign` (`approved_by`),
  ADD KEY `payouts_processed_by_foreign` (`processed_by`),
  ADD KEY `payouts_client_id_status_created_at_index` (`client_id`,`status`,`created_at`),
  ADD KEY `payouts_status_requested_at_index` (`status`,`requested_at`);

--
-- Indexes for table `payout_items`
--
ALTER TABLE `payout_items`
  ADD PRIMARY KEY (`id`),
  ADD UNIQUE KEY `payout_items_payout_id_transaction_id_unique` (`payout_id`,`transaction_id`),
  ADD KEY `payout_items_payout_id_index` (`payout_id`),
  ADD KEY `payout_items_transaction_id_index` (`transaction_id`);

--
-- Indexes for table `permissions`
--
ALTER TABLE `permissions`
  ADD PRIMARY KEY (`id`),
  ADD UNIQUE KEY `permissions_name_guard_name_unique` (`name`,`guard_name`);

--
-- Indexes for table `polls`
--
ALTER TABLE `polls`
  ADD PRIMARY KEY (`id`),
  ADD KEY `polls_event_id_foreign` (`event_id`),
  ADD KEY `polls_created_by_foreign` (`created_by`),
  ADD KEY `polls_client_id_status_index` (`client_id`,`status`),
  ADD KEY `polls_start_date_end_date_index` (`start_date`,`end_date`),
  ADD KEY `polls_poll_type_index` (`poll_type`),
  ADD KEY `polls_status_index` (`status`);

--
-- Indexes for table `poll_analytics`
--
ALTER TABLE `poll_analytics`
  ADD PRIMARY KEY (`id`),
  ADD UNIQUE KEY `poll_analytics_unique` (`poll_id`,`poll_question_id`,`poll_option_id`,`date`,`hour`),
  ADD KEY `poll_analytics_client_id_foreign` (`client_id`),
  ADD KEY `poll_analytics_poll_question_id_foreign` (`poll_question_id`),
  ADD KEY `poll_analytics_poll_option_id_foreign` (`poll_option_id`),
  ADD KEY `poll_analytics_date_index` (`date`);

--
-- Indexes for table `poll_options`
--
ALTER TABLE `poll_options`
  ADD PRIMARY KEY (`id`),
  ADD KEY `poll_options_poll_id_sort_order_index` (`poll_id`,`sort_order`),
  ADD KEY `poll_options_sort_order_index` (`sort_order`);

--
-- Indexes for table `poll_questions`
--
ALTER TABLE `poll_questions`
  ADD PRIMARY KEY (`id`),
  ADD KEY `poll_questions_poll_id_sort_order_index` (`poll_id`,`sort_order`),
  ADD KEY `poll_questions_poll_id_is_active_index` (`poll_id`,`is_active`);

--
-- Indexes for table `poll_responses`
--
ALTER TABLE `poll_responses`
  ADD PRIMARY KEY (`id`),
  ADD KEY `poll_responses_poll_option_id_foreign` (`poll_option_id`),
  ADD KEY `poll_responses_user_id_foreign` (`user_id`),
  ADD KEY `poll_responses_poll_id_user_id_index` (`poll_id`,`user_id`),
  ADD KEY `poll_responses_poll_id_poll_option_id_index` (`poll_id`,`poll_option_id`),
  ADD KEY `poll_responses_created_at_index` (`created_at`);

--
-- Indexes for table `poll_settings`
--
ALTER TABLE `poll_settings`
  ADD PRIMARY KEY (`id`),
  ADD UNIQUE KEY `poll_settings_unique` (`client_id`,`poll_id`,`key`),
  ADD KEY `poll_settings_poll_id_foreign` (`poll_id`);

--
-- Indexes for table `posts`
--
ALTER TABLE `posts`
  ADD PRIMARY KEY (`id`),
  ADD UNIQUE KEY `posts_client_id_slug_unique` (`client_id`,`slug`),
  ADD UNIQUE KEY `posts_uuid_unique` (`uuid`),
  ADD KEY `posts_event_id_foreign` (`event_id`),
  ADD KEY `posts_client_id_status_published_at_index` (`client_id`,`status`,`published_at`),
  ADD KEY `posts_category_id_status_index` (`category_id`,`status`),
  ADD KEY `posts_author_id_status_index` (`author_id`,`status`),
  ADD KEY `posts_status_published_at_index` (`status`,`published_at`);
ALTER TABLE `posts` ADD FULLTEXT KEY `posts_fulltext` (`title`,`excerpt`,`content`);

--
-- Indexes for table `post_categories`
--
ALTER TABLE `post_categories`
  ADD PRIMARY KEY (`id`),
  ADD UNIQUE KEY `post_categories_client_id_slug_unique` (`client_id`,`slug`),
  ADD UNIQUE KEY `post_categories_uuid_unique` (`uuid`),
  ADD KEY `post_categories_event_id_foreign` (`event_id`),
  ADD KEY `post_categories_client_id_parent_id_is_active_index` (`client_id`,`parent_id`,`is_active`),
  ADD KEY `post_categories_parent_id_sort_order_index` (`parent_id`,`sort_order`);

--
-- Indexes for table `post_tag`
--
ALTER TABLE `post_tag`
  ADD PRIMARY KEY (`id`),
  ADD UNIQUE KEY `post_tag_post_id_tag_id_unique` (`post_id`,`tag_id`),
  ADD KEY `post_tag_tag_id_foreign` (`tag_id`);

--
-- Indexes for table `promo_codes`
--
ALTER TABLE `promo_codes`
  ADD PRIMARY KEY (`id`),
  ADD UNIQUE KEY `promo_codes_client_id_code_unique` (`client_id`,`code`),
  ADD UNIQUE KEY `promo_codes_uuid_unique` (`uuid`),
  ADD KEY `promo_codes_event_id_foreign` (`event_id`),
  ADD KEY `promo_codes_created_by_foreign` (`created_by`),
  ADD KEY `promo_codes_expires_at_index` (`expires_at`),
  ADD KEY `promo_codes_is_active_index` (`is_active`);

--
-- Indexes for table `promo_code_usages`
--
ALTER TABLE `promo_code_usages`
  ADD PRIMARY KEY (`id`),
  ADD KEY `promo_code_usages_promo_code_id_foreign` (`promo_code_id`),
  ADD KEY `promo_code_usages_purchase_id_foreign` (`purchase_id`),
  ADD KEY `promo_code_usages_user_id_foreign` (`user_id`),
  ADD KEY `promo_code_usages_user_email_index` (`user_email`);

--
-- Indexes for table `refunds`
--
ALTER TABLE `refunds`
  ADD PRIMARY KEY (`id`),
  ADD UNIQUE KEY `refunds_uuid_unique` (`uuid`),
  ADD UNIQUE KEY `refunds_refund_number_unique` (`refund_number`),
  ADD KEY `refunds_client_id_foreign` (`client_id`),
  ADD KEY `refunds_event_id_foreign` (`event_id`),
  ADD KEY `refunds_requested_by_foreign` (`requested_by`),
  ADD KEY `refunds_approved_by_foreign` (`approved_by`),
  ADD KEY `refunds_processed_by_foreign` (`processed_by`),
  ADD KEY `refunds_transaction_id_index` (`transaction_id`),
  ADD KEY `refunds_refundable_type_refundable_id_index` (`refundable_type`,`refundable_id`),
  ADD KEY `refunds_status_requested_at_index` (`status`,`requested_at`);

--
-- Indexes for table `revenue_reports`
--
ALTER TABLE `revenue_reports`
  ADD PRIMARY KEY (`id`),
  ADD UNIQUE KEY `revenue_reports_client_id_report_date_period_type_unique` (`client_id`,`report_date`,`period_type`),
  ADD KEY `revenue_reports_top_event_id_foreign` (`top_event_id`),
  ADD KEY `revenue_reports_client_id_report_date_period_type_index` (`client_id`,`report_date`,`period_type`),
  ADD KEY `revenue_reports_period_type_report_date_index` (`period_type`,`report_date`);

--
-- Indexes for table `roles`
--
ALTER TABLE `roles`
  ADD PRIMARY KEY (`id`),
  ADD UNIQUE KEY `roles_name_guard_name_unique` (`name`,`guard_name`);

--
-- Indexes for table `role_has_permissions`
--
ALTER TABLE `role_has_permissions`
  ADD PRIMARY KEY (`permission_id`,`role_id`),
  ADD KEY `role_has_permissions_role_id_foreign` (`role_id`);

--
-- Indexes for table `sessions`
--
ALTER TABLE `sessions`
  ADD PRIMARY KEY (`id`),
  ADD KEY `sessions_user_id_index` (`user_id`),
  ADD KEY `sessions_last_activity_index` (`last_activity`);

--
-- Indexes for table `settings`
--
ALTER TABLE `settings`
  ADD PRIMARY KEY (`id`),
  ADD UNIQUE KEY `settings_client_id_key_unique` (`client_id`,`key`),
  ADD KEY `settings_key_index` (`key`);

--
-- Indexes for table `sms_templates`
--
ALTER TABLE `sms_templates`
  ADD PRIMARY KEY (`id`),
  ADD UNIQUE KEY `sms_templates_uuid_unique` (`uuid`),
  ADD UNIQUE KEY `sms_templates_slug_unique` (`slug`),
  ADD KEY `sms_templates_client_id_is_active_index` (`client_id`,`is_active`),
  ADD KEY `sms_templates_category_is_active_index` (`category`,`is_active`),
  ADD KEY `sms_templates_slug_index` (`slug`);

--
-- Indexes for table `tags`
--
ALTER TABLE `tags`
  ADD PRIMARY KEY (`id`),
  ADD UNIQUE KEY `tags_client_id_slug_unique` (`client_id`,`slug`),
  ADD UNIQUE KEY `tags_uuid_unique` (`uuid`),
  ADD KEY `tags_client_id_is_active_index` (`client_id`,`is_active`),
  ADD KEY `tags_posts_count_index` (`posts_count`);

--
-- Indexes for table `tickets`
--
ALTER TABLE `tickets`
  ADD PRIMARY KEY (`id`),
  ADD UNIQUE KEY `tickets_uuid_unique` (`uuid`),
  ADD UNIQUE KEY `tickets_ticket_number_unique` (`ticket_number`),
  ADD UNIQUE KEY `tickets_barcode_unique` (`barcode`),
  ADD KEY `tickets_client_id_foreign` (`client_id`),
  ADD KEY `tickets_event_id_foreign` (`event_id`),
  ADD KEY `tickets_ticket_type_id_foreign` (`ticket_type_id`),
  ADD KEY `tickets_purchase_id_foreign` (`purchase_id`),
  ADD KEY `tickets_purchase_item_id_foreign` (`purchase_item_id`),
  ADD KEY `tickets_transferred_from_id_foreign` (`transferred_from_id`),
  ADD KEY `tickets_holder_email_index` (`holder_email`),
  ADD KEY `tickets_holder_phone_index` (`holder_phone`),
  ADD KEY `tickets_status_index` (`status`);

--
-- Indexes for table `ticket_check_ins`
--
ALTER TABLE `ticket_check_ins`
  ADD PRIMARY KEY (`id`),
  ADD KEY `ticket_check_ins_client_id_foreign` (`client_id`),
  ADD KEY `ticket_check_ins_ticket_id_foreign` (`ticket_id`),
  ADD KEY `ticket_check_ins_checked_in_by_foreign` (`checked_in_by`),
  ADD KEY `ticket_check_ins_event_id_checked_in_at_index` (`event_id`,`checked_in_at`),
  ADD KEY `ticket_check_ins_checked_in_at_index` (`checked_in_at`);

--
-- Indexes for table `ticket_purchases`
--
ALTER TABLE `ticket_purchases`
  ADD PRIMARY KEY (`id`),
  ADD UNIQUE KEY `ticket_purchases_uuid_unique` (`uuid`),
  ADD UNIQUE KEY `ticket_purchases_order_number_unique` (`order_number`),
  ADD UNIQUE KEY `ticket_purchases_mpesa_checkout_request_id_unique` (`mpesa_checkout_request_id`),
  ADD KEY `ticket_purchases_client_id_foreign` (`client_id`),
  ADD KEY `ticket_purchases_event_id_foreign` (`event_id`),
  ADD KEY `ticket_purchases_user_id_foreign` (`user_id`),
  ADD KEY `ticket_purchases_promo_code_id_foreign` (`promo_code_id`),
  ADD KEY `ticket_purchases_created_at_index` (`created_at`),
  ADD KEY `ticket_purchases_buyer_email_index` (`buyer_email`),
  ADD KEY `ticket_purchases_payment_status_index` (`payment_status`);

--
-- Indexes for table `ticket_purchase_items`
--
ALTER TABLE `ticket_purchase_items`
  ADD PRIMARY KEY (`id`),
  ADD KEY `ticket_purchase_items_purchase_id_foreign` (`purchase_id`),
  ADD KEY `ticket_purchase_items_ticket_type_id_foreign` (`ticket_type_id`);

--
-- Indexes for table `ticket_qr_codes`
--
ALTER TABLE `ticket_qr_codes`
  ADD PRIMARY KEY (`id`),
  ADD KEY `ticket_qr_codes_client_id_foreign` (`client_id`),
  ADD KEY `ticket_qr_codes_event_id_foreign` (`event_id`),
  ADD KEY `ticket_qr_codes_ticket_id_is_active_index` (`ticket_id`,`is_active`);

--
-- Indexes for table `ticket_refunds`
--
ALTER TABLE `ticket_refunds`
  ADD PRIMARY KEY (`id`),
  ADD UNIQUE KEY `ticket_refunds_uuid_unique` (`uuid`),
  ADD KEY `ticket_refunds_client_id_foreign` (`client_id`),
  ADD KEY `ticket_refunds_purchase_id_foreign` (`purchase_id`),
  ADD KEY `ticket_refunds_ticket_id_foreign` (`ticket_id`),
  ADD KEY `ticket_refunds_requested_by_foreign` (`requested_by`),
  ADD KEY `ticket_refunds_approved_by_foreign` (`approved_by`),
  ADD KEY `ticket_refunds_processed_by_foreign` (`processed_by`),
  ADD KEY `ticket_refunds_event_id_refund_status_index` (`event_id`,`refund_status`),
  ADD KEY `ticket_refunds_refund_status_index` (`refund_status`);

--
-- Indexes for table `ticket_transfers`
--
ALTER TABLE `ticket_transfers`
  ADD PRIMARY KEY (`id`),
  ADD UNIQUE KEY `ticket_transfers_uuid_unique` (`uuid`),
  ADD UNIQUE KEY `ticket_transfers_transfer_code_unique` (`transfer_code`),
  ADD KEY `ticket_transfers_ticket_id_foreign` (`ticket_id`),
  ADD KEY `ticket_transfers_from_user_id_foreign` (`from_user_id`),
  ADD KEY `ticket_transfers_to_user_id_foreign` (`to_user_id`),
  ADD KEY `ticket_transfers_to_email_index` (`to_email`),
  ADD KEY `ticket_transfers_status_index` (`status`);

--
-- Indexes for table `ticket_types`
--
ALTER TABLE `ticket_types`
  ADD PRIMARY KEY (`id`),
  ADD UNIQUE KEY `ticket_types_event_id_slug_unique` (`event_id`,`slug`),
  ADD UNIQUE KEY `ticket_types_uuid_unique` (`uuid`),
  ADD KEY `ticket_types_client_id_foreign` (`client_id`),
  ADD KEY `ticket_types_is_active_index` (`is_active`),
  ADD KEY `ticket_types_sort_order_index` (`sort_order`);

--
-- Indexes for table `transactions`
--
ALTER TABLE `transactions`
  ADD PRIMARY KEY (`id`),
  ADD UNIQUE KEY `transactions_uuid_unique` (`uuid`),
  ADD UNIQUE KEY `transactions_transaction_number_unique` (`transaction_number`),
  ADD KEY `transactions_event_id_foreign` (`event_id`),
  ADD KEY `transactions_user_id_foreign` (`user_id`),
  ADD KEY `transactions_client_id_status_created_at_index` (`client_id`,`status`,`created_at`),
  ADD KEY `transactions_transaction_type_status_index` (`transaction_type`,`status`),
  ADD KEY `transactions_payment_gateway_status_index` (`payment_gateway`,`status`),
  ADD KEY `transactions_transactionable_type_transactionable_id_index` (`transactionable_type`,`transactionable_id`);

--
-- Indexes for table `two_factor_tokens`
--
ALTER TABLE `two_factor_tokens`
  ADD PRIMARY KEY (`id`),
  ADD KEY `two_factor_tokens_user_id_token_is_used_index` (`user_id`,`token`,`is_used`),
  ADD KEY `two_factor_tokens_expires_at_index` (`expires_at`);

--
-- Indexes for table `users`
--
ALTER TABLE `users`
  ADD PRIMARY KEY (`id`),
  ADD UNIQUE KEY `users_email_unique` (`email`),
  ADD KEY `users_client_id_index` (`client_id`),
  ADD KEY `users_is_active_index` (`is_active`),
  ADD KEY `users_invited_by_foreign` (`invited_by`);

--
-- Indexes for table `votes`
--
ALTER TABLE `votes`
  ADD PRIMARY KEY (`id`),
  ADD UNIQUE KEY `votes_uuid_unique` (`uuid`),
  ADD KEY `votes_client_id_foreign` (`client_id`),
  ADD KEY `votes_event_id_foreign` (`event_id`),
  ADD KEY `votes_category_id_foreign` (`category_id`),
  ADD KEY `votes_nominee_id_foreign` (`nominee_id`),
  ADD KEY `votes_transaction_id_foreign` (`transaction_id`),
  ADD KEY `votes_voter_id_foreign` (`voter_id`),
  ADD KEY `votes_created_at_index` (`created_at`),
  ADD KEY `votes_voter_phone_index` (`voter_phone`),
  ADD KEY `votes_is_valid_index` (`is_valid`);

--
-- Indexes for table `vote_bundles`
--
ALTER TABLE `vote_bundles`
  ADD PRIMARY KEY (`id`),
  ADD KEY `vote_bundles_client_id_foreign` (`client_id`),
  ADD KEY `vote_bundles_event_id_foreign` (`event_id`),
  ADD KEY `vote_bundles_is_active_index` (`is_active`),
  ADD KEY `vote_bundles_sort_order_index` (`sort_order`);

--
-- Indexes for table `vote_sessions`
--
ALTER TABLE `vote_sessions`
  ADD PRIMARY KEY (`id`),
  ADD UNIQUE KEY `vote_sessions_uuid_unique` (`uuid`),
  ADD UNIQUE KEY `vote_sessions_session_token_unique` (`session_token`),
  ADD KEY `vote_sessions_client_id_foreign` (`client_id`),
  ADD KEY `vote_sessions_event_id_foreign` (`event_id`),
  ADD KEY `vote_sessions_voter_id_foreign` (`voter_id`),
  ADD KEY `vote_sessions_voter_phone_index` (`voter_phone`),
  ADD KEY `vote_sessions_ip_address_index` (`ip_address`),
  ADD KEY `vote_sessions_is_suspicious_index` (`is_suspicious`),
  ADD KEY `vote_sessions_is_blocked_index` (`is_blocked`);

--
-- Indexes for table `vote_statistics`
--
ALTER TABLE `vote_statistics`
  ADD PRIMARY KEY (`id`),
  ADD UNIQUE KEY `vote_stats_unique` (`event_id`,`category_id`,`nominee_id`,`date`,`hour`),
  ADD KEY `vote_statistics_client_id_foreign` (`client_id`),
  ADD KEY `vote_statistics_category_id_foreign` (`category_id`),
  ADD KEY `vote_statistics_nominee_id_foreign` (`nominee_id`),
  ADD KEY `vote_statistics_date_index` (`date`);

--
-- Indexes for table `vote_transactions`
--
ALTER TABLE `vote_transactions`
  ADD PRIMARY KEY (`id`),
  ADD UNIQUE KEY `vote_transactions_uuid_unique` (`uuid`),
  ADD UNIQUE KEY `vote_transactions_mpesa_checkout_request_id_unique` (`mpesa_checkout_request_id`),
  ADD KEY `vote_transactions_client_id_foreign` (`client_id`),
  ADD KEY `vote_transactions_event_id_foreign` (`event_id`),
  ADD KEY `vote_transactions_nominee_id_foreign` (`nominee_id`),
  ADD KEY `vote_transactions_bundle_id_foreign` (`bundle_id`),
  ADD KEY `vote_transactions_voter_id_foreign` (`voter_id`),
  ADD KEY `vote_transactions_created_at_index` (`created_at`),
  ADD KEY `vote_transactions_voter_phone_index` (`voter_phone`),
  ADD KEY `vote_transactions_payment_method_index` (`payment_method`),
  ADD KEY `vote_transactions_payment_status_index` (`payment_status`),
  ADD KEY `vote_transactions_mpesa_receipt_number_index` (`mpesa_receipt_number`);

--
-- Indexes for table `voting_announcements`
--
ALTER TABLE `voting_announcements`
  ADD PRIMARY KEY (`id`),
  ADD KEY `voting_announcements_voting_category_id_foreign` (`voting_category_id`),
  ADD KEY `voting_announcements_created_by_foreign` (`created_by`),
  ADD KEY `voting_announcements_client_id_is_published_index` (`client_id`,`is_published`),
  ADD KEY `voting_announcements_event_id_is_published_index` (`event_id`,`is_published`),
  ADD KEY `voting_announcements_publish_at_index` (`publish_at`);

--
-- Indexes for table `voting_audit_logs`
--
ALTER TABLE `voting_audit_logs`
  ADD PRIMARY KEY (`id`),
  ADD KEY `voting_audit_logs_voting_category_id_foreign` (`voting_category_id`),
  ADD KEY `voting_audit_logs_candidate_id_foreign` (`candidate_id`),
  ADD KEY `voting_audit_logs_user_id_foreign` (`user_id`),
  ADD KEY `voting_audit_logs_client_id_action_index` (`client_id`,`action`),
  ADD KEY `voting_audit_logs_event_id_action_index` (`event_id`,`action`),
  ADD KEY `voting_audit_logs_entity_type_entity_id_index` (`entity_type`,`entity_id`),
  ADD KEY `voting_audit_logs_created_at_index` (`created_at`);

--
-- Indexes for table `voting_candidates`
--
ALTER TABLE `voting_candidates`
  ADD PRIMARY KEY (`id`),
  ADD UNIQUE KEY `voting_candidates_voting_category_id_code_unique` (`voting_category_id`,`code`),
  ADD UNIQUE KEY `voting_candidates_voting_category_id_slug_unique` (`voting_category_id`,`slug`),
  ADD UNIQUE KEY `voting_candidates_uuid_unique` (`uuid`),
  ADD KEY `voting_candidates_client_id_foreign` (`client_id`),
  ADD KEY `voting_candidates_user_id_foreign` (`user_id`),
  ADD KEY `voting_candidates_voting_category_id_is_active_index` (`voting_category_id`,`is_active`),
  ADD KEY `voting_candidates_total_votes_index` (`total_votes`),
  ADD KEY `voting_candidates_code_index` (`code`);

--
-- Indexes for table `voting_categories`
--
ALTER TABLE `voting_categories`
  ADD PRIMARY KEY (`id`),
  ADD UNIQUE KEY `voting_categories_unique` (`client_id`,`event_id`,`slug`),
  ADD KEY `voting_categories_event_id_foreign` (`event_id`),
  ADD KEY `voting_categories_client_id_is_active_index` (`client_id`,`is_active`);

--
-- Indexes for table `voting_codes`
--
ALTER TABLE `voting_codes`
  ADD PRIMARY KEY (`id`),
  ADD UNIQUE KEY `voting_codes_event_id_code_unique` (`event_id`,`code`),
  ADD KEY `voting_codes_client_id_foreign` (`client_id`),
  ADD KEY `voting_codes_nominee_id_foreign` (`nominee_id`),
  ADD KEY `voting_codes_shortcode_index` (`shortcode`);

--
-- Indexes for table `voting_delegates`
--
ALTER TABLE `voting_delegates`
  ADD PRIMARY KEY (`id`),
  ADD UNIQUE KEY `voting_delegates_unique` (`delegator_id`,`delegate_id`,`voting_category_id`),
  ADD KEY `voting_delegates_client_id_foreign` (`client_id`),
  ADD KEY `voting_delegates_delegate_id_foreign` (`delegate_id`),
  ADD KEY `voting_delegates_voting_category_id_foreign` (`voting_category_id`),
  ADD KEY `voting_delegates_event_id_is_active_index` (`event_id`,`is_active`);

--
-- Indexes for table `voting_results`
--
ALTER TABLE `voting_results`
  ADD PRIMARY KEY (`id`),
  ADD UNIQUE KEY `voting_results_voting_category_id_candidate_id_unique` (`voting_category_id`,`candidate_id`),
  ADD KEY `voting_results_client_id_foreign` (`client_id`),
  ADD KEY `voting_results_candidate_id_foreign` (`candidate_id`),
  ADD KEY `voting_results_voting_category_id_rank_index` (`voting_category_id`,`rank`),
  ADD KEY `voting_results_event_id_is_winner_index` (`event_id`,`is_winner`);

--
-- Indexes for table `voting_settings`
--
ALTER TABLE `voting_settings`
  ADD PRIMARY KEY (`id`),
  ADD UNIQUE KEY `voting_settings_unique` (`client_id`,`event_id`,`voting_category_id`,`key`),
  ADD KEY `voting_settings_event_id_foreign` (`event_id`),
  ADD KEY `voting_settings_voting_category_id_foreign` (`voting_category_id`);

--
-- AUTO_INCREMENT for dumped tables
--

--
-- AUTO_INCREMENT for table `activity_log`
--
ALTER TABLE `activity_log`
  MODIFY `id` bigint UNSIGNED NOT NULL AUTO_INCREMENT, AUTO_INCREMENT=280;

--
-- AUTO_INCREMENT for table `activity_logs`
--
ALTER TABLE `activity_logs`
  MODIFY `id` bigint UNSIGNED NOT NULL AUTO_INCREMENT, AUTO_INCREMENT=6;

--
-- AUTO_INCREMENT for table `audit_trails`
--
ALTER TABLE `audit_trails`
  MODIFY `id` bigint UNSIGNED NOT NULL AUTO_INCREMENT;

--
-- AUTO_INCREMENT for table `clients`
--
ALTER TABLE `clients`
  MODIFY `id` bigint UNSIGNED NOT NULL AUTO_INCREMENT, AUTO_INCREMENT=7;

--
-- AUTO_INCREMENT for table `client_balances`
--
ALTER TABLE `client_balances`
  MODIFY `id` bigint UNSIGNED NOT NULL AUTO_INCREMENT, AUTO_INCREMENT=2;

--
-- AUTO_INCREMENT for table `comments`
--
ALTER TABLE `comments`
  MODIFY `id` bigint UNSIGNED NOT NULL AUTO_INCREMENT, AUTO_INCREMENT=53;

--
-- AUTO_INCREMENT for table `commission_splits`
--
ALTER TABLE `commission_splits`
  MODIFY `id` bigint UNSIGNED NOT NULL AUTO_INCREMENT, AUTO_INCREMENT=152;

--
-- AUTO_INCREMENT for table `contacts`
--
ALTER TABLE `contacts`
  MODIFY `id` bigint UNSIGNED NOT NULL AUTO_INCREMENT, AUTO_INCREMENT=4;

--
-- AUTO_INCREMENT for table `content_blocks`
--
ALTER TABLE `content_blocks`
  MODIFY `id` bigint UNSIGNED NOT NULL AUTO_INCREMENT;

--
-- AUTO_INCREMENT for table `email_logs`
--
ALTER TABLE `email_logs`
  MODIFY `id` bigint UNSIGNED NOT NULL AUTO_INCREMENT, AUTO_INCREMENT=17;

--
-- AUTO_INCREMENT for table `email_templates`
--
ALTER TABLE `email_templates`
  MODIFY `id` bigint UNSIGNED NOT NULL AUTO_INCREMENT, AUTO_INCREMENT=22;

--
-- AUTO_INCREMENT for table `events`
--
ALTER TABLE `events`
  MODIFY `id` bigint UNSIGNED NOT NULL AUTO_INCREMENT, AUTO_INCREMENT=67;

--
-- AUTO_INCREMENT for table `event_attendees`
--
ALTER TABLE `event_attendees`
  MODIFY `id` bigint UNSIGNED NOT NULL AUTO_INCREMENT;

--
-- AUTO_INCREMENT for table `event_categories`
--
ALTER TABLE `event_categories`
  MODIFY `id` bigint UNSIGNED NOT NULL AUTO_INCREMENT, AUTO_INCREMENT=7;

--
-- AUTO_INCREMENT for table `event_documents`
--
ALTER TABLE `event_documents`
  MODIFY `id` bigint UNSIGNED NOT NULL AUTO_INCREMENT;

--
-- AUTO_INCREMENT for table `event_faqs`
--
ALTER TABLE `event_faqs`
  MODIFY `id` bigint UNSIGNED NOT NULL AUTO_INCREMENT, AUTO_INCREMENT=114;

--
-- AUTO_INCREMENT for table `event_feedback`
--
ALTER TABLE `event_feedback`
  MODIFY `id` bigint UNSIGNED NOT NULL AUTO_INCREMENT;

--
-- AUTO_INCREMENT for table `event_galleries`
--
ALTER TABLE `event_galleries`
  MODIFY `id` bigint UNSIGNED NOT NULL AUTO_INCREMENT, AUTO_INCREMENT=55;

--
-- AUTO_INCREMENT for table `event_judges`
--
ALTER TABLE `event_judges`
  MODIFY `id` bigint UNSIGNED NOT NULL AUTO_INCREMENT;

--
-- AUTO_INCREMENT for table `event_managers`
--
ALTER TABLE `event_managers`
  MODIFY `id` bigint UNSIGNED NOT NULL AUTO_INCREMENT;

--
-- AUTO_INCREMENT for table `event_media`
--
ALTER TABLE `event_media`
  MODIFY `id` bigint UNSIGNED NOT NULL AUTO_INCREMENT, AUTO_INCREMENT=4;

--
-- AUTO_INCREMENT for table `event_notifications`
--
ALTER TABLE `event_notifications`
  MODIFY `id` bigint UNSIGNED NOT NULL AUTO_INCREMENT, AUTO_INCREMENT=12;

--
-- AUTO_INCREMENT for table `event_registrations`
--
ALTER TABLE `event_registrations`
  MODIFY `id` bigint UNSIGNED NOT NULL AUTO_INCREMENT, AUTO_INCREMENT=190;

--
-- AUTO_INCREMENT for table `event_schedules`
--
ALTER TABLE `event_schedules`
  MODIFY `id` bigint UNSIGNED NOT NULL AUTO_INCREMENT, AUTO_INCREMENT=203;

--
-- AUTO_INCREMENT for table `event_settings`
--
ALTER TABLE `event_settings`
  MODIFY `id` bigint UNSIGNED NOT NULL AUTO_INCREMENT;

--
-- AUTO_INCREMENT for table `event_speakers`
--
ALTER TABLE `event_speakers`
  MODIFY `id` bigint UNSIGNED NOT NULL AUTO_INCREMENT, AUTO_INCREMENT=61;

--
-- AUTO_INCREMENT for table `event_sponsors`
--
ALTER TABLE `event_sponsors`
  MODIFY `id` bigint UNSIGNED NOT NULL AUTO_INCREMENT, AUTO_INCREMENT=40;

--
-- AUTO_INCREMENT for table `event_venues`
--
ALTER TABLE `event_venues`
  MODIFY `id` bigint UNSIGNED NOT NULL AUTO_INCREMENT, AUTO_INCREMENT=124;

--
-- AUTO_INCREMENT for table `failed_jobs`
--
ALTER TABLE `failed_jobs`
  MODIFY `id` bigint UNSIGNED NOT NULL AUTO_INCREMENT;

--
-- AUTO_INCREMENT for table `invoices`
--
ALTER TABLE `invoices`
  MODIFY `id` bigint UNSIGNED NOT NULL AUTO_INCREMENT, AUTO_INCREMENT=7;

--
-- AUTO_INCREMENT for table `invoice_items`
--
ALTER TABLE `invoice_items`
  MODIFY `id` bigint UNSIGNED NOT NULL AUTO_INCREMENT, AUTO_INCREMENT=12;

--
-- AUTO_INCREMENT for table `jobs`
--
ALTER TABLE `jobs`
  MODIFY `id` bigint UNSIGNED NOT NULL AUTO_INCREMENT;

--
-- AUTO_INCREMENT for table `media`
--
ALTER TABLE `media`
  MODIFY `id` bigint UNSIGNED NOT NULL AUTO_INCREMENT, AUTO_INCREMENT=17;

--
-- AUTO_INCREMENT for table `migrations`
--
ALTER TABLE `migrations`
  MODIFY `id` int UNSIGNED NOT NULL AUTO_INCREMENT, AUTO_INCREMENT=120;

--
-- AUTO_INCREMENT for table `nominees`
--
ALTER TABLE `nominees`
  MODIFY `id` bigint UNSIGNED NOT NULL AUTO_INCREMENT, AUTO_INCREMENT=671;

--
-- AUTO_INCREMENT for table `nominee_categories`
--
ALTER TABLE `nominee_categories`
  MODIFY `id` bigint UNSIGNED NOT NULL AUTO_INCREMENT, AUTO_INCREMENT=101;

--
-- AUTO_INCREMENT for table `organization_invitations`
--
ALTER TABLE `organization_invitations`
  MODIFY `id` bigint UNSIGNED NOT NULL AUTO_INCREMENT;

--
-- AUTO_INCREMENT for table `pages`
--
ALTER TABLE `pages`
  MODIFY `id` bigint UNSIGNED NOT NULL AUTO_INCREMENT, AUTO_INCREMENT=17;

--
-- AUTO_INCREMENT for table `payment_accounts`
--
ALTER TABLE `payment_accounts`
  MODIFY `id` bigint UNSIGNED NOT NULL AUTO_INCREMENT, AUTO_INCREMENT=11;

--
-- AUTO_INCREMENT for table `payment_gateway_logs`
--
ALTER TABLE `payment_gateway_logs`
  MODIFY `id` bigint UNSIGNED NOT NULL AUTO_INCREMENT, AUTO_INCREMENT=6;

--
-- AUTO_INCREMENT for table `payment_gateway_settings`
--
ALTER TABLE `payment_gateway_settings`
  MODIFY `id` bigint UNSIGNED NOT NULL AUTO_INCREMENT, AUTO_INCREMENT=3;

--
-- AUTO_INCREMENT for table `payouts`
--
ALTER TABLE `payouts`
  MODIFY `id` bigint UNSIGNED NOT NULL AUTO_INCREMENT, AUTO_INCREMENT=5;

--
-- AUTO_INCREMENT for table `payout_items`
--
ALTER TABLE `payout_items`
  MODIFY `id` bigint UNSIGNED NOT NULL AUTO_INCREMENT, AUTO_INCREMENT=6;

--
-- AUTO_INCREMENT for table `permissions`
--
ALTER TABLE `permissions`
  MODIFY `id` bigint UNSIGNED NOT NULL AUTO_INCREMENT, AUTO_INCREMENT=49;

--
-- AUTO_INCREMENT for table `polls`
--
ALTER TABLE `polls`
  MODIFY `id` bigint UNSIGNED NOT NULL AUTO_INCREMENT, AUTO_INCREMENT=5;

--
-- AUTO_INCREMENT for table `poll_analytics`
--
ALTER TABLE `poll_analytics`
  MODIFY `id` bigint UNSIGNED NOT NULL AUTO_INCREMENT, AUTO_INCREMENT=4;

--
-- AUTO_INCREMENT for table `poll_options`
--
ALTER TABLE `poll_options`
  MODIFY `id` bigint UNSIGNED NOT NULL AUTO_INCREMENT, AUTO_INCREMENT=17;

--
-- AUTO_INCREMENT for table `poll_questions`
--
ALTER TABLE `poll_questions`
  MODIFY `id` bigint UNSIGNED NOT NULL AUTO_INCREMENT, AUTO_INCREMENT=3;

--
-- AUTO_INCREMENT for table `poll_responses`
--
ALTER TABLE `poll_responses`
  MODIFY `id` bigint UNSIGNED NOT NULL AUTO_INCREMENT;

--
-- AUTO_INCREMENT for table `poll_settings`
--
ALTER TABLE `poll_settings`
  MODIFY `id` bigint UNSIGNED NOT NULL AUTO_INCREMENT, AUTO_INCREMENT=7;

--
-- AUTO_INCREMENT for table `posts`
--
ALTER TABLE `posts`
  MODIFY `id` bigint UNSIGNED NOT NULL AUTO_INCREMENT, AUTO_INCREMENT=27;

--
-- AUTO_INCREMENT for table `post_categories`
--
ALTER TABLE `post_categories`
  MODIFY `id` bigint UNSIGNED NOT NULL AUTO_INCREMENT, AUTO_INCREMENT=12;

--
-- AUTO_INCREMENT for table `post_tag`
--
ALTER TABLE `post_tag`
  MODIFY `id` bigint UNSIGNED NOT NULL AUTO_INCREMENT, AUTO_INCREMENT=76;

--
-- AUTO_INCREMENT for table `promo_codes`
--
ALTER TABLE `promo_codes`
  MODIFY `id` bigint UNSIGNED NOT NULL AUTO_INCREMENT, AUTO_INCREMENT=9;

--
-- AUTO_INCREMENT for table `promo_code_usages`
--
ALTER TABLE `promo_code_usages`
  MODIFY `id` bigint UNSIGNED NOT NULL AUTO_INCREMENT;

--
-- AUTO_INCREMENT for table `refunds`
--
ALTER TABLE `refunds`
  MODIFY `id` bigint UNSIGNED NOT NULL AUTO_INCREMENT, AUTO_INCREMENT=5;

--
-- AUTO_INCREMENT for table `revenue_reports`
--
ALTER TABLE `revenue_reports`
  MODIFY `id` bigint UNSIGNED NOT NULL AUTO_INCREMENT, AUTO_INCREMENT=3;

--
-- AUTO_INCREMENT for table `roles`
--
ALTER TABLE `roles`
  MODIFY `id` bigint UNSIGNED NOT NULL AUTO_INCREMENT, AUTO_INCREMENT=8;

--
-- AUTO_INCREMENT for table `settings`
--
ALTER TABLE `settings`
  MODIFY `id` bigint UNSIGNED NOT NULL AUTO_INCREMENT, AUTO_INCREMENT=5;

--
-- AUTO_INCREMENT for table `sms_templates`
--
ALTER TABLE `sms_templates`
  MODIFY `id` bigint UNSIGNED NOT NULL AUTO_INCREMENT, AUTO_INCREMENT=22;

--
-- AUTO_INCREMENT for table `tags`
--
ALTER TABLE `tags`
  MODIFY `id` bigint UNSIGNED NOT NULL AUTO_INCREMENT, AUTO_INCREMENT=37;

--
-- AUTO_INCREMENT for table `tickets`
--
ALTER TABLE `tickets`
  MODIFY `id` bigint UNSIGNED NOT NULL AUTO_INCREMENT, AUTO_INCREMENT=19666;

--
-- AUTO_INCREMENT for table `ticket_check_ins`
--
ALTER TABLE `ticket_check_ins`
  MODIFY `id` bigint UNSIGNED NOT NULL AUTO_INCREMENT, AUTO_INCREMENT=363;

--
-- AUTO_INCREMENT for table `ticket_purchases`
--
ALTER TABLE `ticket_purchases`
  MODIFY `id` bigint UNSIGNED NOT NULL AUTO_INCREMENT, AUTO_INCREMENT=5253;

--
-- AUTO_INCREMENT for table `ticket_purchase_items`
--
ALTER TABLE `ticket_purchase_items`
  MODIFY `id` bigint UNSIGNED NOT NULL AUTO_INCREMENT, AUTO_INCREMENT=5257;

--
-- AUTO_INCREMENT for table `ticket_qr_codes`
--
ALTER TABLE `ticket_qr_codes`
  MODIFY `id` bigint UNSIGNED NOT NULL AUTO_INCREMENT;

--
-- AUTO_INCREMENT for table `ticket_refunds`
--
ALTER TABLE `ticket_refunds`
  MODIFY `id` bigint UNSIGNED NOT NULL AUTO_INCREMENT;

--
-- AUTO_INCREMENT for table `ticket_transfers`
--
ALTER TABLE `ticket_transfers`
  MODIFY `id` bigint UNSIGNED NOT NULL AUTO_INCREMENT;

--
-- AUTO_INCREMENT for table `ticket_types`
--
ALTER TABLE `ticket_types`
  MODIFY `id` bigint UNSIGNED NOT NULL AUTO_INCREMENT, AUTO_INCREMENT=170;

--
-- AUTO_INCREMENT for table `transactions`
--
ALTER TABLE `transactions`
  MODIFY `id` bigint UNSIGNED NOT NULL AUTO_INCREMENT, AUTO_INCREMENT=153;

--
-- AUTO_INCREMENT for table `two_factor_tokens`
--
ALTER TABLE `two_factor_tokens`
  MODIFY `id` bigint UNSIGNED NOT NULL AUTO_INCREMENT, AUTO_INCREMENT=5;

--
-- AUTO_INCREMENT for table `users`
--
ALTER TABLE `users`
  MODIFY `id` bigint UNSIGNED NOT NULL AUTO_INCREMENT, AUTO_INCREMENT=14;

--
-- AUTO_INCREMENT for table `votes`
--
ALTER TABLE `votes`
  MODIFY `id` bigint UNSIGNED NOT NULL AUTO_INCREMENT, AUTO_INCREMENT=355;

--
-- AUTO_INCREMENT for table `vote_bundles`
--
ALTER TABLE `vote_bundles`
  MODIFY `id` bigint UNSIGNED NOT NULL AUTO_INCREMENT, AUTO_INCREMENT=76;

--
-- AUTO_INCREMENT for table `vote_sessions`
--
ALTER TABLE `vote_sessions`
  MODIFY `id` bigint UNSIGNED NOT NULL AUTO_INCREMENT;

--
-- AUTO_INCREMENT for table `vote_statistics`
--
ALTER TABLE `vote_statistics`
  MODIFY `id` bigint UNSIGNED NOT NULL AUTO_INCREMENT, AUTO_INCREMENT=11;

--
-- AUTO_INCREMENT for table `vote_transactions`
--
ALTER TABLE `vote_transactions`
  MODIFY `id` bigint UNSIGNED NOT NULL AUTO_INCREMENT, AUTO_INCREMENT=1343;

--
-- AUTO_INCREMENT for table `voting_announcements`
--
ALTER TABLE `voting_announcements`
  MODIFY `id` bigint UNSIGNED NOT NULL AUTO_INCREMENT, AUTO_INCREMENT=3;

--
-- AUTO_INCREMENT for table `voting_audit_logs`
--
ALTER TABLE `voting_audit_logs`
  MODIFY `id` bigint UNSIGNED NOT NULL AUTO_INCREMENT, AUTO_INCREMENT=2;

--
-- AUTO_INCREMENT for table `voting_candidates`
--
ALTER TABLE `voting_candidates`
  MODIFY `id` bigint UNSIGNED NOT NULL AUTO_INCREMENT, AUTO_INCREMENT=441;

--
-- AUTO_INCREMENT for table `voting_categories`
--
ALTER TABLE `voting_categories`
  MODIFY `id` bigint UNSIGNED NOT NULL AUTO_INCREMENT, AUTO_INCREMENT=81;

--
-- AUTO_INCREMENT for table `voting_codes`
--
ALTER TABLE `voting_codes`
  MODIFY `id` bigint UNSIGNED NOT NULL AUTO_INCREMENT, AUTO_INCREMENT=25;

--
-- AUTO_INCREMENT for table `voting_delegates`
--
ALTER TABLE `voting_delegates`
  MODIFY `id` bigint UNSIGNED NOT NULL AUTO_INCREMENT;

--
-- AUTO_INCREMENT for table `voting_results`
--
ALTER TABLE `voting_results`
  MODIFY `id` bigint UNSIGNED NOT NULL AUTO_INCREMENT, AUTO_INCREMENT=5;

--
-- AUTO_INCREMENT for table `voting_settings`
--
ALTER TABLE `voting_settings`
  MODIFY `id` bigint UNSIGNED NOT NULL AUTO_INCREMENT, AUTO_INCREMENT=15;

--
-- Constraints for dumped tables
--

--
-- Constraints for table `activity_logs`
--
ALTER TABLE `activity_logs`
  ADD CONSTRAINT `activity_logs_client_id_foreign` FOREIGN KEY (`client_id`) REFERENCES `clients` (`id`) ON DELETE CASCADE,
  ADD CONSTRAINT `activity_logs_user_id_foreign` FOREIGN KEY (`user_id`) REFERENCES `users` (`id`) ON DELETE SET NULL;

--
-- Constraints for table `audit_trails`
--
ALTER TABLE `audit_trails`
  ADD CONSTRAINT `audit_trails_client_id_foreign` FOREIGN KEY (`client_id`) REFERENCES `clients` (`id`) ON DELETE CASCADE,
  ADD CONSTRAINT `audit_trails_user_id_foreign` FOREIGN KEY (`user_id`) REFERENCES `users` (`id`) ON DELETE SET NULL;

--
-- Constraints for table `client_balances`
--
ALTER TABLE `client_balances`
  ADD CONSTRAINT `client_balances_client_id_foreign` FOREIGN KEY (`client_id`) REFERENCES `clients` (`id`) ON DELETE CASCADE;

--
-- Constraints for table `comments`
--
ALTER TABLE `comments`
  ADD CONSTRAINT `comments_approved_by_foreign` FOREIGN KEY (`approved_by`) REFERENCES `users` (`id`) ON DELETE SET NULL,
  ADD CONSTRAINT `comments_client_id_foreign` FOREIGN KEY (`client_id`) REFERENCES `clients` (`id`) ON DELETE CASCADE,
  ADD CONSTRAINT `comments_parent_id_foreign` FOREIGN KEY (`parent_id`) REFERENCES `comments` (`id`) ON DELETE CASCADE,
  ADD CONSTRAINT `comments_post_id_foreign` FOREIGN KEY (`post_id`) REFERENCES `posts` (`id`) ON DELETE CASCADE,
  ADD CONSTRAINT `comments_user_id_foreign` FOREIGN KEY (`user_id`) REFERENCES `users` (`id`) ON DELETE SET NULL;

--
-- Constraints for table `commission_splits`
--
ALTER TABLE `commission_splits`
  ADD CONSTRAINT `commission_splits_client_id_foreign` FOREIGN KEY (`client_id`) REFERENCES `clients` (`id`) ON DELETE CASCADE,
  ADD CONSTRAINT `commission_splits_transaction_id_foreign` FOREIGN KEY (`transaction_id`) REFERENCES `transactions` (`id`) ON DELETE CASCADE;

--
-- Constraints for table `content_blocks`
--
ALTER TABLE `content_blocks`
  ADD CONSTRAINT `content_blocks_client_id_foreign` FOREIGN KEY (`client_id`) REFERENCES `clients` (`id`) ON DELETE CASCADE,
  ADD CONSTRAINT `content_blocks_event_id_foreign` FOREIGN KEY (`event_id`) REFERENCES `events` (`id`) ON DELETE SET NULL;

--
-- Constraints for table `email_templates`
--
ALTER TABLE `email_templates`
  ADD CONSTRAINT `email_templates_client_id_foreign` FOREIGN KEY (`client_id`) REFERENCES `clients` (`id`) ON DELETE SET NULL;

--
-- Constraints for table `events`
--
ALTER TABLE `events`
  ADD CONSTRAINT `events_category_id_foreign` FOREIGN KEY (`event_category_id`) REFERENCES `event_categories` (`id`) ON DELETE SET NULL,
  ADD CONSTRAINT `events_client_id_foreign` FOREIGN KEY (`client_id`) REFERENCES `clients` (`id`) ON DELETE CASCADE,
  ADD CONSTRAINT `events_created_by_foreign` FOREIGN KEY (`created_by`) REFERENCES `users` (`id`) ON DELETE SET NULL,
  ADD CONSTRAINT `events_organizer_id_foreign` FOREIGN KEY (`organizer_id`) REFERENCES `users` (`id`) ON DELETE SET NULL,
  ADD CONSTRAINT `events_venue_id_foreign` FOREIGN KEY (`venue_id`) REFERENCES `event_venues` (`id`) ON DELETE SET NULL;

--
-- Constraints for table `event_attendees`
--
ALTER TABLE `event_attendees`
  ADD CONSTRAINT `event_attendees_client_id_foreign` FOREIGN KEY (`client_id`) REFERENCES `clients` (`id`) ON DELETE CASCADE,
  ADD CONSTRAINT `event_attendees_event_id_foreign` FOREIGN KEY (`event_id`) REFERENCES `events` (`id`) ON DELETE CASCADE,
  ADD CONSTRAINT `event_attendees_registration_id_foreign` FOREIGN KEY (`registration_id`) REFERENCES `event_registrations` (`id`) ON DELETE SET NULL,
  ADD CONSTRAINT `event_attendees_user_id_foreign` FOREIGN KEY (`user_id`) REFERENCES `users` (`id`) ON DELETE SET NULL;

--
-- Constraints for table `event_categories`
--
ALTER TABLE `event_categories`
  ADD CONSTRAINT `event_categories_client_id_foreign` FOREIGN KEY (`client_id`) REFERENCES `clients` (`id`) ON DELETE CASCADE;

--
-- Constraints for table `event_documents`
--
ALTER TABLE `event_documents`
  ADD CONSTRAINT `event_documents_event_id_foreign` FOREIGN KEY (`event_id`) REFERENCES `events` (`id`) ON DELETE CASCADE;

--
-- Constraints for table `event_faqs`
--
ALTER TABLE `event_faqs`
  ADD CONSTRAINT `event_faqs_event_id_foreign` FOREIGN KEY (`event_id`) REFERENCES `events` (`id`) ON DELETE CASCADE;

--
-- Constraints for table `event_feedback`
--
ALTER TABLE `event_feedback`
  ADD CONSTRAINT `event_feedback_attendee_id_foreign` FOREIGN KEY (`attendee_id`) REFERENCES `event_attendees` (`id`) ON DELETE SET NULL,
  ADD CONSTRAINT `event_feedback_client_id_foreign` FOREIGN KEY (`client_id`) REFERENCES `clients` (`id`) ON DELETE CASCADE,
  ADD CONSTRAINT `event_feedback_event_id_foreign` FOREIGN KEY (`event_id`) REFERENCES `events` (`id`) ON DELETE CASCADE,
  ADD CONSTRAINT `event_feedback_user_id_foreign` FOREIGN KEY (`user_id`) REFERENCES `users` (`id`) ON DELETE SET NULL;

--
-- Constraints for table `event_galleries`
--
ALTER TABLE `event_galleries`
  ADD CONSTRAINT `event_galleries_event_id_foreign` FOREIGN KEY (`event_id`) REFERENCES `events` (`id`) ON DELETE CASCADE;

--
-- Constraints for table `event_judges`
--
ALTER TABLE `event_judges`
  ADD CONSTRAINT `event_judges_event_id_foreign` FOREIGN KEY (`event_id`) REFERENCES `events` (`id`) ON DELETE CASCADE,
  ADD CONSTRAINT `event_judges_user_id_foreign` FOREIGN KEY (`user_id`) REFERENCES `users` (`id`) ON DELETE SET NULL;

--
-- Constraints for table `event_managers`
--
ALTER TABLE `event_managers`
  ADD CONSTRAINT `event_managers_event_id_foreign` FOREIGN KEY (`event_id`) REFERENCES `events` (`id`) ON DELETE CASCADE,
  ADD CONSTRAINT `event_managers_user_id_foreign` FOREIGN KEY (`user_id`) REFERENCES `users` (`id`) ON DELETE CASCADE;

--
-- Constraints for table `event_media`
--
ALTER TABLE `event_media`
  ADD CONSTRAINT `event_media_event_id_foreign` FOREIGN KEY (`event_id`) REFERENCES `events` (`id`) ON DELETE CASCADE,
  ADD CONSTRAINT `event_media_uploaded_by_foreign` FOREIGN KEY (`uploaded_by`) REFERENCES `users` (`id`) ON DELETE SET NULL;

--
-- Constraints for table `event_notifications`
--
ALTER TABLE `event_notifications`
  ADD CONSTRAINT `event_notifications_client_id_foreign` FOREIGN KEY (`client_id`) REFERENCES `clients` (`id`) ON DELETE CASCADE,
  ADD CONSTRAINT `event_notifications_created_by_foreign` FOREIGN KEY (`created_by`) REFERENCES `users` (`id`) ON DELETE SET NULL,
  ADD CONSTRAINT `event_notifications_event_id_foreign` FOREIGN KEY (`event_id`) REFERENCES `events` (`id`) ON DELETE CASCADE;

--
-- Constraints for table `event_registrations`
--
ALTER TABLE `event_registrations`
  ADD CONSTRAINT `event_registrations_client_id_foreign` FOREIGN KEY (`client_id`) REFERENCES `clients` (`id`) ON DELETE CASCADE,
  ADD CONSTRAINT `event_registrations_event_id_foreign` FOREIGN KEY (`event_id`) REFERENCES `events` (`id`) ON DELETE CASCADE,
  ADD CONSTRAINT `event_registrations_user_id_foreign` FOREIGN KEY (`user_id`) REFERENCES `users` (`id`) ON DELETE SET NULL;

--
-- Constraints for table `event_schedules`
--
ALTER TABLE `event_schedules`
  ADD CONSTRAINT `event_schedules_event_id_foreign` FOREIGN KEY (`event_id`) REFERENCES `events` (`id`) ON DELETE CASCADE;

--
-- Constraints for table `event_settings`
--
ALTER TABLE `event_settings`
  ADD CONSTRAINT `event_settings_event_id_foreign` FOREIGN KEY (`event_id`) REFERENCES `events` (`id`) ON DELETE CASCADE;

--
-- Constraints for table `event_speakers`
--
ALTER TABLE `event_speakers`
  ADD CONSTRAINT `event_speakers_event_id_foreign` FOREIGN KEY (`event_id`) REFERENCES `events` (`id`) ON DELETE CASCADE,
  ADD CONSTRAINT `event_speakers_user_id_foreign` FOREIGN KEY (`user_id`) REFERENCES `users` (`id`) ON DELETE SET NULL;

--
-- Constraints for table `event_sponsors`
--
ALTER TABLE `event_sponsors`
  ADD CONSTRAINT `event_sponsors_event_id_foreign` FOREIGN KEY (`event_id`) REFERENCES `events` (`id`) ON DELETE CASCADE;

--
-- Constraints for table `event_venues`
--
ALTER TABLE `event_venues`
  ADD CONSTRAINT `event_venues_client_id_foreign` FOREIGN KEY (`client_id`) REFERENCES `clients` (`id`) ON DELETE CASCADE;

--
-- Constraints for table `invoices`
--
ALTER TABLE `invoices`
  ADD CONSTRAINT `invoices_client_id_foreign` FOREIGN KEY (`client_id`) REFERENCES `clients` (`id`) ON DELETE CASCADE,
  ADD CONSTRAINT `invoices_event_id_foreign` FOREIGN KEY (`event_id`) REFERENCES `events` (`id`) ON DELETE SET NULL,
  ADD CONSTRAINT `invoices_user_id_foreign` FOREIGN KEY (`user_id`) REFERENCES `users` (`id`) ON DELETE CASCADE;

--
-- Constraints for table `invoice_items`
--
ALTER TABLE `invoice_items`
  ADD CONSTRAINT `invoice_items_invoice_id_foreign` FOREIGN KEY (`invoice_id`) REFERENCES `invoices` (`id`) ON DELETE CASCADE;

--
-- Constraints for table `media`
--
ALTER TABLE `media`
  ADD CONSTRAINT `media_client_id_foreign` FOREIGN KEY (`client_id`) REFERENCES `clients` (`id`) ON DELETE CASCADE,
  ADD CONSTRAINT `media_event_id_foreign` FOREIGN KEY (`event_id`) REFERENCES `events` (`id`) ON DELETE SET NULL,
  ADD CONSTRAINT `media_uploader_id_foreign` FOREIGN KEY (`uploader_id`) REFERENCES `users` (`id`) ON DELETE CASCADE;

--
-- Constraints for table `model_has_permissions`
--
ALTER TABLE `model_has_permissions`
  ADD CONSTRAINT `model_has_permissions_permission_id_foreign` FOREIGN KEY (`permission_id`) REFERENCES `permissions` (`id`) ON DELETE CASCADE;

--
-- Constraints for table `model_has_roles`
--
ALTER TABLE `model_has_roles`
  ADD CONSTRAINT `model_has_roles_role_id_foreign` FOREIGN KEY (`role_id`) REFERENCES `roles` (`id`) ON DELETE CASCADE;

--
-- Constraints for table `nominees`
--
ALTER TABLE `nominees`
  ADD CONSTRAINT `nominees_category_id_foreign` FOREIGN KEY (`category_id`) REFERENCES `nominee_categories` (`id`) ON DELETE CASCADE,
  ADD CONSTRAINT `nominees_event_id_foreign` FOREIGN KEY (`event_id`) REFERENCES `events` (`id`) ON DELETE CASCADE,
  ADD CONSTRAINT `nominees_voting_candidate_id_foreign` FOREIGN KEY (`voting_candidate_id`) REFERENCES `voting_candidates` (`id`) ON DELETE SET NULL;

--
-- Constraints for table `nominee_categories`
--
ALTER TABLE `nominee_categories`
  ADD CONSTRAINT `nominee_categories_event_id_foreign` FOREIGN KEY (`event_id`) REFERENCES `events` (`id`) ON DELETE CASCADE,
  ADD CONSTRAINT `nominee_categories_voting_category_id_foreign` FOREIGN KEY (`voting_category_id`) REFERENCES `voting_categories` (`id`) ON DELETE SET NULL;

--
-- Constraints for table `organization_invitations`
--
ALTER TABLE `organization_invitations`
  ADD CONSTRAINT `organization_invitations_client_id_foreign` FOREIGN KEY (`client_id`) REFERENCES `clients` (`id`) ON DELETE CASCADE,
  ADD CONSTRAINT `organization_invitations_invited_by_foreign` FOREIGN KEY (`invited_by`) REFERENCES `users` (`id`) ON DELETE CASCADE;

--
-- Constraints for table `pages`
--
ALTER TABLE `pages`
  ADD CONSTRAINT `pages_author_id_foreign` FOREIGN KEY (`author_id`) REFERENCES `users` (`id`) ON DELETE CASCADE,
  ADD CONSTRAINT `pages_client_id_foreign` FOREIGN KEY (`client_id`) REFERENCES `clients` (`id`) ON DELETE CASCADE,
  ADD CONSTRAINT `pages_event_id_foreign` FOREIGN KEY (`event_id`) REFERENCES `events` (`id`) ON DELETE SET NULL,
  ADD CONSTRAINT `pages_parent_id_foreign` FOREIGN KEY (`parent_id`) REFERENCES `pages` (`id`) ON DELETE SET NULL;

--
-- Constraints for table `payment_accounts`
--
ALTER TABLE `payment_accounts`
  ADD CONSTRAINT `payment_accounts_client_id_foreign` FOREIGN KEY (`client_id`) REFERENCES `clients` (`id`) ON DELETE CASCADE,
  ADD CONSTRAINT `payment_accounts_verified_by_foreign` FOREIGN KEY (`verified_by`) REFERENCES `users` (`id`) ON DELETE SET NULL;

--
-- Constraints for table `payment_gateway_logs`
--
ALTER TABLE `payment_gateway_logs`
  ADD CONSTRAINT `payment_gateway_logs_payment_gateway_setting_id_foreign` FOREIGN KEY (`payment_gateway_setting_id`) REFERENCES `payment_gateway_settings` (`id`) ON DELETE CASCADE;

--
-- Constraints for table `payouts`
--
ALTER TABLE `payouts`
  ADD CONSTRAINT `payouts_account_id_foreign` FOREIGN KEY (`account_id`) REFERENCES `payment_accounts` (`id`) ON DELETE CASCADE,
  ADD CONSTRAINT `payouts_approved_by_foreign` FOREIGN KEY (`approved_by`) REFERENCES `users` (`id`) ON DELETE SET NULL,
  ADD CONSTRAINT `payouts_client_id_foreign` FOREIGN KEY (`client_id`) REFERENCES `clients` (`id`) ON DELETE CASCADE,
  ADD CONSTRAINT `payouts_processed_by_foreign` FOREIGN KEY (`processed_by`) REFERENCES `users` (`id`) ON DELETE SET NULL,
  ADD CONSTRAINT `payouts_requested_by_foreign` FOREIGN KEY (`requested_by`) REFERENCES `users` (`id`) ON DELETE CASCADE;

--
-- Constraints for table `payout_items`
--
ALTER TABLE `payout_items`
  ADD CONSTRAINT `payout_items_payout_id_foreign` FOREIGN KEY (`payout_id`) REFERENCES `payouts` (`id`) ON DELETE CASCADE,
  ADD CONSTRAINT `payout_items_transaction_id_foreign` FOREIGN KEY (`transaction_id`) REFERENCES `transactions` (`id`) ON DELETE CASCADE;

--
-- Constraints for table `polls`
--
ALTER TABLE `polls`
  ADD CONSTRAINT `polls_client_id_foreign` FOREIGN KEY (`client_id`) REFERENCES `clients` (`id`) ON DELETE CASCADE,
  ADD CONSTRAINT `polls_created_by_foreign` FOREIGN KEY (`created_by`) REFERENCES `users` (`id`) ON DELETE SET NULL,
  ADD CONSTRAINT `polls_event_id_foreign` FOREIGN KEY (`event_id`) REFERENCES `events` (`id`) ON DELETE CASCADE;

--
-- Constraints for table `poll_analytics`
--
ALTER TABLE `poll_analytics`
  ADD CONSTRAINT `poll_analytics_client_id_foreign` FOREIGN KEY (`client_id`) REFERENCES `clients` (`id`) ON DELETE CASCADE,
  ADD CONSTRAINT `poll_analytics_poll_id_foreign` FOREIGN KEY (`poll_id`) REFERENCES `polls` (`id`) ON DELETE CASCADE,
  ADD CONSTRAINT `poll_analytics_poll_option_id_foreign` FOREIGN KEY (`poll_option_id`) REFERENCES `poll_options` (`id`) ON DELETE CASCADE,
  ADD CONSTRAINT `poll_analytics_poll_question_id_foreign` FOREIGN KEY (`poll_question_id`) REFERENCES `poll_questions` (`id`) ON DELETE CASCADE;

--
-- Constraints for table `poll_options`
--
ALTER TABLE `poll_options`
  ADD CONSTRAINT `poll_options_poll_id_foreign` FOREIGN KEY (`poll_id`) REFERENCES `polls` (`id`) ON DELETE CASCADE;

--
-- Constraints for table `poll_questions`
--
ALTER TABLE `poll_questions`
  ADD CONSTRAINT `poll_questions_poll_id_foreign` FOREIGN KEY (`poll_id`) REFERENCES `polls` (`id`) ON DELETE CASCADE;

--
-- Constraints for table `poll_responses`
--
ALTER TABLE `poll_responses`
  ADD CONSTRAINT `poll_responses_poll_id_foreign` FOREIGN KEY (`poll_id`) REFERENCES `polls` (`id`) ON DELETE CASCADE,
  ADD CONSTRAINT `poll_responses_poll_option_id_foreign` FOREIGN KEY (`poll_option_id`) REFERENCES `poll_options` (`id`) ON DELETE CASCADE,
  ADD CONSTRAINT `poll_responses_user_id_foreign` FOREIGN KEY (`user_id`) REFERENCES `users` (`id`) ON DELETE SET NULL;

--
-- Constraints for table `poll_settings`
--
ALTER TABLE `poll_settings`
  ADD CONSTRAINT `poll_settings_client_id_foreign` FOREIGN KEY (`client_id`) REFERENCES `clients` (`id`) ON DELETE CASCADE,
  ADD CONSTRAINT `poll_settings_poll_id_foreign` FOREIGN KEY (`poll_id`) REFERENCES `polls` (`id`) ON DELETE CASCADE;

--
-- Constraints for table `posts`
--
ALTER TABLE `posts`
  ADD CONSTRAINT `posts_author_id_foreign` FOREIGN KEY (`author_id`) REFERENCES `users` (`id`) ON DELETE CASCADE,
  ADD CONSTRAINT `posts_category_id_foreign` FOREIGN KEY (`category_id`) REFERENCES `post_categories` (`id`) ON DELETE SET NULL,
  ADD CONSTRAINT `posts_client_id_foreign` FOREIGN KEY (`client_id`) REFERENCES `clients` (`id`) ON DELETE CASCADE,
  ADD CONSTRAINT `posts_event_id_foreign` FOREIGN KEY (`event_id`) REFERENCES `events` (`id`) ON DELETE SET NULL;

--
-- Constraints for table `post_categories`
--
ALTER TABLE `post_categories`
  ADD CONSTRAINT `post_categories_client_id_foreign` FOREIGN KEY (`client_id`) REFERENCES `clients` (`id`) ON DELETE CASCADE,
  ADD CONSTRAINT `post_categories_event_id_foreign` FOREIGN KEY (`event_id`) REFERENCES `events` (`id`) ON DELETE SET NULL,
  ADD CONSTRAINT `post_categories_parent_id_foreign` FOREIGN KEY (`parent_id`) REFERENCES `post_categories` (`id`) ON DELETE SET NULL;

--
-- Constraints for table `post_tag`
--
ALTER TABLE `post_tag`
  ADD CONSTRAINT `post_tag_post_id_foreign` FOREIGN KEY (`post_id`) REFERENCES `posts` (`id`) ON DELETE CASCADE,
  ADD CONSTRAINT `post_tag_tag_id_foreign` FOREIGN KEY (`tag_id`) REFERENCES `tags` (`id`) ON DELETE CASCADE;

--
-- Constraints for table `promo_codes`
--
ALTER TABLE `promo_codes`
  ADD CONSTRAINT `promo_codes_client_id_foreign` FOREIGN KEY (`client_id`) REFERENCES `clients` (`id`) ON DELETE CASCADE,
  ADD CONSTRAINT `promo_codes_created_by_foreign` FOREIGN KEY (`created_by`) REFERENCES `users` (`id`) ON DELETE SET NULL,
  ADD CONSTRAINT `promo_codes_event_id_foreign` FOREIGN KEY (`event_id`) REFERENCES `events` (`id`) ON DELETE CASCADE;

--
-- Constraints for table `promo_code_usages`
--
ALTER TABLE `promo_code_usages`
  ADD CONSTRAINT `promo_code_usages_promo_code_id_foreign` FOREIGN KEY (`promo_code_id`) REFERENCES `promo_codes` (`id`) ON DELETE CASCADE,
  ADD CONSTRAINT `promo_code_usages_purchase_id_foreign` FOREIGN KEY (`purchase_id`) REFERENCES `ticket_purchases` (`id`) ON DELETE CASCADE,
  ADD CONSTRAINT `promo_code_usages_user_id_foreign` FOREIGN KEY (`user_id`) REFERENCES `users` (`id`) ON DELETE SET NULL;

--
-- Constraints for table `refunds`
--
ALTER TABLE `refunds`
  ADD CONSTRAINT `refunds_approved_by_foreign` FOREIGN KEY (`approved_by`) REFERENCES `users` (`id`) ON DELETE SET NULL,
  ADD CONSTRAINT `refunds_client_id_foreign` FOREIGN KEY (`client_id`) REFERENCES `clients` (`id`) ON DELETE CASCADE,
  ADD CONSTRAINT `refunds_event_id_foreign` FOREIGN KEY (`event_id`) REFERENCES `events` (`id`) ON DELETE SET NULL,
  ADD CONSTRAINT `refunds_processed_by_foreign` FOREIGN KEY (`processed_by`) REFERENCES `users` (`id`) ON DELETE SET NULL,
  ADD CONSTRAINT `refunds_requested_by_foreign` FOREIGN KEY (`requested_by`) REFERENCES `users` (`id`) ON DELETE SET NULL,
  ADD CONSTRAINT `refunds_transaction_id_foreign` FOREIGN KEY (`transaction_id`) REFERENCES `transactions` (`id`) ON DELETE CASCADE;

--
-- Constraints for table `revenue_reports`
--
ALTER TABLE `revenue_reports`
  ADD CONSTRAINT `revenue_reports_client_id_foreign` FOREIGN KEY (`client_id`) REFERENCES `clients` (`id`) ON DELETE CASCADE,
  ADD CONSTRAINT `revenue_reports_top_event_id_foreign` FOREIGN KEY (`top_event_id`) REFERENCES `events` (`id`) ON DELETE SET NULL;

--
-- Constraints for table `role_has_permissions`
--
ALTER TABLE `role_has_permissions`
  ADD CONSTRAINT `role_has_permissions_permission_id_foreign` FOREIGN KEY (`permission_id`) REFERENCES `permissions` (`id`) ON DELETE CASCADE,
  ADD CONSTRAINT `role_has_permissions_role_id_foreign` FOREIGN KEY (`role_id`) REFERENCES `roles` (`id`) ON DELETE CASCADE;

--
-- Constraints for table `settings`
--
ALTER TABLE `settings`
  ADD CONSTRAINT `settings_client_id_foreign` FOREIGN KEY (`client_id`) REFERENCES `clients` (`id`) ON DELETE CASCADE;

--
-- Constraints for table `sms_templates`
--
ALTER TABLE `sms_templates`
  ADD CONSTRAINT `sms_templates_client_id_foreign` FOREIGN KEY (`client_id`) REFERENCES `clients` (`id`) ON DELETE SET NULL;

--
-- Constraints for table `tags`
--
ALTER TABLE `tags`
  ADD CONSTRAINT `tags_client_id_foreign` FOREIGN KEY (`client_id`) REFERENCES `clients` (`id`) ON DELETE CASCADE;

--
-- Constraints for table `tickets`
--
ALTER TABLE `tickets`
  ADD CONSTRAINT `tickets_client_id_foreign` FOREIGN KEY (`client_id`) REFERENCES `clients` (`id`) ON DELETE CASCADE,
  ADD CONSTRAINT `tickets_event_id_foreign` FOREIGN KEY (`event_id`) REFERENCES `events` (`id`) ON DELETE CASCADE,
  ADD CONSTRAINT `tickets_purchase_id_foreign` FOREIGN KEY (`purchase_id`) REFERENCES `ticket_purchases` (`id`) ON DELETE CASCADE,
  ADD CONSTRAINT `tickets_purchase_item_id_foreign` FOREIGN KEY (`purchase_item_id`) REFERENCES `ticket_purchase_items` (`id`) ON DELETE CASCADE,
  ADD CONSTRAINT `tickets_ticket_type_id_foreign` FOREIGN KEY (`ticket_type_id`) REFERENCES `ticket_types` (`id`) ON DELETE CASCADE,
  ADD CONSTRAINT `tickets_transferred_from_id_foreign` FOREIGN KEY (`transferred_from_id`) REFERENCES `tickets` (`id`) ON DELETE SET NULL;

--
-- Constraints for table `ticket_check_ins`
--
ALTER TABLE `ticket_check_ins`
  ADD CONSTRAINT `ticket_check_ins_checked_in_by_foreign` FOREIGN KEY (`checked_in_by`) REFERENCES `users` (`id`) ON DELETE CASCADE,
  ADD CONSTRAINT `ticket_check_ins_client_id_foreign` FOREIGN KEY (`client_id`) REFERENCES `clients` (`id`) ON DELETE CASCADE,
  ADD CONSTRAINT `ticket_check_ins_event_id_foreign` FOREIGN KEY (`event_id`) REFERENCES `events` (`id`) ON DELETE CASCADE,
  ADD CONSTRAINT `ticket_check_ins_ticket_id_foreign` FOREIGN KEY (`ticket_id`) REFERENCES `tickets` (`id`) ON DELETE CASCADE;

--
-- Constraints for table `ticket_purchases`
--
ALTER TABLE `ticket_purchases`
  ADD CONSTRAINT `ticket_purchases_client_id_foreign` FOREIGN KEY (`client_id`) REFERENCES `clients` (`id`) ON DELETE CASCADE,
  ADD CONSTRAINT `ticket_purchases_event_id_foreign` FOREIGN KEY (`event_id`) REFERENCES `events` (`id`) ON DELETE CASCADE,
  ADD CONSTRAINT `ticket_purchases_promo_code_id_foreign` FOREIGN KEY (`promo_code_id`) REFERENCES `promo_codes` (`id`) ON DELETE SET NULL,
  ADD CONSTRAINT `ticket_purchases_user_id_foreign` FOREIGN KEY (`user_id`) REFERENCES `users` (`id`) ON DELETE SET NULL;

--
-- Constraints for table `ticket_purchase_items`
--
ALTER TABLE `ticket_purchase_items`
  ADD CONSTRAINT `ticket_purchase_items_purchase_id_foreign` FOREIGN KEY (`purchase_id`) REFERENCES `ticket_purchases` (`id`) ON DELETE CASCADE,
  ADD CONSTRAINT `ticket_purchase_items_ticket_type_id_foreign` FOREIGN KEY (`ticket_type_id`) REFERENCES `ticket_types` (`id`) ON DELETE CASCADE;

--
-- Constraints for table `ticket_qr_codes`
--
ALTER TABLE `ticket_qr_codes`
  ADD CONSTRAINT `ticket_qr_codes_client_id_foreign` FOREIGN KEY (`client_id`) REFERENCES `clients` (`id`) ON DELETE CASCADE,
  ADD CONSTRAINT `ticket_qr_codes_event_id_foreign` FOREIGN KEY (`event_id`) REFERENCES `events` (`id`) ON DELETE CASCADE,
  ADD CONSTRAINT `ticket_qr_codes_ticket_id_foreign` FOREIGN KEY (`ticket_id`) REFERENCES `tickets` (`id`) ON DELETE CASCADE;

--
-- Constraints for table `ticket_refunds`
--
ALTER TABLE `ticket_refunds`
  ADD CONSTRAINT `ticket_refunds_approved_by_foreign` FOREIGN KEY (`approved_by`) REFERENCES `users` (`id`) ON DELETE SET NULL,
  ADD CONSTRAINT `ticket_refunds_client_id_foreign` FOREIGN KEY (`client_id`) REFERENCES `clients` (`id`) ON DELETE CASCADE,
  ADD CONSTRAINT `ticket_refunds_event_id_foreign` FOREIGN KEY (`event_id`) REFERENCES `events` (`id`) ON DELETE CASCADE,
  ADD CONSTRAINT `ticket_refunds_processed_by_foreign` FOREIGN KEY (`processed_by`) REFERENCES `users` (`id`) ON DELETE SET NULL,
  ADD CONSTRAINT `ticket_refunds_purchase_id_foreign` FOREIGN KEY (`purchase_id`) REFERENCES `ticket_purchases` (`id`) ON DELETE CASCADE,
  ADD CONSTRAINT `ticket_refunds_requested_by_foreign` FOREIGN KEY (`requested_by`) REFERENCES `users` (`id`) ON DELETE SET NULL,
  ADD CONSTRAINT `ticket_refunds_ticket_id_foreign` FOREIGN KEY (`ticket_id`) REFERENCES `tickets` (`id`) ON DELETE SET NULL;

--
-- Constraints for table `ticket_transfers`
--
ALTER TABLE `ticket_transfers`
  ADD CONSTRAINT `ticket_transfers_from_user_id_foreign` FOREIGN KEY (`from_user_id`) REFERENCES `users` (`id`) ON DELETE SET NULL,
  ADD CONSTRAINT `ticket_transfers_ticket_id_foreign` FOREIGN KEY (`ticket_id`) REFERENCES `tickets` (`id`) ON DELETE CASCADE,
  ADD CONSTRAINT `ticket_transfers_to_user_id_foreign` FOREIGN KEY (`to_user_id`) REFERENCES `users` (`id`) ON DELETE SET NULL;

--
-- Constraints for table `ticket_types`
--
ALTER TABLE `ticket_types`
  ADD CONSTRAINT `ticket_types_client_id_foreign` FOREIGN KEY (`client_id`) REFERENCES `clients` (`id`) ON DELETE CASCADE,
  ADD CONSTRAINT `ticket_types_event_id_foreign` FOREIGN KEY (`event_id`) REFERENCES `events` (`id`) ON DELETE CASCADE;

--
-- Constraints for table `transactions`
--
ALTER TABLE `transactions`
  ADD CONSTRAINT `transactions_client_id_foreign` FOREIGN KEY (`client_id`) REFERENCES `clients` (`id`) ON DELETE CASCADE,
  ADD CONSTRAINT `transactions_event_id_foreign` FOREIGN KEY (`event_id`) REFERENCES `events` (`id`) ON DELETE SET NULL,
  ADD CONSTRAINT `transactions_user_id_foreign` FOREIGN KEY (`user_id`) REFERENCES `users` (`id`) ON DELETE SET NULL;

--
-- Constraints for table `two_factor_tokens`
--
ALTER TABLE `two_factor_tokens`
  ADD CONSTRAINT `two_factor_tokens_user_id_foreign` FOREIGN KEY (`user_id`) REFERENCES `users` (`id`) ON DELETE CASCADE;

--
-- Constraints for table `users`
--
ALTER TABLE `users`
  ADD CONSTRAINT `users_client_id_foreign` FOREIGN KEY (`client_id`) REFERENCES `clients` (`id`) ON DELETE CASCADE,
  ADD CONSTRAINT `users_invited_by_foreign` FOREIGN KEY (`invited_by`) REFERENCES `users` (`id`) ON DELETE SET NULL;

--
-- Constraints for table `votes`
--
ALTER TABLE `votes`
  ADD CONSTRAINT `votes_category_id_foreign` FOREIGN KEY (`category_id`) REFERENCES `nominee_categories` (`id`) ON DELETE CASCADE,
  ADD CONSTRAINT `votes_client_id_foreign` FOREIGN KEY (`client_id`) REFERENCES `clients` (`id`) ON DELETE CASCADE,
  ADD CONSTRAINT `votes_event_id_foreign` FOREIGN KEY (`event_id`) REFERENCES `events` (`id`) ON DELETE CASCADE,
  ADD CONSTRAINT `votes_nominee_id_foreign` FOREIGN KEY (`nominee_id`) REFERENCES `nominees` (`id`) ON DELETE CASCADE,
  ADD CONSTRAINT `votes_transaction_id_foreign` FOREIGN KEY (`transaction_id`) REFERENCES `vote_transactions` (`id`) ON DELETE CASCADE,
  ADD CONSTRAINT `votes_voter_id_foreign` FOREIGN KEY (`voter_id`) REFERENCES `users` (`id`) ON DELETE SET NULL;

--
-- Constraints for table `vote_bundles`
--
ALTER TABLE `vote_bundles`
  ADD CONSTRAINT `vote_bundles_client_id_foreign` FOREIGN KEY (`client_id`) REFERENCES `clients` (`id`) ON DELETE CASCADE,
  ADD CONSTRAINT `vote_bundles_event_id_foreign` FOREIGN KEY (`event_id`) REFERENCES `events` (`id`) ON DELETE CASCADE;

--
-- Constraints for table `vote_sessions`
--
ALTER TABLE `vote_sessions`
  ADD CONSTRAINT `vote_sessions_client_id_foreign` FOREIGN KEY (`client_id`) REFERENCES `clients` (`id`) ON DELETE CASCADE,
  ADD CONSTRAINT `vote_sessions_event_id_foreign` FOREIGN KEY (`event_id`) REFERENCES `events` (`id`) ON DELETE CASCADE,
  ADD CONSTRAINT `vote_sessions_voter_id_foreign` FOREIGN KEY (`voter_id`) REFERENCES `users` (`id`) ON DELETE SET NULL;

--
-- Constraints for table `vote_statistics`
--
ALTER TABLE `vote_statistics`
  ADD CONSTRAINT `vote_statistics_category_id_foreign` FOREIGN KEY (`category_id`) REFERENCES `nominee_categories` (`id`) ON DELETE CASCADE,
  ADD CONSTRAINT `vote_statistics_client_id_foreign` FOREIGN KEY (`client_id`) REFERENCES `clients` (`id`) ON DELETE CASCADE,
  ADD CONSTRAINT `vote_statistics_event_id_foreign` FOREIGN KEY (`event_id`) REFERENCES `events` (`id`) ON DELETE CASCADE,
  ADD CONSTRAINT `vote_statistics_nominee_id_foreign` FOREIGN KEY (`nominee_id`) REFERENCES `nominees` (`id`) ON DELETE CASCADE;

--
-- Constraints for table `vote_transactions`
--
ALTER TABLE `vote_transactions`
  ADD CONSTRAINT `vote_transactions_bundle_id_foreign` FOREIGN KEY (`bundle_id`) REFERENCES `vote_bundles` (`id`) ON DELETE SET NULL,
  ADD CONSTRAINT `vote_transactions_client_id_foreign` FOREIGN KEY (`client_id`) REFERENCES `clients` (`id`) ON DELETE CASCADE,
  ADD CONSTRAINT `vote_transactions_event_id_foreign` FOREIGN KEY (`event_id`) REFERENCES `events` (`id`) ON DELETE CASCADE,
  ADD CONSTRAINT `vote_transactions_nominee_id_foreign` FOREIGN KEY (`nominee_id`) REFERENCES `nominees` (`id`) ON DELETE CASCADE,
  ADD CONSTRAINT `vote_transactions_voter_id_foreign` FOREIGN KEY (`voter_id`) REFERENCES `users` (`id`) ON DELETE SET NULL;

--
-- Constraints for table `voting_announcements`
--
ALTER TABLE `voting_announcements`
  ADD CONSTRAINT `voting_announcements_client_id_foreign` FOREIGN KEY (`client_id`) REFERENCES `clients` (`id`) ON DELETE CASCADE,
  ADD CONSTRAINT `voting_announcements_created_by_foreign` FOREIGN KEY (`created_by`) REFERENCES `users` (`id`) ON DELETE SET NULL,
  ADD CONSTRAINT `voting_announcements_event_id_foreign` FOREIGN KEY (`event_id`) REFERENCES `events` (`id`) ON DELETE CASCADE,
  ADD CONSTRAINT `voting_announcements_voting_category_id_foreign` FOREIGN KEY (`voting_category_id`) REFERENCES `voting_categories` (`id`) ON DELETE CASCADE;

--
-- Constraints for table `voting_audit_logs`
--
ALTER TABLE `voting_audit_logs`
  ADD CONSTRAINT `voting_audit_logs_candidate_id_foreign` FOREIGN KEY (`candidate_id`) REFERENCES `voting_candidates` (`id`) ON DELETE SET NULL,
  ADD CONSTRAINT `voting_audit_logs_client_id_foreign` FOREIGN KEY (`client_id`) REFERENCES `clients` (`id`) ON DELETE CASCADE,
  ADD CONSTRAINT `voting_audit_logs_event_id_foreign` FOREIGN KEY (`event_id`) REFERENCES `events` (`id`) ON DELETE SET NULL,
  ADD CONSTRAINT `voting_audit_logs_user_id_foreign` FOREIGN KEY (`user_id`) REFERENCES `users` (`id`) ON DELETE SET NULL,
  ADD CONSTRAINT `voting_audit_logs_voting_category_id_foreign` FOREIGN KEY (`voting_category_id`) REFERENCES `voting_categories` (`id`) ON DELETE SET NULL;

--
-- Constraints for table `voting_candidates`
--
ALTER TABLE `voting_candidates`
  ADD CONSTRAINT `voting_candidates_client_id_foreign` FOREIGN KEY (`client_id`) REFERENCES `clients` (`id`) ON DELETE CASCADE,
  ADD CONSTRAINT `voting_candidates_user_id_foreign` FOREIGN KEY (`user_id`) REFERENCES `users` (`id`) ON DELETE SET NULL,
  ADD CONSTRAINT `voting_candidates_voting_category_id_foreign` FOREIGN KEY (`voting_category_id`) REFERENCES `voting_categories` (`id`) ON DELETE CASCADE;

--
-- Constraints for table `voting_categories`
--
ALTER TABLE `voting_categories`
  ADD CONSTRAINT `voting_categories_client_id_foreign` FOREIGN KEY (`client_id`) REFERENCES `clients` (`id`) ON DELETE CASCADE,
  ADD CONSTRAINT `voting_categories_event_id_foreign` FOREIGN KEY (`event_id`) REFERENCES `events` (`id`) ON DELETE CASCADE;

--
-- Constraints for table `voting_codes`
--
ALTER TABLE `voting_codes`
  ADD CONSTRAINT `voting_codes_client_id_foreign` FOREIGN KEY (`client_id`) REFERENCES `clients` (`id`) ON DELETE CASCADE,
  ADD CONSTRAINT `voting_codes_event_id_foreign` FOREIGN KEY (`event_id`) REFERENCES `events` (`id`) ON DELETE CASCADE,
  ADD CONSTRAINT `voting_codes_nominee_id_foreign` FOREIGN KEY (`nominee_id`) REFERENCES `nominees` (`id`) ON DELETE CASCADE;

--
-- Constraints for table `voting_delegates`
--
ALTER TABLE `voting_delegates`
  ADD CONSTRAINT `voting_delegates_client_id_foreign` FOREIGN KEY (`client_id`) REFERENCES `clients` (`id`) ON DELETE CASCADE,
  ADD CONSTRAINT `voting_delegates_delegate_id_foreign` FOREIGN KEY (`delegate_id`) REFERENCES `users` (`id`) ON DELETE CASCADE,
  ADD CONSTRAINT `voting_delegates_delegator_id_foreign` FOREIGN KEY (`delegator_id`) REFERENCES `users` (`id`) ON DELETE CASCADE,
  ADD CONSTRAINT `voting_delegates_event_id_foreign` FOREIGN KEY (`event_id`) REFERENCES `events` (`id`) ON DELETE CASCADE,
  ADD CONSTRAINT `voting_delegates_voting_category_id_foreign` FOREIGN KEY (`voting_category_id`) REFERENCES `voting_categories` (`id`) ON DELETE CASCADE;

--
-- Constraints for table `voting_results`
--
ALTER TABLE `voting_results`
  ADD CONSTRAINT `voting_results_candidate_id_foreign` FOREIGN KEY (`candidate_id`) REFERENCES `voting_candidates` (`id`) ON DELETE CASCADE,
  ADD CONSTRAINT `voting_results_client_id_foreign` FOREIGN KEY (`client_id`) REFERENCES `clients` (`id`) ON DELETE CASCADE,
  ADD CONSTRAINT `voting_results_event_id_foreign` FOREIGN KEY (`event_id`) REFERENCES `events` (`id`) ON DELETE CASCADE,
  ADD CONSTRAINT `voting_results_voting_category_id_foreign` FOREIGN KEY (`voting_category_id`) REFERENCES `voting_categories` (`id`) ON DELETE CASCADE;

--
-- Constraints for table `voting_settings`
--
ALTER TABLE `voting_settings`
  ADD CONSTRAINT `voting_settings_client_id_foreign` FOREIGN KEY (`client_id`) REFERENCES `clients` (`id`) ON DELETE CASCADE,
  ADD CONSTRAINT `voting_settings_event_id_foreign` FOREIGN KEY (`event_id`) REFERENCES `events` (`id`) ON DELETE CASCADE,
  ADD CONSTRAINT `voting_settings_voting_category_id_foreign` FOREIGN KEY (`voting_category_id`) REFERENCES `voting_categories` (`id`) ON DELETE CASCADE;
COMMIT;

/*!40101 SET CHARACTER_SET_CLIENT=@OLD_CHARACTER_SET_CLIENT */;
/*!40101 SET CHARACTER_SET_RESULTS=@OLD_CHARACTER_SET_RESULTS */;
/*!40101 SET COLLATION_CONNECTION=@OLD_COLLATION_CONNECTION */;
